book,chapter,verse,word,start,end
3,1,1,1,0.519,1.139
3,1,1,2,1.159,1.279
3,1,1,3,1.360,1.759
3,1,1,4,1.860,2.539
3,1,1,5,2.579,2.759
3,1,1,6,3.159,3.599
3,1,1,7,3.659,4.199
3,1,1,8,4.239,4.699
3,1,1,9,4.719,5.579
3,1,7,1,0.459,1.139
3,1,7,2,1.220,1.539
3,1,7,3,1.579,2.059
3,1,7,4,2.119,2.839
3,1,7,5,2.879,3.240
3,1,7,6,3.299,3.399
3,1,7,7,3.439,4.339
3,1,7,8,5.259,5.859
3,1,7,9,5.980,6.559
3,1,7,10,6.639,6.739
3,1,7,11,6.799,7.719
3,1,13,1,0.379,1.279
3,1,13,2,1.659,2.799
3,1,13,3,2.839,3.299
3,1,13,4,3.359,4.039
3,1,13,5,4.539,5.159
3,1,13,6,5.199,5.719
3,1,13,7,5.759,5.900
3,1,13,8,5.920,6.399
3,1,13,9,6.960,7.579
3,1,13,10,7.619,8.619
3,1,13,11,9.139,9.819
3,1,13,12,9.840,10.100
3,1,13,13,10.460,11.099
3,1,13,14,11.460,11.939
3,1,13,15,12.019,12.419
3,1,13,16,12.779,13.420
3,1,14,1,0.140,0.659
3,1,14,2,0.680,0.859
3,1,14,3,0.919,1.439
3,1,14,4,1.519,1.939
3,1,14,5,2.059,2.599
3,1,14,6,2.700,3.939
3,1,14,7,4.039,4.739
3,1,14,8,4.819,4.960
3,1,14,9,5.039,5.879
3,1,14,10,6.619,6.839
3,1,14,11,6.940,7.139
3,1,14,12,7.219,7.539
3,1,14,13,7.559,8.300
3,1,14,14,8.359,8.519
3,1,14,15,8.599,9.419
3,1,17,1,0.239,1.159
3,1,17,2,1.179,1.480
3,1,17,3,1.539,2.319
3,1,17,4,2.879,3.079
3,1,17,5,3.179,3.779
3,1,17,6,4.360,5.000
3,1,17,7,5.019,5.400
3,1,17,8,5.440,6.019
3,1,17,9,6.059,6.899
3,1,17,10,7.699,7.839
3,1,17,11,7.919,8.559
3,1,17,12,8.599,8.979
3,1,17,13,9.059,9.159
3,1,17,14,9.199,9.760
3,1,17,15,10.139,10.699
3,1,17,16,10.720,10.920
3,1,17,17,11.319,11.800
3,1,17,18,11.960,12.439
3,1,17,19,12.619,13.219
3,1,17,20,13.340,14.319
3,6,1,1,0.280,1.019
3,6,1,2,1.059,1.259
3,6,1,3,1.419,1.819
3,6,1,4,1.860,2.200
3,6,1,5,2.279,3.019
27,1,1,1,0.119,0.759
27,1,1,2,0.799,1.439
27,1,1,3,1.719,2.099
27,1,1,4,2.180,2.359
27,1,1,5,2.419,2.839
27,1,1,6,2.980,3.599
27,1,1,7,3.639,4.199
27,1,1,8,5.039,5.779
27,1,1,9,5.819,6.599
27,1,1,10,6.679,6.839
27,1,1,11,6.899,7.359
27,1,1,12,7.960,8.739
27,1,1,13,8.800,9.380
27,1,1,14,9.460,9.599
27,1,1,15,9.619,10.319
27,1,2,1,0.140,0.359
27,1,2,2,0.419,0.620
27,1,2,3,0.719,1.379
27,1,2,4,1.399,1.719
27,1,2,5,2.059,2.720
27,1,2,6,3.299,4.279
27,1,2,7,4.420,5.159
27,1,2,8,5.319,5.859
27,1,2,9,6.139,6.900
27,1,3,1,0.159,0.819
27,1,3,2,0.979,1.500
27,1,3,3,1.519,2.099
27,1,3,4,2.259,2.419
27,1,3,5,2.559,3.039
27,1,3,6,3.099,3.679
27,1,3,7,4.239,4.639
27,1,3,8,4.779,5.380
27,1,3,9,5.500,6.079
27,1,3,10,6.179,6.920
27,1,3,11,7.419,8.300
27,1,3,12,8.599,8.800
27,1,3,13,8.920,9.599
27,1,3,14,10.199,10.659
27,1,3,15,10.840,11.259
27,1,3,16,11.340,11.999
27,1,3,17,12.359,13.339
27,1,4,1,0.159,0.340
27,1,4,2,0.439,0.759
27,1,4,3,0.839,1.620
27,1,4,4,2.279,2.480
27,1,4,5,2.539,2.700
27,1,4,6,2.819,3.519
27,1,4,7,3.679,4.099
27,1,4,8,4.259,5.219
27,1,4,9,5.619,6.179
27,1,5,1,0.159,0.419
27,1,5,2,0.519,1.059
27,1,5,3,1.139,1.379
27,1,5,4,1.439,2.240
27,1,5,5,2.319,2.960
27,1,5,6,3.059,3.879
27,1,5,7,4.639,5.759
27,1,5,8,5.799,6.420
27,1,5,9,6.500,7.380
27,1,6,1,0.119,0.399
27,1,6,2,0.419,1.299
27,1,6,3,1.319,1.339
27,1,6,4,2.200,2.659
27,1,6,5,2.779,3.419
27,1,6,6,4.139,4.900
27,1,6,7,5.019,5.719
27,1,6,8,6.099,6.780
27,2,1,1,0.340,0.839
27,2,1,2,0.899,1.459
27,2,1,3,1.579,2.000
27,2,1,4,2.720,3.599
27,2,1,5,3.639,4.159
27,2,1,6,4.259,4.760
27,2,2,1,0.319,1.299
27,2,2,2,1.459,1.939
27,2,2,3,2.019,2.480
27,2,2,4,3.220,4.099
27,2,2,5,4.219,4.839
27,2,2,6,4.900,5.459
27,2,2,7,6.000,6.319
27,2,2,8,6.480,7.159
27,2,2,9,7.179,7.639
27,2,2,10,7.739,8.459
27,2,3,1,0.119,1.100
27,2,3,2,1.240,1.519
27,2,3,3,1.599,2.619
27,2,3,4,3.259,4.420
27,2,3,5,4.480,5.339
27,2,3,6,5.719,6.599
27,2,4,1,0.340,1.000
27,2,4,2,1.079,2.019
27,2,4,3,2.099,2.659
27,2,4,4,3.319,4.099
27,2,4,5,4.139,4.799
27,2,4,6,4.839,5.579
27,2,5,1,0.239,0.719
27,2,5,2,0.759,1.480
27,2,5,3,1.639,2.220
27,2,5,4,2.299,2.939
27,2,5,5,3.439,4.519
27,2,5,6,4.920,6.179
27,2,6,1,0.119,0.819
27,2,6,2,0.859,1.679
27,2,6,3,1.819,2.359
27,2,6,4,2.759,3.019
27,2,6,5,3.159,3.819
27,2,6,6,3.959,4.219
27,2,6,7,4.259,4.879
27,2,7,1,0.239,1.339
27,2,7,2,1.360,1.559
27,2,7,3,1.679,1.959
27,2,7,4,2.720,3.039
27,2,7,5,3.679,4.179
27,2,7,6,4.239,4.779
27,2,7,7,4.799,5.900
27,2,7,8,5.980,6.440
27,2,7,9,7.079,7.599
27,2,7,10,7.980,8.699
27,2,7,11,9.159,10.359
27,2,8,1,0.219,0.799
27,2,8,2,0.919,1.759
27,2,8,3,2.200,3.079
27,2,8,4,3.179,3.720
27,2,8,5,3.819,4.719
27,2,8,6,5.440,7.000
27,2,8,7,7.059,7.579
27,2,8,8,7.619,8.279
27,2,9,1,0.140,0.719
27,2,9,2,0.819,1.559
27,2,9,3,1.579,2.180
27,2,9,4,2.839,3.379
27,2,9,5,3.419,4.119
27,2,9,6,4.440,5.579
27,2,10,1,0.280,0.919
27,2,10,2,1.000,1.659
27,2,10,3,1.699,2.399
27,2,10,4,3.019,3.859
27,2,10,5,4.219,4.719
27,2,10,6,4.960,5.579
27,2,11,1,0.199,0.779
27,2,11,2,0.879,1.100
27,2,11,3,1.120,1.679
27,2,11,4,1.799,2.539
27,2,11,5,3.220,4.019
27,2,11,6,4.079,5.059
27,2,12,1,0.399,1.139
27,2,12,2,1.159,1.639
27,2,12,3,1.819,2.099
27,2,12,4,2.159,2.839
27,2,12,5,3.279,4.299
27,2,12,6,4.360,4.880
27,2,12,7,5.480,5.659
27,2,12,8,5.699,6.359
27,2,12,9,6.480,7.059
27,2,12,10,7.119,7.639
27,2,12,11,8.239,8.939
27,2,12,12,9.300,9.539
27,2,12,13,9.699,10.179
27,2,12,14,10.279,10.680
27,3,1,1,0.259,0.879
27,3,1,2,0.959,2.059
27,3,1,3,2.099,2.839
27,3,1,4,2.879,3.599
27,3,1,5,3.639,4.199
27,3,1,6,4.299,4.799
27,3,2,1,0.140,0.519
27,3,2,2,1.279,1.500
27,3,2,3,1.620,2.039
27,3,2,4,2.139,2.700
27,3,2,5,3.319,3.919
27,3,2,6,4.039,4.420
27,3,2,7,4.519,5.219
27,3,3,1,0.199,0.740
27,3,3,2,0.899,1.459
27,3,3,3,1.539,2.279
27,3,3,4,2.859,3.259
27,3,3,5,3.379,4.339
27,3,3,6,4.380,4.639
27,3,3,7,5.159,6.019
27,3,3,8,6.039,6.519
27,3,4,1,0.239,1.199
27,3,4,2,1.220,1.919
27,3,4,3,2.099,2.500
27,3,4,4,2.619,3.139
27,3,4,5,3.699,4.599
27,3,4,6,4.659,5.239
27,3,4,7,5.339,6.059
27,3,5,1,0.239,0.759
27,3,5,2,0.919,1.100
27,3,5,3,1.220,1.500
27,3,5,4,2.000,2.480
27,3,5,5,3.079,4.339
27,3,5,6,4.400,4.779
27,3,5,7,4.880,5.500
27,3,5,8,5.519,6.239
27,3,6,1,0.199,0.740
27,3,6,2,0.779,1.559
27,3,6,3,1.620,2.759
27,3,6,4,2.799,3.679
27,3,6,5,4.279,4.519
27,3,6,6,4.719,5.079
27,3,6,7,5.759,6.899
27,3,7,1,0.280,0.639
27,3,7,2,0.719,1.159
27,3,7,3,1.299,2.039
27,3,7,4,2.119,2.399
27,3,7,5,3.359,3.799
27,3,7,6,3.939,4.460
27,3,7,7,4.599,5.159
27,3,7,8,5.239,5.960
27,3,8,1,0.179,0.699
27,3,8,2,0.819,1.739
27,3,8,3,1.740,2.480
27,3,8,4,3.039,4.119
27,3,8,5,4.159,4.299
27,3,8,6,4.339,5.039
27,3,8,7,5.400,5.679
27,3,8,8,5.719,6.119
27,3,8,9,6.159,6.779
27,3,8,10,6.899,7.339
27,3,8,11,8.960,9.599
27,3,8,12,9.659,10.479
27,3,8,13,10.659,11.679
27,3,9,1,0.219,1.179
27,3,9,2,1.199,1.839
27,3,9,3,2.480,2.720
27,3,9,4,2.799,3.539
27,3,9,5,3.720,4.739
27,3,9,6,5.000,5.519
27,4,1,1,0.140,1.000
27,4,1,2,1.100,1.799
27,4,1,3,1.899,2.359
27,4,1,4,2.399,3.139
27,4,2,1,0.199,0.759
27,4,2,2,1.019,1.779
27,4,2,3,1.979,2.419
27,4,2,4,2.559,3.139
27,4,2,5,3.899,4.599
27,4,2,6,4.679,5.420
27,4,2,7,5.500,5.719
27,4,2,8,6.259,7.019
27,4,2,9,7.199,7.719
27,4,2,10,7.839,8.880
27,4,3,1,0.259,0.539
27,4,3,2,0.639,0.939
27,4,3,3,1.559,1.860
27,4,3,4,1.939,2.180
27,4,3,5,2.359,2.980
27,4,3,6,3.039,4.039
27,4,3,7,4.420,5.259
27,4,3,8,5.319,5.579
27,4,3,9,6.019,6.739
27,4,3,10,7.179,7.839
27,4,3,11,7.859,8.220
27,4,4,1,0.299,0.819
27,4,4,2,0.919,1.079
27,4,4,3,1.139,1.799
27,4,4,4,1.860,2.459
27,4,4,5,2.519,2.980
27,4,4,6,3.019,3.240
27,4,4,7,3.819,4.000
27,4,4,8,4.539,5.319
27,4,4,9,5.420,5.980
27,4,4,10,6.039,6.739
27,4,5,1,0.280,0.979
27,4,5,2,1.279,1.759
27,4,5,3,1.879,2.740
27,4,5,4,3.299,3.799
27,4,5,5,3.899,4.799
27,4,5,6,5.139,5.380
27,4,5,7,5.500,6.539
27,4,5,8,6.920,7.659
27,4,5,9,7.980,8.399
27,4,6,1,0.680,1.299
27,4,6,2,1.419,1.860
27,4,6,3,2.019,2.539
27,4,6,4,3.039,3.879
27,4,6,5,4.159,4.299
27,4,6,6,4.500,5.359
27,4,7,1,0.340,0.939
27,4,7,2,1.100,1.759
27,4,7,3,2.240,2.500
27,4,7,4,2.619,3.279
27,4,7,5,3.439,3.819
27,4,7,6,4.440,5.039
27,4,7,7,5.079,5.739
27,4,7,8,6.119,6.420
27,4,7,9,6.559,7.319
27,4,7,10,7.460,8.219
27,4,8,1,0.199,0.879
27,4,8,2,1.100,1.719
27,4,8,3,1.819,2.539
27,4,8,4,3.259,3.740
27,4,8,5,3.799,4.519
27,4,8,6,4.619,5.839
27,4,8,7,6.019,6.779
27,4,9,1,0.159,0.979
27,4,9,2,1.139,1.860
27,4,9,3,2.039,2.720
27,4,9,4,2.799,3.439
27,4,9,5,4.019,4.159
27,4,9,6,4.239,4.839
27,4,9,7,4.900,5.159
27,4,9,8,5.699,6.359
27,4,9,9,6.879,7.679
27,4,9,10,7.839,8.879
27,5,1,1,0.159,1.120
27,5,1,2,1.279,1.459
27,5,1,3,1.500,2.419
27,5,1,4,2.539,3.019
27,5,1,5,3.059,3.859
27,5,2,1,0.140,0.979
27,5,2,2,1.079,2.279
27,5,2,3,2.379,3.500
27,5,2,4,3.659,4.179
27,5,2,5,4.360,5.299
27,5,3,1,0.140,0.959
27,5,3,2,1.000,1.379
27,5,3,3,1.519,2.099
27,5,3,4,2.519,3.119
27,5,3,5,3.179,3.899
27,5,3,6,4.420,4.559
27,5,3,7,4.739,5.299
27,5,3,8,5.699,6.919
27,5,4,1,0.199,0.899
27,5,4,2,1.480,2.039
27,5,4,3,2.159,2.839
27,5,4,4,2.859,3.259
27,5,4,5,3.899,4.500
27,5,4,6,4.679,5.339
27,5,4,7,5.400,5.900
27,5,4,8,6.019,7.199
27,5,5,1,0.319,0.519
27,5,5,2,0.539,0.799
27,5,5,3,1.000,1.299
27,5,5,4,1.379,1.959
27,5,5,5,2.079,2.619
27,5,5,6,2.919,3.439
27,5,5,7,4.319,4.699
27,5,5,8,4.839,5.519
27,5,5,9,5.879,6.380
27,5,6,1,0.239,0.500
27,5,6,2,0.599,1.899
27,5,6,3,1.959,2.740
27,5,6,4,2.799,3.460
27,5,6,5,3.539,4.159
27,5,6,6,5.119,5.679
27,5,6,7,6.039,6.319
27,5,6,8,6.480,7.159
27,5,6,9,7.239,7.940
27,5,7,1,0.159,0.979
27,5,7,2,1.100,1.599
27,5,7,3,1.699,2.440
27,5,7,4,3.199,3.579
27,5,7,5,3.699,4.239
27,5,7,6,4.420,5.199
27,5,7,7,5.679,6.759
27,5,7,8,6.879,7.719
27,5,8,1,0.179,0.859
27,5,8,2,0.959,1.399
27,5,8,3,1.439,2.059
27,5,8,4,2.839,3.359
27,5,8,5,3.439,4.139
27,5,8,6,4.159,5.739
27,5,8,7,6.199,6.399
27,5,8,8,6.460,7.000
27,5,8,9,7.059,7.579
27,5,8,10,8.340,9.899
27,5,9,1,0.199,0.360
27,5,9,2,1.480,2.180
27,5,9,3,2.299,3.519
27,5,9,4,4.019,4.920
27,5,9,5,4.960,5.619
27,5,9,6,6.559,7.319
27,5,9,7,7.399,8.039
27,5,9,8,8.159,9.159
27,5,10,1,0.219,0.459
27,5,10,2,0.500,0.740
27,5,10,3,0.859,1.639
27,5,10,4,1.719,2.359
27,5,10,5,2.939,3.639
27,5,10,6,3.759,4.500
27,5,10,7,5.039,5.719
27,5,10,8,5.759,6.539
27,5,10,9,6.599,7.239
27,5,10,10,7.799,8.599
27,5,10,11,8.939,10.079
27,5,11,1,0.159,1.259
27,5,11,2,1.319,1.899
27,5,11,3,2.559,3.259
27,5,11,4,3.379,4.839
27,5,11,5,5.659,6.139
27,5,11,6,6.259,7.059
27,5,11,7,7.460,8.679
27,5,11,8,9.199,9.340
27,5,11,9,9.479,10.079
27,5,11,10,10.139,10.539
27,5,12,1,0.219,1.360
27,5,12,2,1.480,1.779
27,5,12,3,2.079,2.599
27,5,12,4,2.659,3.000
27,5,12,5,3.639,4.339
27,5,12,6,4.460,5.380
27,5,12,7,5.920,6.679
27,5,12,8,6.739,7.460
27,5,12,9,8.179,9.279
27,5,12,10,9.359,9.880
27,5,12,11,10.319,10.939
27,5,12,12,11.099,11.899
27,5,13,1,0.140,0.280
27,5,13,2,0.419,1.059
27,5,13,3,1.240,1.839
27,5,13,4,1.919,2.659
27,5,13,5,2.679,3.799
27,5,13,6,3.859,4.940
27,5,13,7,5.440,6.139
27,5,13,8,7.119,8.399
27,6,1,1,0.219,1.159
27,6,1,2,1.220,1.879
27,6,1,3,1.939,2.099
27,6,1,4,2.139,3.039
27,6,1,5,3.480,4.039
27,6,1,6,4.159,4.819
27,6,2,1,0.219,1.039
27,6,2,2,1.599,1.839
27,6,2,3,1.899,2.619
27,6,2,4,2.819,3.579
27,6,2,5,4.299,4.839
27,6,2,6,4.859,5.699
27,6,2,7,5.920,7.079
27,6,3,1,0.259,0.919
27,6,3,2,1.019,1.759
27,6,3,3,2.200,2.399
27,6,3,4,2.539,3.119
27,6,3,5,3.259,3.720
27,6,3,6,4.440,5.319
27,6,3,7,5.440,5.759
27,6,3,8,6.599,6.819
27,6,3,9,6.960,7.759
27,6,3,10,7.819,8.640
27,6,4,1,0.259,1.039
27,6,4,2,1.159,1.699
27,6,4,3,1.819,2.279
27,6,4,4,3.019,3.779
27,6,4,5,3.799,4.360
27,6,4,6,4.920,5.159
27,6,4,7,5.239,5.900
27,6,5,1,0.340,0.959
27,6,5,2,1.120,1.419
27,6,5,3,1.979,2.700
27,6,5,4,2.759,3.220
27,6,5,5,3.939,4.839
27,6,5,6,5.179,5.839
27,6,5,7,5.879,6.900
27,6,6,1,0.159,0.379
27,6,6,2,0.419,0.639
27,6,6,3,0.759,1.659
27,6,6,4,1.679,3.099
27,6,6,5,3.199,4.019
27,6,6,6,4.339,4.659
27,6,6,7,4.679,5.059
27,6,6,8,5.079,5.639
27,6,7,1,0.239,1.120
27,6,7,2,1.259,2.240
27,6,7,3,2.879,3.619
27,6,7,4,3.679,4.440
27,6,7,5,4.480,4.980
27,6,7,6,5.039,5.739
27,6,7,7,6.440,7.539
27,6,7,8,8.099,8.720
27,6,7,9,8.880,9.600
27,6,8,1,0.319,1.059
27,6,8,2,1.220,2.200
27,6,8,3,2.220,2.679
27,6,8,4,3.539,4.199
27,6,8,5,4.559,5.119
27,6,8,6,5.380,6.319
27,6,9,1,0.359,0.899
27,6,9,2,0.939,1.759
27,6,9,3,1.879,2.240
27,6,9,4,2.379,3.019
27,6,9,5,3.159,3.619
27,6,9,6,4.219,4.480
27,6,9,7,4.599,5.199
27,6,9,8,5.420,6.219
27,6,9,9,6.319,6.559
27,6,9,10,6.599,7.340
27,6,10,1,0.299,0.939
27,6,10,2,0.959,1.279
27,6,10,3,1.699,2.519
27,6,10,4,3.279,3.859
27,6,10,5,4.299,5.219
27,6,10,6,5.400,6.139
27,6,11,1,0.259,1.159
27,6,11,2,1.220,2.440
27,6,11,3,2.539,3.059
27,6,11,4,3.439,3.699
27,6,11,5,3.839,4.519
27,6,11,6,5.199,6.039
27,6,11,7,6.460,7.279
27,6,11,8,7.419,8.399
27,7,1,1,0.199,1.159
27,7,1,2,1.419,2.779
27,7,1,3,2.879,3.359
27,7,1,4,3.399,3.819
27,7,1,5,4.460,5.659
27,7,1,6,5.859,6.039
27,7,1,7,6.119,6.539
27,7,1,8,6.699,7.179
27,7,1,9,7.319,7.539
27,7,1,10,7.599,8.279
27,7,2,1,0.319,0.680
27,7,2,2,1.379,2.039
27,7,2,3,2.139,2.539
27,7,2,4,2.619,3.220
27,7,2,5,4.000,4.900
27,7,2,6,5.139,5.659
27,7,2,7,5.859,6.920
27,7,2,8,7.000,8.219
27,7,3,1,0.159,0.419
27,7,3,2,0.459,1.299
27,7,3,3,1.319,1.939
27,7,3,4,2.039,2.539
27,7,3,5,3.319,3.839
27,7,3,6,4.219,4.719
27,7,3,7,4.819,5.639
27,7,4,1,0.239,0.539
27,7,4,2,1.220,1.779
27,7,4,3,2.379,2.539
27,7,4,4,2.639,3.179
27,7,4,5,3.259,3.619
27,7,4,6,4.319,4.500
27,7,4,7,4.559,4.980
27,7,4,8,5.039,5.599
27,7,4,9,5.799,6.900
27,7,5,1,0.179,0.439
27,7,5,2,0.539,1.240
27,7,5,3,1.379,1.959
27,7,5,4,2.079,2.399
27,7,5,5,3.299,4.599
27,7,5,6,4.739,5.259
27,7,5,7,5.319,6.059
27,7,6,1,0.159,1.000
27,7,6,2,1.019,1.399
27,7,6,3,1.439,2.019
27,7,6,4,3.199,4.139
27,7,6,5,4.179,4.960
27,7,6,6,5.000,5.799
27,7,6,7,5.859,6.480
27,7,6,8,7.139,7.960
27,7,6,9,8.460,9.079
27,7,6,10,9.139,9.859
27,7,6,11,10.079,10.500
27,7,7,1,0.219,0.699
27,7,7,2,0.819,1.059
27,7,7,3,1.659,2.419
27,7,7,4,3.240,4.000
27,7,7,5,4.179,4.940
27,7,7,6,4.980,5.739
27,7,7,7,6.619,7.359
27,7,7,8,7.519,8.079
27,7,7,9,8.599,9.359
27,7,7,10,9.439,10.420
27,7,8,1,0.199,0.919
27,7,8,2,0.959,1.639
27,7,8,3,1.779,2.859
27,7,8,4,3.659,4.460
27,7,8,5,4.819,5.799
27,7,8,6,5.920,6.559
27,7,9,1,0.239,0.599
27,7,9,2,0.959,1.759
27,7,9,3,1.919,2.460
27,7,9,4,3.359,4.219
27,7,9,5,4.339,5.099
27,7,9,6,5.759,6.559
27,7,9,7,7.000,7.940
27,7,9,8,8.019,8.639
27,7,10,1,0.239,0.919
27,7,10,2,1.000,1.279
27,7,10,3,1.500,1.919
27,7,10,4,2.119,2.740
27,7,10,5,3.339,4.199
27,7,10,6,4.380,5.019
27,7,10,7,5.719,6.339
27,7,10,8,6.359,7.099
27,7,10,9,7.239,8.339
27,7,10,10,8.559,9.159
27,7,10,11,9.420,10.179
27,7,11,1,0.239,1.039
27,7,11,2,1.139,1.379
27,7,11,3,1.539,2.099
27,7,11,4,2.779,3.500
27,7,11,5,3.919,4.380
27,7,11,6,4.420,4.980
27,7,12,1,0.179,0.799
27,7,12,2,1.100,1.599
27,7,12,3,1.659,2.279
27,7,12,4,3.000,3.639
27,7,12,5,3.759,4.319
27,7,12,6,4.400,4.839
27,7,12,7,4.880,5.420
27,7,13,1,0.259,0.560
27,7,13,2,0.659,0.939
27,7,13,3,1.019,1.659
27,7,13,4,1.719,2.339
27,7,13,5,2.419,3.099
27,7,13,6,3.859,4.619
27,7,13,7,4.759,5.319
27,7,13,8,5.500,6.979
27,7,14,1,0.319,0.819
27,7,14,2,1.199,1.759
27,7,14,3,1.919,2.220
27,7,14,4,2.319,2.919
27,7,14,5,3.379,4.259
27,7,14,6,4.659,5.619
27,7,14,7,5.739,6.559
27,7,15,1,0.219,0.799
27,7,15,2,0.899,1.599
27,7,15,3,1.759,2.299
27,7,15,4,3.059,3.819
27,7,15,5,3.919,4.500
27,7,15,6,5.199,6.099
27,7,15,7,6.199,6.979
27,7,16,1,0.199,0.639
27,7,16,2,0.659,1.220
27,7,16,3,1.360,2.619
27,7,16,4,3.359,4.400
27,7,16,5,4.759,5.239
27,7,16,6,5.659,6.380
27,7,17,1,0.299,0.899
27,7,17,2,1.000,1.579
27,7,17,3,1.679,2.240
27,7,17,4,3.179,3.559
27,7,17,5,3.740,4.639
27,7,17,6,4.980,5.719
27,7,17,7,5.799,6.260
27,7,18,1,0.340,0.899
27,7,18,2,1.079,1.699
27,7,18,3,1.839,2.559
27,7,18,4,3.359,4.519
27,7,18,5,5.000,5.480
27,7,18,6,5.739,6.039
27,7,18,7,6.519,7.340
27,8,1,1,0.159,1.179
27,8,1,2,1.279,1.339
27,8,1,3,1.379,2.159
27,8,1,4,2.599,3.079
27,8,1,5,3.139,3.480
27,8,2,1,0.319,0.680
27,8,2,2,1.360,2.139
27,8,2,3,2.720,3.059
27,8,2,4,3.099,3.699
27,8,2,5,3.779,4.480
27,8,2,6,4.639,5.099
27,8,2,7,5.159,5.839
27,8,2,8,6.399,6.839
27,8,2,9,6.960,7.419
27,8,2,10,7.500,8.159
27,8,2,11,8.519,8.679
27,8,2,12,8.739,9.899
27,8,3,1,0.299,0.839
27,8,3,2,0.919,1.539
27,8,3,3,1.599,2.440
27,8,3,4,2.599,3.359
27,8,3,5,3.419,3.959
27,8,3,6,4.339,5.099
27,8,3,7,5.159,5.979
27,8,3,8,6.659,7.599
27,8,3,9,7.639,8.220
27,8,3,10,8.519,9.759
27,8,4,1,0.280,0.459
27,8,4,2,0.519,1.120
27,8,4,3,1.139,1.699
27,8,4,4,2.059,2.619
27,8,4,5,2.779,3.879
27,8,4,6,4.480,5.259
27,8,4,7,5.299,6.119
27,8,4,8,6.239,6.639
27,8,4,9,6.819,7.579
27,8,5,1,0.340,0.680
27,8,5,2,0.719,1.379
27,8,5,3,1.399,1.500
27,8,5,4,1.579,2.559
27,8,5,5,3.279,3.799
27,8,5,6,3.859,4.400
27,8,5,7,4.579,4.679
27,8,5,8,4.759,5.900
27,8,6,1,0.299,1.899
27,8,6,2,2.299,2.939
27,8,6,3,3.159,4.019
27,8,6,4,4.639,5.519
27,8,6,5,5.579,6.279
27,8,6,6,6.460,7.519
27,8,7,1,0.239,1.339
27,8,7,2,1.379,2.159
27,8,7,3,2.180,2.779
27,8,7,4,3.500,3.919
27,8,7,5,4.339,4.900
27,8,7,6,4.940,5.440
27,8,7,7,5.500,6.260
27,8,8,1,0.239,0.779
27,8,8,2,0.859,1.539
27,8,8,3,1.659,2.240
27,8,8,4,3.059,3.579
27,8,8,5,3.679,4.219
27,8,8,6,4.339,5.059
27,8,9,1,0.259,0.859
27,8,9,2,1.000,1.740
27,8,9,3,2.299,2.939
27,8,9,4,3.039,3.819
27,8,9,5,4.440,5.000
27,8,9,6,5.239,5.839
27,8,9,7,5.920,6.739
27,8,10,1,0.179,0.959
27,8,10,2,1.120,1.839
27,8,10,3,2.440,2.759
27,8,10,4,2.799,3.379
27,8,10,5,3.480,4.019
27,8,10,6,4.480,4.900
27,8,10,7,4.980,5.840
27,9,1,1,0.259,0.879
27,9,1,2,1.519,1.599
27,9,1,3,1.699,1.919
27,9,1,4,1.979,2.519
27,9,1,5,2.799,3.259
27,9,1,6,3.339,3.639
27,9,2,1,0.419,1.019
27,9,2,2,1.120,1.779
27,9,2,3,1.799,2.139
27,9,2,4,2.200,2.659
27,9,2,5,3.460,4.179
27,9,2,6,4.420,4.679
27,9,2,7,4.759,6.139
27,9,3,1,0.479,1.179
27,9,3,2,1.259,2.200
27,9,3,3,2.419,2.740
27,9,3,4,3.559,4.619
27,9,3,5,4.859,5.480
27,9,3,6,5.519,6.320
27,9,4,1,0.359,1.019
27,9,4,2,1.059,1.699
27,9,4,3,1.740,2.200
27,9,4,4,3.000,4.000
27,9,4,5,4.079,5.000
27,9,4,6,5.139,6.239
27,9,5,1,0.259,0.539
27,9,5,2,0.579,1.319
27,9,5,3,1.579,2.339
27,9,5,4,2.399,2.980
27,9,5,5,3.899,4.599
27,9,5,6,4.859,5.799
27,9,5,7,6.299,6.879
27,9,5,8,6.980,7.719
27,9,6,1,0.419,1.000
27,9,6,2,1.240,1.740
27,9,6,3,2.379,3.119
27,9,6,4,3.259,3.779
27,9,6,5,4.619,5.119
27,9,6,6,5.239,5.739
27,9,6,7,6.299,6.940
27,9,6,8,7.059,7.719
27,9,7,1,0.419,1.120
27,9,7,2,1.279,1.899
27,9,7,3,2.019,2.720
27,9,7,4,3.179,3.899
27,9,7,5,4.659,5.420
27,9,7,6,5.659,6.379
27,9,7,7,7.119,7.819
27,9,7,8,7.919,8.759
27,9,7,9,8.939,9.579
27,9,8,1,0.239,0.620
27,9,8,2,1.059,1.639
27,9,8,3,1.719,2.339
27,9,8,4,3.259,3.779
27,9,8,5,3.879,4.739
27,9,8,6,4.839,5.719
27,9,9,1,0.419,0.739
27,9,9,2,0.819,1.439
27,9,9,3,1.579,1.959
27,9,9,4,2.059,2.879
27,9,9,5,3.659,4.099
27,9,9,6,4.199,4.900
27,9,9,7,4.960,6.179
27,9,10,1,0.399,0.979
27,9,10,2,1.019,1.259
27,9,10,3,1.899,2.480
27,9,10,4,2.539,3.139
27,9,10,5,3.919,4.739
27,9,10,6,4.779,5.559
27,9,10,7,5.679,6.659
27,9,11,1,0.500,1.459
27,9,11,2,1.559,2.099
27,9,11,3,2.180,2.779
27,9,11,4,2.799,3.480
27,9,11,5,4.159,4.319
27,9,11,6,4.400,4.619
27,9,11,7,4.659,5.879
27,9,11,8,5.960,6.739
27,9,11,9,7.059,7.919
27,9,12,1,0.359,1.019
27,9,12,2,1.100,2.059
27,9,12,3,2.079,2.419
27,9,12,4,2.460,3.099
27,9,12,5,3.639,4.480
27,9,12,6,4.619,5.539
27,9,12,7,5.599,6.839
27,9,13,1,0.280,0.439
27,9,13,2,0.459,0.919
27,9,13,3,1.000,1.559
27,9,13,4,1.879,2.379
27,9,13,5,2.500,3.000
27,9,13,6,3.759,3.939
27,9,13,7,4.079,4.699
27,9,13,8,4.859,5.639
27,9,13,9,6.019,6.840
27,9,14,1,0.379,1.299
27,9,14,2,1.319,2.079
27,9,14,3,2.559,3.139
27,9,14,4,3.259,3.939
27,9,14,5,4.079,5.119
27,9,14,6,5.839,6.739
27,9,14,7,7.139,8.179
27,9,14,8,8.279,8.939
27,9,15,1,0.259,1.220
27,9,15,2,1.259,2.180
27,9,15,3,2.579,2.980
27,9,15,4,3.079,4.039
27,9,15,5,4.699,5.440
27,9,15,6,5.579,5.859
27,9,15,7,5.879,6.460
27,9,15,8,7.000,7.699
27,9,15,9,8.079,9.399
27,9,16,1,0.219,0.859
27,9,16,2,0.899,1.459
27,9,16,3,1.500,2.180
27,9,16,4,2.240,2.679
27,9,16,5,3.419,4.159
27,9,16,6,4.219,4.519
27,9,16,7,4.679,5.440
27,9,16,8,5.920,6.719
27,9,16,9,6.879,7.759
27,9,17,1,0.539,1.019
27,9,17,2,1.360,2.059
27,9,17,3,2.240,2.960
27,9,17,4,3.019,3.480
27,9,17,5,4.360,5.199
27,9,17,6,5.359,6.059
27,9,17,7,6.159,6.619
27,9,17,8,6.719,7.279
27,9,17,9,7.819,8.720
27,9,17,10,9.000,9.479
27,9,18,1,0.299,1.240
27,9,18,2,1.279,2.039
27,9,18,3,2.139,3.000
27,9,18,4,4.000,4.420
27,9,18,5,4.460,5.059
27,9,18,6,5.239,5.879
27,9,18,7,6.039,6.980
27,9,19,1,0.199,0.359
27,9,19,2,0.379,0.539
27,9,19,3,0.560,1.279
27,9,19,4,1.399,2.240
27,9,19,5,2.259,2.939
27,9,19,6,3.839,4.759
27,9,19,7,5.339,6.259
27,9,19,8,6.920,7.639
27,9,19,9,7.960,8.979
27,9,20,1,0.459,0.939
27,9,20,2,1.079,1.360
27,9,20,3,1.979,2.159
27,9,20,4,2.220,2.679
27,9,20,5,2.819,3.399
27,9,20,6,4.380,5.500
27,9,20,7,5.539,6.139
27,9,20,8,6.179,6.379
27,9,20,9,6.519,7.340
27,9,21,1,0.539,1.059
27,9,21,2,1.179,1.439
27,9,21,3,2.480,3.019
27,9,21,4,3.179,3.799
27,9,21,5,4.519,5.019
27,9,21,6,5.059,5.659
27,9,21,7,6.079,6.739
27,9,21,8,6.799,7.279
27,9,21,9,7.679,8.139
27,10,1,1,0.599,1.179
27,10,1,2,1.240,1.919
27,10,1,3,2.039,2.619
27,10,1,4,2.720,3.319
27,10,1,5,4.079,4.679
27,10,1,6,4.739,5.480
27,10,1,7,5.639,6.779
27,10,2,1,0.699,1.419
27,10,2,2,1.459,2.200
27,10,2,3,2.259,2.799
27,10,2,4,2.859,3.199
27,10,2,5,4.139,5.119
27,10,2,6,5.279,6.199
27,10,2,7,6.759,7.039
27,10,2,8,7.119,8.139
27,10,3,1,0.500,0.680
27,10,3,2,0.699,1.319
27,10,3,3,1.419,2.339
27,10,3,4,2.419,2.659
27,10,3,5,2.779,3.299
27,10,3,6,3.359,3.859
27,10,3,7,4.599,5.279
27,10,3,8,6.000,6.559
27,10,3,9,7.019,7.779
27,10,3,10,7.899,8.780
27,10,4,1,0.560,1.299
27,10,4,2,1.399,2.299
27,10,4,3,2.480,3.000
27,10,4,4,3.119,3.359
27,10,4,5,3.379,3.879
27,10,4,6,4.699,5.019
27,10,4,7,5.139,5.779
27,10,4,8,6.420,6.799
27,10,4,9,6.940,8.179
27,10,5,1,0.419,1.139
27,10,5,2,1.220,1.979
27,10,5,3,2.059,2.460
27,10,5,4,2.480,2.779
27,10,5,5,3.779,4.219
27,10,5,6,4.339,5.239
27,10,5,7,5.440,6.159
27,10,5,8,7.119,7.440
27,10,5,9,7.599,8.340
27,10,5,10,8.899,9.599
27,10,5,11,9.639,10.319
27,10,6,1,0.519,1.000
27,10,6,2,1.139,1.939
27,10,6,3,2.119,2.419
27,10,6,4,2.599,3.159
27,10,6,5,3.879,4.380
27,10,6,6,4.460,5.059
27,10,6,7,5.279,5.799
27,10,6,8,5.819,6.059
27,10,6,9,6.079,6.740
27,10,7,1,0.379,0.859
27,10,7,2,1.039,1.699
27,10,7,3,1.899,2.480
27,10,7,4,2.639,3.500
27,10,7,5,3.559,4.059
27,10,7,6,5.299,5.839
27,10,7,7,5.879,6.599
27,10,7,8,6.739,7.319
27,10,7,9,7.460,8.519
27,10,8,1,0.319,0.939
27,10,8,2,1.039,1.959
27,10,8,3,2.059,2.679
27,10,8,4,3.379,4.480
27,10,8,5,4.579,4.900
27,10,8,6,5.119,5.559
27,10,8,7,6.279,6.919
27,10,8,8,7.579,8.619
27,10,8,9,8.859,10.019
27,10,9,1,0.399,1.100
27,10,9,2,1.220,2.240
27,10,9,3,2.759,3.579
27,10,9,4,3.659,4.420
27,10,9,5,5.039,5.819
27,10,9,6,5.900,6.539
27,10,9,7,6.619,7.059
27,10,9,8,7.839,8.639
27,10,9,9,8.720,9.159
27,10,9,10,9.880,10.760
27,10,9,11,10.899,11.939
27,10,10,1,0.479,1.179
27,10,10,2,1.519,2.339
27,10,10,3,3.199,4.000
27,10,10,4,4.059,4.940
27,10,10,5,5.359,5.619
27,10,10,6,5.759,6.659
27,10,11,1,0.259,0.759
27,10,11,2,0.919,1.639
27,10,11,3,2.000,2.579
27,10,11,4,2.639,3.319
27,10,11,5,3.839,4.460
27,10,11,6,4.599,5.259
27,10,11,7,5.819,6.239
27,10,11,8,6.339,6.960
27,10,11,9,7.019,8.139
27,10,12,1,0.199,0.859
27,10,12,2,0.899,1.179
27,10,12,3,2.460,2.879
27,10,12,4,3.339,3.939
27,10,12,5,4.059,4.779
27,10,12,6,5.679,5.940
27,10,12,7,6.079,6.839
27,10,12,8,6.899,7.719
27,10,13,1,0.439,0.719
27,10,13,2,0.759,0.959
27,10,13,3,1.100,1.659
27,10,13,4,1.740,2.359
27,10,13,5,2.379,2.859
27,10,13,6,3.639,4.159
27,10,13,7,4.219,5.079
27,10,13,8,5.099,5.380
27,10,13,9,5.500,6.420
27,10,14,1,0.219,0.959
27,10,14,2,1.319,1.500
27,10,14,3,1.620,2.259
27,10,14,4,2.679,3.279
27,10,14,5,3.379,4.400
27,10,14,6,4.420,5.019
27,10,14,7,5.380,5.920
27,10,14,8,6.000,6.819
27,10,14,9,7.500,8.239
27,10,14,10,8.439,9.300
27,10,14,11,9.399,10.139
27,10,14,12,10.960,11.519
27,10,14,13,11.899,12.539
27,10,14,14,12.699,13.279
27,10,14,15,13.519,14.319
27,10,15,1,0.259,0.740
27,10,15,2,0.859,1.500
27,10,15,3,1.659,2.159
27,10,15,4,3.099,3.619
27,10,15,5,3.720,4.480
27,10,15,6,4.559,5.219
27,10,15,7,5.679,5.900
27,10,15,8,6.059,6.900
27,10,16,1,0.299,0.719
27,10,16,2,1.220,1.799
27,10,16,3,1.860,2.319
27,10,16,4,2.440,3.019
27,10,16,5,3.559,4.259
27,10,16,6,4.559,5.179
27,10,16,7,5.219,6.259
27,10,17,1,0.439,1.079
27,10,17,2,1.159,1.839
27,10,17,3,1.959,2.519
27,10,17,4,2.679,3.859
27,10,17,5,3.959,4.440
27,10,17,6,4.539,5.259
27,10,17,7,5.460,6.179
27,10,17,8,6.219,7.259
27,10,18,1,0.259,1.019
27,10,18,2,1.059,1.599
27,10,18,3,1.679,2.180
27,10,18,4,2.919,3.179
27,10,18,5,3.220,3.740
27,10,18,6,3.799,4.139
27,10,18,7,4.799,5.579
27,10,18,8,5.619,6.659
27,10,18,9,6.759,6.980
27,10,18,10,7.119,8.039
27,11,1,1,0.280,1.439
27,11,1,2,1.480,1.839
27,11,1,3,3.319,3.679
27,11,1,4,4.279,5.099
27,11,1,5,5.719,6.000
27,11,1,6,6.099,6.699
27,11,1,7,6.759,7.500
27,11,1,8,8.139,8.760
27,11,1,9,9.099,9.739
27,11,1,10,9.859,10.679
27,11,2,1,0.319,0.479
27,11,2,2,0.539,0.959
27,11,2,3,1.039,1.919
27,11,2,4,1.979,2.599
27,11,2,5,2.639,3.159
27,11,2,6,3.959,4.480
27,11,2,7,4.579,5.440
27,11,2,8,5.519,5.679
27,11,2,9,5.779,6.239
27,11,2,10,7.219,7.819
27,11,2,11,7.960,8.500
27,11,2,12,8.579,9.099
27,11,2,13,9.519,10.219
27,11,2,14,10.260,10.840
27,11,3,1,0.159,0.299
27,11,3,2,0.340,1.179
27,11,3,3,1.220,1.979
27,11,3,4,2.740,3.419
27,11,3,5,3.959,4.139
27,11,3,6,4.400,5.239
27,11,4,1,0.259,0.579
27,11,4,2,1.059,1.620
27,11,4,3,1.740,2.299
27,11,4,4,3.119,3.240
27,11,4,5,3.859,4.900
27,11,4,6,5.019,5.659
27,11,4,7,6.199,6.699
27,11,4,8,6.960,7.679
27,11,4,9,8.260,9.300
27,11,4,10,9.619,10.340
27,11,4,11,10.420,10.699
27,11,4,12,10.800,11.439
27,11,5,1,0.239,0.539
27,11,5,2,1.019,1.620
27,11,5,3,2.419,3.159
27,11,5,4,3.679,4.460
27,11,5,5,4.559,5.139
27,11,5,6,5.219,5.759
27,11,5,7,6.259,6.920
27,11,5,8,7.000,7.719
27,11,6,1,0.359,1.179
27,11,6,2,1.279,1.399
27,11,6,3,1.559,2.079
27,11,6,4,2.259,2.639
27,11,6,5,3.419,3.879
27,11,6,6,3.959,4.699
27,11,6,7,5.339,6.119
27,11,6,8,6.179,7.059
27,11,6,9,7.440,7.819
27,11,6,10,7.940,8.739
27,11,7,1,0.459,0.659
27,11,7,2,0.719,1.339
27,11,7,3,1.359,2.379
27,11,7,4,2.460,3.220
27,11,7,5,3.279,3.819
27,11,7,6,4.500,5.139
27,11,7,7,5.659,6.259
27,11,7,8,6.420,7.440
27,12,1,1,0.459,1.360
27,12,1,2,1.399,2.000
27,12,1,3,2.059,2.859
27,12,1,4,3.000,3.419
27,12,1,5,3.460,3.779
27,12,2,1,0.680,1.539
27,12,2,2,1.599,2.119
27,12,2,3,2.339,2.480
27,12,2,4,2.500,2.919
27,12,2,5,2.960,3.399
27,12,2,6,4.179,4.339
27,12,2,7,4.420,5.119
27,12,2,8,5.159,5.739
27,12,2,9,6.159,6.779
27,12,2,10,6.879,7.619
27,12,3,1,0.259,0.579
27,12,3,2,0.759,1.620
27,12,3,3,1.819,2.180
27,12,3,4,2.319,2.539
27,12,3,5,2.579,3.179
27,12,3,6,3.779,4.420
27,12,3,7,4.460,5.119
27,12,3,8,5.859,6.299
27,12,3,9,6.359,6.899
27,12,3,10,7.179,8.319
27,12,4,1,0.299,1.059
27,12,4,2,1.159,1.439
27,12,4,3,2.119,2.379
27,12,4,4,2.500,3.079
27,12,4,5,3.099,3.740
27,12,4,6,4.400,5.019
27,12,4,7,5.539,6.559
27,12,4,8,6.599,7.340
27,12,5,1,0.299,0.779
27,12,5,2,0.839,1.419
27,12,5,3,1.839,3.019
27,12,5,4,3.179,3.859
27,12,5,5,4.319,5.239
27,12,5,6,5.380,6.259
27,12,5,7,6.859,7.079
27,12,5,8,7.379,7.779
27,12,5,9,7.819,8.399
27,12,6,1,0.219,1.019
27,12,6,2,1.139,1.939
27,12,6,3,2.859,3.720
27,12,6,4,3.759,4.519
27,12,6,5,5.019,5.739
27,12,6,6,5.900,6.480
27,12,6,7,6.539,6.980
27,12,6,8,7.079,7.319
27,12,6,9,7.320,8.819
27,12,6,10,8.960,9.819
27,12,6,11,10.179,10.880
27,12,6,12,10.960,11.380
27,12,7,1,0.419,1.179
27,12,7,2,1.379,1.659
27,12,7,3,2.299,2.980
27,12,7,4,3.059,3.639
27,12,7,5,4.259,5.059
27,12,7,6,5.159,5.759
27,12,7,7,5.920,6.440
27,12,7,8,6.480,7.299
27,12,7,9,7.699,8.479
27,12,7,10,8.939,10.139
27,12,8,1,0.259,0.819
27,12,8,2,0.959,1.240
27,12,8,3,1.659,2.399
27,12,8,4,3.039,4.039
27,12,8,5,4.440,4.679
27,12,8,6,4.739,5.500
27,12,8,7,5.639,6.000
27,12,8,8,6.099,7.019
27,12,9,1,0.340,0.879
27,12,9,2,0.939,1.779
27,12,9,3,1.860,3.079
27,12,9,4,3.980,4.579
27,12,9,5,4.659,5.639
27,12,9,6,5.719,6.319
27,12,9,7,6.399,7.199
27,13,1,1,0.119,0.699
27,13,1,2,1.120,1.579
27,13,1,3,1.639,1.879
27,13,2,1,0.319,0.539
27,13,2,2,0.719,1.139
27,13,2,3,1.699,1.859
27,13,2,4,1.860,2.579
27,13,2,5,2.700,3.220
27,13,2,6,4.059,4.259
27,13,2,7,4.480,4.980
27,13,2,8,5.000,5.739
27,13,2,9,5.819,6.019
27,13,2,10,6.079,6.500
27,13,2,11,6.659,7.859
27,13,3,1,0.560,0.899
27,13,3,2,0.959,1.519
27,13,3,3,1.579,2.099
27,13,3,4,2.139,2.720
27,13,3,5,2.839,3.460
27,13,3,6,4.219,4.699
27,13,3,7,4.839,5.359
27,13,3,8,5.599,6.079
27,13,3,9,7.019,7.239
27,13,3,10,7.359,7.859
27,13,3,11,8.000,8.439
27,13,3,12,8.720,9.300
27,13,3,13,9.399,10.179
27,13,4,1,0.299,1.220
27,13,4,2,1.939,2.639
27,13,4,3,2.799,2.919
27,13,4,4,3.699,4.319
27,13,4,5,4.799,5.579
27,13,4,6,5.679,6.299
27,13,4,7,6.480,6.699
27,13,4,8,6.839,7.399
27,13,4,9,7.519,8.560
27,13,5,1,0.379,0.579
27,13,5,2,0.620,1.100
27,13,5,3,1.279,1.979
27,13,5,4,2.279,3.220
27,13,5,5,4.059,4.699
27,13,5,6,4.960,5.679
27,13,5,7,6.059,6.219
27,13,5,8,6.379,7.159
27,13,6,1,0.359,1.100
27,13,6,2,1.240,2.000
27,13,6,3,2.279,2.919
27,13,6,4,3.720,4.179
27,13,6,5,4.259,4.859
27,13,6,6,4.900,5.900
27,13,6,7,6.759,7.579
27,13,6,8,7.619,8.460
27,13,6,9,8.979,9.220
27,13,6,10,9.340,9.960
27,13,6,11,10.099,10.960
27,14,1,1,0.419,1.599
27,14,1,2,1.679,2.180
27,14,1,3,3.039,3.619
27,14,1,4,3.740,4.179
27,14,1,5,4.279,4.980
27,14,1,6,5.420,5.879
27,14,1,7,6.039,6.579
27,14,1,8,7.219,8.179
27,14,1,9,8.500,9.399
27,14,1,10,9.500,10.039
27,14,1,11,10.719,11.119
27,14,1,12,11.399,11.899
27,14,1,13,11.979,12.699
27,14,2,1,0.340,0.719
27,14,2,2,1.179,2.139
27,14,2,3,2.200,2.740
27,14,2,4,3.319,3.500
27,14,2,5,3.599,3.879
27,14,2,6,4.039,4.420
27,14,2,7,5.059,5.960
27,14,2,8,6.039,6.659
27,14,2,9,6.719,7.279
27,14,2,10,7.919,8.539
27,14,2,11,8.599,8.840
27,14,2,12,8.960,9.819
27,14,3,1,0.199,0.979
27,14,3,2,1.100,1.559
27,14,3,3,1.959,2.700
27,14,3,4,2.779,3.659
27,14,3,5,4.299,4.739
27,14,3,6,4.779,5.219
27,14,3,7,5.259,5.739
27,14,3,8,6.480,6.799
27,14,3,9,6.960,7.279
27,14,3,10,7.359,8.179
27,14,4,1,0.239,0.579
27,14,4,2,0.680,1.319
27,14,4,3,1.480,1.719
27,14,4,4,1.839,2.379
27,14,4,5,2.579,3.099
27,14,4,6,3.679,4.259
27,14,4,7,4.380,5.039
27,14,4,8,5.219,5.819
27,14,4,9,5.920,6.460
27,14,4,10,7.019,7.339
27,14,4,11,8.340,8.539
27,14,4,12,8.679,9.479
27,14,5,1,0.399,0.799
27,14,5,2,0.939,1.480
27,14,5,3,1.620,2.139
27,14,5,4,2.779,2.980
27,14,5,5,3.099,3.879
27,14,5,6,4.279,4.819
27,14,5,7,4.900,5.759
27,14,6,1,0.299,0.979
27,14,6,2,1.000,1.399
27,14,6,3,1.500,2.180
27,14,6,4,2.819,2.980
27,14,6,5,3.099,3.240
27,14,6,6,3.500,5.420
27,14,7,1,0.399,0.560
27,14,7,2,0.799,1.559
27,14,7,3,1.699,2.799
27,14,7,4,2.859,3.500
27,14,7,5,3.539,4.279
27,14,7,6,5.079,5.619
27,14,7,7,5.679,5.699
27,14,7,8,6.559,7.000
27,14,7,9,7.079,7.599
27,14,7,10,8.359,8.939
27,14,7,11,9.000,9.800
27,14,7,12,10.239,10.960
27,14,7,13,11.039,12.159
27,15,1,1,0.159,0.599
27,15,1,2,0.639,0.959
27,15,1,3,1.839,2.559
27,15,1,4,3.179,3.379
27,15,1,5,3.399,3.939
27,15,1,6,4.400,5.460
27,15,1,7,6.279,6.440
27,15,1,8,6.460,7.079
27,15,1,9,7.579,8.019
27,15,1,10,8.059,9.059
27,15,2,1,0.379,1.059
27,15,2,2,1.079,1.639
27,15,2,3,1.899,2.919
27,15,2,4,3.000,3.539
27,15,2,5,4.059,4.799
27,15,2,6,4.839,5.319
27,15,2,7,5.440,6.420
27,15,3,1,0.439,0.699
27,15,3,2,0.779,1.259
27,15,3,3,1.360,1.539
27,15,3,4,1.559,2.139
27,15,3,5,2.879,3.099
27,15,3,6,3.199,3.679
27,15,3,7,3.759,4.420
27,15,3,8,4.460,4.960
27,15,3,9,5.579,6.399
27,15,3,10,6.940,7.139
27,15,3,11,7.259,7.839
27,15,3,12,7.960,8.119
27,15,3,13,8.220,9.059
27,15,4,1,0.439,1.120
27,15,4,2,1.179,1.719
27,15,4,3,1.819,2.519
27,15,4,4,3.419,3.799
27,15,4,5,3.859,4.460
27,15,4,6,4.559,4.579
27,15,4,7,5.179,6.119
27,15,4,8,7.019,7.579
27,15,4,9,7.679,8.579
27,15,4,10,8.699,9.059
27,15,4,11,9.119,9.899
27,15,5,1,0.299,1.059
27,15,5,2,1.379,1.579
27,15,5,3,1.639,2.099
27,15,5,4,2.200,2.939
27,15,5,5,3.679,4.539
27,15,5,6,4.779,4.980
27,15,5,7,5.019,5.539
27,15,5,8,5.980,6.199
27,15,5,9,6.239,6.819
27,15,5,10,7.519,8.000
27,15,5,11,8.159,8.679
27,15,5,12,9.380,9.659
27,15,5,13,9.779,10.639
27,15,5,14,10.760,11.699
27,16,1,1,0.079,1.319
27,16,1,2,1.419,1.979
27,16,1,3,2.919,3.720
27,16,1,4,3.779,4.099
27,16,1,5,4.679,4.819
27,16,1,6,4.920,5.639
27,16,1,7,5.659,6.259
27,16,2,1,0.280,0.939
27,16,2,2,1.059,1.799
27,16,2,3,2.240,2.939
27,16,2,4,3.139,3.720
27,16,2,5,4.380,5.119
27,16,2,6,5.460,5.759
27,16,2,7,5.839,6.659
27,16,3,1,0.199,1.159
27,16,3,2,1.199,1.639
27,16,3,3,1.799,2.539
27,16,3,4,2.619,3.139
27,16,3,5,3.839,4.880
27,16,3,6,5.079,5.299
27,16,3,7,5.440,6.059
27,16,3,8,6.199,6.900
27,16,4,1,0.319,0.939
27,16,4,2,1.059,2.159
27,16,4,3,2.639,3.279
27,16,4,4,3.799,4.539
27,16,4,5,5.359,5.719
27,16,4,6,5.779,6.460
27,16,4,7,6.619,7.399
27,16,4,8,7.480,8.099
27,16,4,9,8.739,9.159
27,16,4,10,9.220,9.800
27,16,4,11,9.979,10.159
27,16,4,12,10.239,10.939
27,16,4,13,11.420,11.599
27,16,4,14,11.759,12.579
27,16,5,1,0.299,0.639
27,16,5,2,1.319,1.860
27,16,5,3,1.899,2.419
27,16,5,4,2.440,3.079
27,16,5,5,3.839,4.440
27,16,5,6,4.619,5.099
27,16,5,7,5.219,6.000
27,16,6,1,0.479,1.019
27,16,6,2,1.139,1.740
27,16,6,3,1.839,2.019
27,16,6,4,2.180,3.119
27,16,6,5,3.839,4.239
27,16,6,6,4.360,5.019
27,16,6,7,5.519,6.139
27,16,6,8,6.279,6.920
27,16,7,1,0.599,1.220
27,16,7,2,1.240,1.379
27,16,7,3,1.439,1.899
27,16,7,4,2.200,2.599
27,16,7,5,2.720,3.559
27,16,7,6,4.239,4.619
27,16,7,7,4.679,5.219
27,16,7,8,5.380,6.219
27,16,7,9,6.539,7.799
27,16,8,1,0.419,1.279
27,16,8,2,1.379,1.500
27,16,8,3,1.679,2.899
27,16,8,4,2.960,3.480
27,16,8,5,4.039,4.159
27,16,8,6,4.299,5.039
27,16,8,7,5.639,5.960
27,16,8,8,6.119,7.019
27,16,9,1,0.359,1.019
27,16,9,2,1.079,1.539
27,16,9,3,1.599,2.139
27,16,9,4,2.559,3.500
27,16,9,5,3.579,4.099
27,16,9,6,4.739,5.059
27,16,9,7,5.179,5.839
27,16,9,8,6.279,6.940
27,16,9,9,6.980,7.940
27,16,10,1,0.280,0.479
27,16,10,2,0.519,0.699
27,16,10,3,0.919,1.519
27,16,10,4,1.599,2.159
27,16,10,5,2.240,2.839
27,16,10,6,3.759,3.919
27,16,10,7,3.959,4.539
27,16,10,8,4.599,5.460
27,16,10,9,5.799,6.480
27,16,10,10,6.739,7.619
27,16,11,1,0.239,1.159
27,16,11,2,1.360,2.019
27,16,11,3,2.039,2.539
27,16,11,4,3.379,4.059
27,16,11,5,4.179,4.960
27,16,11,6,5.199,5.359
27,16,11,7,5.500,6.059
27,16,11,8,6.739,7.440
27,16,11,9,7.980,8.800
27,16,11,10,9.119,9.899
27,17,1,1,0.159,0.759
27,17,1,2,0.879,1.379
27,17,1,3,4.000,4.519
27,17,1,4,4.659,4.739
27,17,1,5,5.279,5.779
27,17,1,6,6.259,7.059
27,17,1,7,7.119,7.819
27,17,1,8,8.739,9.399
27,17,1,9,9.479,10.300
27,17,1,10,10.840,11.239
27,17,1,11,11.399,11.979
27,17,1,12,12.039,12.819
27,17,2,1,0.239,1.220
27,17,2,2,1.379,2.079
27,17,2,3,2.119,2.639
27,17,2,4,3.480,3.980
27,17,2,5,4.259,5.039
27,17,2,6,5.219,6.239
27,17,3,1,0.219,0.779
27,17,3,2,1.019,1.599
27,17,3,3,2.139,2.779
27,17,3,4,2.899,3.500
27,17,3,5,4.159,5.159
27,17,3,6,5.259,5.480
27,17,3,7,5.559,6.219
27,17,3,8,7.639,8.500
27,17,3,9,8.679,8.960
27,17,3,10,8.979,9.559
27,17,3,11,9.739,10.259
27,17,4,1,0.179,1.100
27,17,4,2,1.199,1.799
27,17,4,3,2.139,2.619
27,17,4,4,2.720,3.539
27,17,4,5,4.119,4.519
27,17,4,6,4.659,5.380
27,17,4,7,5.599,6.259
27,17,4,8,6.299,7.019
27,17,5,1,0.239,0.859
27,17,5,2,0.899,1.659
27,17,5,3,2.139,3.519
27,17,5,4,4.099,4.480
27,17,5,5,4.679,5.460
27,17,5,6,6.219,7.019
27,17,6,1,0.219,0.500
27,17,6,2,0.699,1.579
27,17,6,3,2.180,2.440
27,17,6,4,2.519,3.279
27,17,6,5,3.339,3.619
27,17,6,6,4.199,4.599
27,17,6,7,4.659,5.279
27,17,6,8,5.460,5.779
27,17,6,9,6.379,6.960
27,17,6,10,7.359,8.279
27,17,7,1,0.259,0.939
27,17,7,2,0.979,1.659
27,17,7,3,2.240,2.939
27,17,7,4,3.099,3.599
27,17,7,5,4.339,5.739
27,17,7,6,5.920,7.099
27,17,8,1,0.259,1.000
27,17,8,2,1.100,1.759
27,17,8,3,1.879,2.139
27,17,8,4,2.200,2.799
27,17,8,5,3.480,4.019
27,17,8,6,4.139,4.819
27,17,8,7,5.400,6.679
27,17,9,1,0.259,1.059
27,17,9,2,1.100,1.959
27,17,9,3,2.079,2.419
27,17,9,4,2.440,3.259
27,17,9,5,3.980,4.759
27,17,9,6,4.880,5.679
27,17,9,7,5.799,6.539
27,17,9,8,6.599,7.199
27,17,10,1,0.699,1.639
27,17,10,2,2.119,2.839
27,17,10,3,4.099,4.579
27,17,10,4,5.099,5.759
27,17,10,5,5.819,6.559
27,17,11,1,0.239,1.159
27,17,11,2,1.279,1.819
27,17,11,3,1.919,2.700
27,17,11,4,3.460,4.099
27,17,11,5,4.159,5.000
27,17,11,6,5.299,5.980
27,17,11,7,6.099,6.920
27,17,12,1,0.199,0.659
27,17,12,2,1.079,1.979
27,17,12,3,2.099,2.740
27,17,12,4,2.779,3.359
27,17,12,5,4.319,5.579
27,17,12,6,5.699,6.279
27,17,12,7,6.339,7.339
27,17,13,1,0.219,0.699
27,17,13,2,0.899,1.120
27,17,13,3,1.899,2.559
27,17,13,4,2.759,3.419
27,17,13,5,3.679,4.639
27,17,13,6,5.460,6.339
27,17,13,7,6.519,7.139
27,17,13,8,7.579,8.220
27,17,13,9,8.340,9.239
27,17,14,1,0.219,1.019
27,17,14,2,1.399,1.879
27,17,14,3,2.480,2.500
27,17,14,4,3.720,4.339
27,17,14,5,4.400,5.159
27,17,14,6,5.619,6.239
27,17,14,7,6.359,7.099
27,17,14,8,7.679,8.759
27,17,14,9,9.159,9.859
27,17,14,10,9.920,10.559
27,17,14,11,11.159,11.920
27,17,14,12,12.019,12.460
27,17,14,13,13.340,14.279
27,17,14,14,14.439,14.979
27,17,14,15,15.399,16.539
27,17,15,1,0.280,0.680
27,17,15,2,0.740,1.919
27,17,15,3,1.959,2.539
27,17,15,4,2.659,3.359
27,17,15,5,3.980,4.799
27,17,15,6,5.139,5.879
27,17,15,7,6.019,7.159
27,18,1,1,0.419,1.159
27,18,1,2,1.360,1.659
27,18,1,3,1.679,2.159
27,18,1,4,2.319,2.659
27,18,1,5,3.399,3.720
27,18,1,6,3.819,4.299
27,18,1,7,4.360,4.960
27,18,1,8,5.039,5.239
27,18,1,9,5.279,5.619
27,18,1,10,5.679,6.159
27,18,1,11,6.199,6.659
27,18,1,12,7.279,7.599
27,18,1,13,7.659,8.099
27,18,1,14,8.119,8.300
27,18,1,15,8.639,8.960
27,18,1,16,9.099,9.539
27,18,1,17,9.639,9.779
27,18,1,18,9.859,10.340
27,18,1,19,10.859,11.500
27,18,1,20,11.719,12.159
27,18,2,1,0.219,0.879
27,18,2,2,2.220,3.279
27,18,2,3,3.619,3.899
27,18,2,4,4.339,5.399
27,18,3,1,0.340,0.639
27,18,3,2,1.139,1.679
27,18,3,3,1.819,2.819
27,18,3,4,3.019,4.099
27,18,3,5,4.880,5.480
27,18,3,6,5.900,6.420
27,18,3,7,6.599,7.179
27,18,3,8,7.219,7.460
27,18,3,9,8.059,8.840
27,18,3,10,9.279,10.039
27,18,3,11,10.119,10.840
27,18,3,12,11.219,12.399
27,18,4,1,0.439,1.259
27,18,4,2,1.299,1.879
27,18,4,3,1.899,3.139
27,18,4,4,3.179,3.539
27,18,4,5,3.699,4.420
27,18,4,6,4.719,6.059
27,18,5,1,0.319,1.240
27,18,5,2,1.379,1.839
27,18,5,3,1.959,2.539
27,18,5,4,3.519,4.319
27,18,5,5,4.460,5.539
27,18,5,6,5.599,6.899
27,18,6,1,0.539,1.079
27,18,6,2,1.179,1.879
27,18,6,3,1.919,2.659
27,18,6,4,3.220,4.219
27,18,6,5,4.360,4.940
27,18,6,6,5.079,5.840
27,18,7,1,0.299,0.879
27,18,7,2,0.959,1.419
27,18,7,3,1.459,2.019
27,18,7,4,2.139,2.819
27,18,7,5,3.279,3.740
27,18,7,6,3.879,4.539
27,18,7,7,4.719,5.739
27,18,7,8,6.500,7.239
27,18,7,9,7.279,7.979
27,18,7,10,8.039,8.479
27,18,7,11,9.139,9.960
27,18,7,12,10.099,10.739
27,18,7,13,10.960,11.319
27,18,7,14,11.479,12.699
27,18,8,1,0.319,1.360
27,18,8,2,1.419,2.299
27,18,8,3,2.339,3.139
27,18,8,4,3.740,4.559
27,18,8,5,4.619,5.079
27,18,8,6,5.139,6.059
27,18,8,7,7.379,8.880
27,18,8,8,8.960,9.119
27,18,8,9,9.239,9.679
27,18,8,10,9.699,10.180
27,18,9,1,0.439,0.979
27,18,9,2,1.039,1.559
27,18,9,3,1.699,2.399
27,18,9,4,3.179,3.819
27,18,9,5,3.980,4.539
27,18,9,6,4.639,5.179
27,18,9,7,5.940,6.579
27,18,9,8,6.759,7.279
27,18,9,9,7.339,8.520
27,18,10,1,0.299,0.899
27,18,10,2,0.979,1.819
27,18,10,3,1.839,2.939
27,18,10,4,3.859,4.859
27,18,10,5,5.159,5.699
27,18,10,6,5.739,6.679
27,18,11,1,0.359,1.139
27,18,11,2,1.159,1.379
27,18,11,3,1.419,1.779
27,18,11,4,1.879,2.779
27,18,11,5,3.679,4.980
27,18,11,6,5.099,5.279
27,18,11,7,5.480,5.960
27,18,11,8,6.059,6.979
27,18,12,1,0.319,0.879
27,18,12,2,0.919,1.679
27,18,12,3,1.860,2.399
27,18,12,4,3.099,4.079
27,18,12,5,4.239,5.000
27,18,12,6,5.559,6.179
27,18,12,7,6.299,7.199
27,18,12,8,7.259,7.679
27,18,12,9,7.879,8.779
27,18,13,1,0.439,1.399
27,18,13,2,1.500,2.079
27,18,13,3,2.700,3.379
27,18,13,4,3.500,4.139
27,18,13,5,4.900,5.460
27,18,13,6,5.739,6.479
27,18,13,7,6.619,7.259
27,18,14,1,0.340,1.199
27,18,14,2,1.240,2.379
27,18,14,3,2.440,4.699
27,18,14,4,4.739,5.579
27,18,14,5,5.659,6.239
27,18,14,6,6.339,6.799
27,18,14,7,7.299,7.899
27,18,14,8,8.159,8.960
27,18,14,9,9.019,9.720
27,18,15,1,0.199,1.159
27,18,15,2,1.179,1.939
27,18,15,3,2.039,2.819
27,18,15,4,3.619,4.579
27,18,15,5,4.639,5.420
27,18,15,6,5.480,6.679
27,18,16,1,0.419,1.480
27,18,16,2,1.679,2.200
27,18,16,3,2.319,2.859
27,18,16,4,3.720,4.639
27,18,16,5,4.819,5.380
27,18,16,6,5.440,5.900
27,18,16,7,6.259,7.259
27,18,16,8,7.659,8.599
27,18,16,9,9.139,10.279
27,18,16,10,10.380,11.099
27,18,16,11,11.159,12.159
27,18,17,1,0.280,0.919
27,18,17,2,1.039,1.860
27,18,17,3,2.000,2.839
27,18,17,4,3.639,4.440
27,18,17,5,4.539,5.380
27,18,17,6,5.500,6.380
27,18,18,1,0.199,1.179
27,18,18,2,1.279,2.000
27,18,18,3,2.099,2.639
27,18,18,4,3.359,4.579
27,18,18,5,4.719,5.019
27,18,18,6,5.059,5.839
27,18,18,7,5.900,6.900
27,18,19,1,0.239,1.259
27,18,19,2,1.319,1.899
27,18,19,3,1.939,2.339
27,18,19,4,3.179,3.839
27,18,19,5,3.959,4.099
27,18,19,6,4.319,5.539
27,18,19,7,5.599,6.079
27,18,20,1,0.259,1.500
27,18,20,2,1.519,2.379
27,18,20,3,3.079,4.339
27,18,20,4,4.759,4.960
27,18,20,5,5.079,5.819
27,18,20,6,5.859,6.380
27,18,21,1,0.560,1.379
27,18,21,2,1.459,2.180
27,18,21,3,2.319,3.079
27,18,21,4,4.079,4.380
27,18,21,5,4.679,5.259
27,18,21,6,5.299,5.759
27,18,21,7,5.819,6.479
27,18,22,1,0.280,0.439
27,18,22,2,0.539,1.419
27,18,22,3,1.459,1.919
27,18,22,4,2.000,3.359
27,18,22,5,3.439,3.779
27,18,22,6,3.939,4.839
27,18,22,7,4.900,6.059
27,18,23,1,0.239,0.359
27,18,23,2,0.439,0.719
27,18,23,3,0.779,1.679
27,18,23,4,1.719,2.339
27,18,23,5,3.299,4.420
27,18,23,6,4.779,4.960
27,18,23,7,5.119,5.779
27,18,23,8,5.980,6.739
27,18,24,1,0.379,1.399
27,18,24,2,1.579,2.039
27,18,24,3,2.119,2.659
27,18,24,4,3.379,4.759
27,18,24,5,4.900,5.960
27,18,25,1,0.340,1.179
27,18,25,2,1.319,1.399
27,18,25,3,1.579,2.180
27,18,25,4,2.299,3.079
27,18,25,5,4.179,4.619
27,18,25,6,4.699,5.299
27,18,25,7,5.539,6.119
27,18,25,8,6.219,7.159
27,18,26,1,0.459,0.740
27,18,26,2,0.839,1.639
27,18,26,3,1.740,2.740
27,18,26,4,3.460,3.659
27,18,26,5,3.679,4.119
27,18,26,6,4.219,4.779
27,18,26,7,4.980,6.319
27,18,27,1,0.259,0.539
27,18,27,2,0.560,1.179
27,18,27,3,1.539,2.440
27,18,27,4,3.059,3.419
27,18,27,5,3.500,4.259
27,18,27,6,4.619,6.059
27,18,28,1,0.179,0.479
27,18,28,2,0.699,1.500
27,18,28,3,1.659,2.000
27,18,28,4,2.099,2.460
27,18,28,5,2.559,3.359
27,18,28,6,4.119,4.920
27,18,28,7,5.000,5.559
27,18,28,8,5.679,6.679
27,18,29,1,0.259,0.399
27,18,29,2,0.500,1.079
27,18,29,3,1.120,1.599
27,18,29,4,1.719,2.119
27,18,29,5,2.819,3.139
27,18,29,6,3.919,4.599
27,18,29,7,5.019,5.900
27,18,29,8,6.319,7.319
27,18,30,1,0.340,0.500
27,18,30,2,0.539,0.779
27,18,30,3,1.079,1.519
27,18,30,4,1.639,2.059
27,18,30,5,3.000,3.939
27,18,30,6,4.239,5.059
27,18,30,7,5.099,5.759
27,18,31,1,0.340,1.059
27,18,31,2,1.179,1.620
27,18,31,3,1.740,2.319
27,18,31,4,3.159,3.879
27,18,31,5,4.099,4.339
27,18,31,6,4.900,5.539
27,18,31,7,6.339,6.920
27,18,31,8,6.980,7.239
27,18,31,9,7.639,8.199
27,18,31,10,8.359,9.019
27,18,31,11,9.079,9.579
27,18,32,1,0.379,0.579
27,18,32,2,0.599,0.879
27,18,32,3,1.059,1.939
27,18,32,4,2.000,3.019
27,18,32,5,3.159,3.739
27,18,32,6,4.519,4.859
27,18,32,7,5.019,5.559
27,18,32,8,5.679,6.319
27,18,32,9,6.500,7.500
27,18,33,1,0.219,0.879
27,18,33,2,0.899,2.079
27,18,33,3,2.180,2.700
27,18,33,4,3.359,4.420
27,18,33,5,4.599,5.019
27,18,33,6,5.159,6.000
27,18,34,1,0.359,0.879
27,18,34,2,1.240,1.759
27,18,34,3,2.000,2.899
27,18,34,4,3.659,4.139
27,18,34,5,4.279,5.059
27,18,34,6,5.279,6.559
27,18,35,1,0.379,1.100
27,18,35,2,1.139,1.679
27,18,35,3,1.740,2.740
27,18,35,4,3.740,4.659
27,18,35,5,4.819,5.460
27,18,35,6,5.579,6.339
27,18,35,7,6.819,7.940
27,18,36,1,0.359,1.419
27,18,36,2,1.500,1.819
27,18,36,3,1.919,2.500
27,18,36,4,2.559,3.559
27,18,36,5,4.299,5.279
27,18,36,6,5.440,6.440
27,18,36,7,7.219,8.579
27,18,36,8,9.059,10.139
27,18,37,1,0.199,0.799
27,18,37,2,0.899,1.459
27,18,37,3,1.559,2.139
27,18,37,4,3.059,3.519
27,18,37,5,3.699,4.239
27,18,37,6,4.500,5.759
27,18,38,1,0.280,1.179
27,18,38,2,1.220,1.879
27,18,38,3,1.959,3.000
27,18,38,4,3.779,4.119
27,18,38,5,4.199,4.819
27,18,38,6,4.920,5.139
27,18,38,7,5.199,6.319
27,18,39,1,0.359,1.139
27,18,39,2,1.240,1.539
27,18,39,3,1.620,2.200
27,18,39,4,2.319,2.639
27,18,39,5,3.460,4.039
27,18,39,6,4.380,4.920
27,18,39,7,4.980,5.759
27,18,40,1,0.459,1.919
27,18,40,2,1.979,2.599
27,18,40,3,2.619,3.679
27,18,40,4,4.380,5.219
27,18,40,5,5.440,6.119
27,18,40,6,6.179,7.159
27,18,41,1,0.419,1.279
27,18,41,2,1.399,1.979
27,18,41,3,2.039,2.180
27,18,41,4,2.220,2.759
27,18,41,5,3.699,5.019
27,18,41,6,5.059,6.319
27,18,42,1,0.359,1.240
27,18,42,2,1.319,1.740
27,18,42,3,1.839,2.460
27,18,42,4,3.379,3.639
27,18,42,5,3.779,4.779
27,18,42,6,4.920,5.219
27,18,42,7,5.319,6.059
27,18,43,1,0.379,1.620
27,18,43,2,1.819,2.779
27,18,43,3,2.859,3.059
27,18,43,4,3.179,3.519
27,18,43,5,3.639,4.099
27,18,43,6,4.900,5.359
27,18,43,7,5.380,6.299
27,18,43,8,6.359,7.339
27,18,44,1,0.299,1.500
27,18,44,2,1.519,1.999
27,18,44,3,2.019,2.440
27,18,44,4,3.339,4.179
27,18,44,5,4.219,4.699
27,18,44,6,4.819,5.219
27,18,44,7,6.039,6.559
27,18,44,8,6.659,6.839
27,18,44,9,6.920,7.619
27,18,44,10,8.059,9.199
27,18,45,1,0.319,1.139
27,18,45,2,1.159,1.719
27,18,45,3,2.059,2.960
27,18,45,4,3.019,3.259
27,18,45,5,4.119,4.500
27,18,45,6,4.599,5.219
27,18,45,7,5.699,6.539
27,18,45,8,6.599,7.079
27,18,46,1,0.319,0.620
27,18,46,2,0.659,1.199
27,18,46,3,1.240,2.119
27,18,46,4,2.859,4.019
27,18,46,5,4.940,6.840
27,18,47,1,0.379,0.899
27,18,47,2,1.000,1.259
27,18,47,3,1.279,2.480
27,18,47,4,2.539,3.000
27,18,47,5,3.519,4.339
27,18,47,6,4.599,5.159
27,18,47,7,5.319,6.079
27,18,48,1,0.359,0.959
27,18,48,2,1.039,1.879
27,18,48,3,1.939,2.559
27,18,48,4,2.599,2.819
27,18,48,5,3.500,4.480
27,18,48,6,4.519,5.039
27,18,48,7,5.179,6.179
27,18,49,1,0.359,1.319
27,18,49,2,1.439,2.359
27,18,49,3,3.399,3.839
27,18,49,4,4.440,4.719
27,18,49,5,4.859,5.460
27,18,49,6,5.699,6.639
27,18,49,7,7.199,7.779
27,18,49,8,7.839,8.519
27,18,49,9,8.659,9.819
27,18,50,1,0.419,0.599
27,18,50,2,0.740,1.120
27,18,50,3,1.259,1.659
27,18,50,4,1.979,2.659
27,18,50,5,2.759,2.859
27,18,50,6,4.000,5.099
27,18,50,7,5.539,6.839
27,18,51,1,0.359,1.059
27,18,51,2,1.100,1.719
27,18,51,3,1.819,2.379
27,18,51,4,3.119,3.639
27,18,51,5,3.759,4.279
27,18,51,6,4.559,5.420
27,18,51,7,5.819,6.599
27,18,51,8,7.000,7.919
27,18,51,9,8.319,8.539
27,18,51,10,8.599,9.299
27,19,1,1,0.359,1.079
27,19,1,2,1.500,1.959
27,19,1,3,2.019,2.240
27,19,2,1,0.140,1.220
27,19,2,2,1.299,2.079
27,19,2,3,2.180,2.639
27,19,2,4,2.700,3.039
27,19,2,5,4.099,4.759
27,19,2,6,4.799,5.400
27,19,2,7,5.500,6.079
27,19,2,8,6.159,7.159
27,19,3,1,0.439,0.799
27,19,3,2,0.859,1.399
27,19,3,3,1.480,2.079
27,19,3,4,2.159,2.859
27,19,3,5,3.839,4.659
27,19,3,6,4.739,5.460
27,19,3,7,5.599,6.279
27,19,3,8,6.399,7.079
27,19,4,1,0.399,0.799
27,19,4,2,0.839,1.279
27,19,4,3,1.439,1.899
27,19,4,4,1.939,2.500
27,19,4,5,3.139,3.559
27,19,4,6,3.679,4.159
27,19,4,7,4.400,5.219
27,19,5,1,0.359,0.779
27,19,5,2,0.839,1.539
27,19,5,3,1.579,2.059
27,19,5,4,2.220,2.859
27,19,5,5,3.720,4.319
27,19,5,6,4.420,4.900
27,19,5,7,5.099,5.839
27,19,5,8,6.559,7.460
27,19,5,9,8.079,8.380
27,19,5,10,8.659,9.199
27,19,5,11,9.239,10.000
27,19,6,1,0.519,1.139
27,19,6,2,1.179,1.860
27,19,6,3,1.939,2.419
27,19,6,4,2.539,3.379
27,19,6,5,4.279,4.940
27,19,6,6,4.960,5.900
27,19,6,7,6.059,6.719
27,19,6,8,6.779,7.579
27,19,7,1,0.439,0.939
27,19,7,2,1.000,2.099
27,19,7,3,2.180,2.819
27,19,7,4,3.379,4.440
27,19,7,5,4.559,4.759
27,19,7,6,4.859,5.500
27,19,7,7,6.299,6.879
27,19,7,8,7.019,7.739
27,19,7,9,8.159,9.239
27,19,8,1,0.159,0.699
27,19,8,2,0.719,0.979
27,19,8,3,1.439,2.099
27,19,8,4,2.299,2.980
27,19,8,5,3.059,3.740
27,19,8,6,4.579,5.119
27,19,8,7,5.279,5.379
27,19,8,8,5.619,6.799
27,19,8,9,7.059,7.859
27,19,8,10,8.139,8.819
27,19,9,1,0.239,1.019
27,19,9,2,1.159,1.319
27,19,9,3,1.860,2.720
27,19,9,4,3.079,3.939
27,19,9,5,3.959,4.279
27,19,9,6,5.079,5.819
27,19,9,7,5.859,6.139
27,19,9,8,6.559,7.039
27,19,9,9,7.519,8.319
27,19,9,10,8.359,9.339
27,19,10,1,0.379,0.979
27,19,10,2,1.120,1.359
27,19,10,3,1.799,2.339
27,19,10,4,2.480,3.159
27,19,10,5,3.199,3.740
27,19,10,6,4.440,5.159
27,19,10,7,5.259,5.379
27,19,10,8,6.079,6.539
27,19,10,9,7.119,7.919
27,19,10,10,8.019,8.979
27,19,11,1,0.259,1.539
27,19,11,2,1.639,2.579
27,19,11,3,2.879,3.859
27,19,11,4,3.939,4.420
27,19,11,5,5.119,6.139
27,19,11,6,6.239,7.119
27,19,11,7,7.519,8.380
27,19,11,8,8.420,9.199
27,19,12,1,0.319,0.659
27,19,12,2,0.699,1.259
27,19,12,3,1.399,1.919
27,19,12,4,2.000,2.419
27,19,12,5,3.039,4.299
27,19,12,6,4.319,4.980
27,19,12,7,5.000,5.639
27,19,13,1,0.459,1.100
27,19,13,2,1.220,1.419
27,19,13,3,1.439,1.939
27,19,13,4,2.799,4.179
27,19,13,5,4.219,5.299
27,19,14,1,0.299,0.579
27,19,14,2,0.659,1.579
27,19,14,3,1.659,2.159
27,19,14,4,2.200,2.679
27,19,14,5,3.699,3.980
27,19,14,6,4.059,4.699
27,19,14,7,4.839,5.099
27,19,14,8,5.699,6.099
27,19,14,9,6.159,6.699
27,19,14,10,7.440,8.519
27,19,14,11,8.579,9.359
27,19,14,12,9.519,10.319
27,19,15,1,0.379,0.939
27,19,15,2,1.019,1.879
27,19,15,3,2.059,2.480
27,19,15,4,2.500,2.759
27,19,15,5,3.519,4.319
27,19,15,6,4.380,4.880
27,19,15,7,4.920,5.539
27,19,15,8,6.279,6.460
27,19,15,9,7.319,7.679
27,19,15,10,7.859,8.880
27,20,1,1,0.179,1.199
27,20,1,2,1.299,1.819
27,20,1,3,1.879,2.259
27,20,2,1,0.319,0.879
27,20,2,2,1.100,1.199
27,20,2,3,1.779,2.259
27,20,2,4,2.339,2.779
27,20,2,5,3.519,4.659
27,20,2,6,4.799,5.239
27,20,2,7,5.339,5.779
27,20,2,8,5.839,6.739
27,20,3,1,0.280,0.839
27,20,3,2,0.959,1.719
27,20,3,3,1.799,2.720
27,20,3,4,3.259,4.699
27,20,3,5,4.739,6.180
27,20,4,1,0.340,0.919
27,20,4,2,1.079,1.339
27,20,4,3,1.480,2.399
27,20,4,4,3.279,4.420
27,20,4,5,5.000,6.039
27,20,4,6,6.279,6.739
27,20,5,1,0.419,0.919
27,20,5,2,0.979,1.519
27,20,5,3,1.559,2.559
27,20,5,4,3.319,3.779
27,20,5,5,3.899,5.139
27,20,5,6,5.239,6.239
27,20,6,1,0.359,1.199
27,20,6,2,1.360,2.319
27,20,6,3,3.059,3.779
27,20,6,4,3.839,4.579
27,20,6,5,4.639,5.259
27,20,6,6,6.000,6.639
27,20,6,7,6.739,7.019
27,20,6,8,7.659,7.960
27,20,6,9,8.099,9.579
27,20,7,1,0.359,1.000
27,20,7,2,1.139,1.839
27,20,7,3,2.399,2.579
27,20,7,4,2.619,3.359
27,20,7,5,3.539,3.779
27,20,7,6,4.339,5.000
27,20,7,7,5.699,6.619
27,20,7,8,6.659,7.419
27,20,7,9,7.559,8.199
27,20,7,10,8.920,9.880
27,20,7,11,10.239,10.840
27,20,7,12,11.079,11.939
27,20,8,1,0.280,0.839
27,20,8,2,0.919,1.480
27,20,8,3,1.759,2.440
27,20,8,4,2.500,3.419
27,20,8,5,4.339,5.159
27,20,8,6,5.619,6.259
27,20,8,7,6.379,7.179
27,20,8,8,7.219,7.879
27,20,8,9,7.980,8.939
27,20,9,1,0.259,0.979
27,20,9,2,1.019,1.639
27,20,9,3,1.699,2.639
27,20,9,4,3.480,4.239
27,20,9,5,4.380,4.839
27,20,9,6,4.920,6.320
27,20,10,1,0.219,1.259
27,20,10,2,1.260,1.839
27,20,10,3,2.539,3.539
27,20,10,4,3.679,4.539
27,20,10,5,4.839,5.279
27,20,10,6,5.420,6.500
27,21,1,1,0.419,1.360
27,21,1,2,1.379,1.899
27,21,1,3,1.979,2.299
27,21,2,1,0.519,0.839
27,21,2,2,1.799,2.440
27,21,2,3,2.599,3.319
27,21,2,4,3.419,3.899
27,21,2,5,4.619,5.480
27,21,2,6,6.139,6.239
27,21,2,7,6.399,7.059
27,21,2,8,7.119,7.800
27,21,3,1,0.280,0.879
27,21,3,2,0.939,1.599
27,21,3,3,1.620,1.959
27,21,3,4,2.240,2.480
27,21,3,5,3.379,4.219
27,21,3,6,4.299,5.039
27,21,3,7,5.359,5.779
27,21,3,8,5.819,6.500
27,21,3,9,6.519,7.139
27,21,4,1,0.280,0.399
27,21,4,2,0.459,1.879
27,21,4,3,1.979,2.679
27,21,4,4,2.699,2.960
27,21,4,5,3.799,4.400
27,21,4,6,4.440,5.239
27,21,4,7,5.299,6.059
27,21,4,8,6.119,6.839
27,21,5,1,0.379,0.819
27,21,5,2,0.939,1.379
27,21,5,3,1.500,2.119
27,21,5,4,2.359,3.000
27,21,5,5,3.019,3.240
27,21,5,6,3.980,4.519
27,21,5,7,4.599,5.259
27,21,5,8,5.299,5.699
27,21,5,9,5.819,6.599
27,21,6,1,0.340,0.899
27,21,6,2,1.000,1.620
27,21,6,3,1.719,2.779
27,21,6,4,3.480,3.899
27,21,6,5,3.939,4.559
27,21,6,6,4.719,5.500
27,21,6,7,5.559,6.239
27,21,7,1,0.299,0.459
27,21,7,2,0.539,1.539
27,21,7,3,1.639,2.319
27,21,7,4,2.379,2.879
27,21,7,5,3.759,4.759
27,21,7,6,4.839,5.619
27,21,7,7,6.000,6.219
27,21,7,8,6.319,7.199
27,21,8,1,0.439,0.599
27,21,8,2,0.639,1.500
27,21,8,3,1.519,2.240
27,21,8,4,2.339,2.599
27,21,8,5,2.619,4.480
27,21,8,6,4.559,5.159
27,21,8,7,5.659,5.960
27,21,8,8,6.019,7.019
27,21,9,1,0.359,1.079
27,21,9,2,1.100,1.740
27,21,9,3,1.879,2.379
27,21,9,4,2.419,3.179
27,21,9,5,4.059,4.819
27,21,9,6,5.019,5.639
27,21,9,7,5.859,7.019
27,21,10,1,0.280,1.259
27,21,10,2,1.379,2.279
27,21,10,3,2.599,3.059
27,21,10,4,3.119,3.579
27,21,10,5,3.740,4.319
27,21,10,6,5.179,5.339
27,21,10,7,6.379,7.319
27,21,10,8,7.419,8.399
27,21,10,9,8.920,10.059
27,21,10,10,10.119,10.679
27,21,11,1,0.219,1.100
27,21,11,2,1.199,1.979
27,21,11,3,2.119,2.819
27,21,11,4,3.559,4.420
27,21,11,5,4.659,5.359
27,21,11,6,5.539,6.179
27,21,12,1,0.239,0.379
27,21,12,2,0.419,0.839
27,21,12,3,0.939,1.379
27,21,12,4,1.639,2.099
27,21,12,5,2.759,3.460
27,21,12,6,3.519,4.339
27,21,12,7,4.519,4.799
27,21,12,8,4.839,5.820
27,21,13,1,0.239,0.519
27,21,13,2,0.539,1.639
27,21,13,3,1.779,2.359
27,21,13,4,3.099,4.000
27,21,13,5,4.299,4.959
27,21,13,6,5.059,5.299
27,21,13,7,5.420,6.320
27,21,14,1,0.319,0.819
27,21,14,2,0.959,1.199
27,21,14,3,1.979,3.000
27,21,14,4,3.699,4.519
27,21,14,5,4.900,5.960
27,21,14,6,6.079,7.339
27,22,1,1,0.299,1.220
27,22,1,2,1.339,1.959
27,22,1,3,2.039,2.639
27,22,1,4,2.679,3.359
27,22,1,5,3.480,3.980
27,22,1,6,4.039,4.500
27,22,2,1,0.439,1.120
27,22,2,2,1.539,2.159
27,22,2,3,2.359,2.980
27,22,2,4,3.079,4.000
27,22,2,5,4.759,5.299
27,22,2,6,5.359,6.259
27,22,2,7,6.659,7.239
27,22,2,8,7.339,8.460
27,22,3,1,0.239,1.039
27,22,3,2,1.719,2.379
27,22,3,3,2.440,3.099
27,22,3,4,3.399,3.819
27,22,3,5,4.019,4.539
27,22,3,6,5.420,6.139
27,22,3,7,6.440,6.839
27,22,3,8,7.039,7.379
27,22,3,9,7.819,8.319
27,22,4,1,0.239,1.179
27,22,4,2,1.220,1.799
27,22,4,3,2.299,3.000
27,22,4,4,3.059,3.819
27,22,4,5,3.859,4.980
27,22,5,1,0.379,0.680
27,22,5,2,1.120,1.799
27,22,5,3,1.979,2.720
27,22,5,4,3.460,4.259
27,22,5,5,4.659,6.319
27,22,6,1,0.280,0.799
27,22,6,2,1.039,1.679
27,22,6,3,1.740,2.799
27,22,6,4,3.559,4.179
27,22,6,5,4.299,5.099
27,22,6,6,5.199,5.559
27,22,6,7,5.679,6.559
27,22,7,1,0.359,1.139
27,22,7,2,1.259,1.979
27,22,7,3,2.059,2.419
27,22,7,4,2.460,2.779
27,22,7,5,3.399,4.119
27,22,7,6,4.259,4.779
27,22,7,7,5.039,5.699
27,22,7,8,5.739,6.419
27,22,8,1,0.299,0.620
27,22,8,2,0.680,1.360
27,22,8,3,1.379,2.019
27,22,8,4,2.059,2.240
27,22,8,5,2.980,3.839
27,22,8,6,3.919,4.639
27,22,8,7,5.119,5.779
27,22,8,8,5.839,6.500
27,22,9,1,0.359,0.859
27,22,9,2,0.919,1.059
27,22,9,3,1.159,2.000
27,22,9,4,2.079,2.960
27,22,9,5,3.720,4.679
27,22,9,6,4.940,5.079
27,22,9,7,5.199,5.839
27,22,9,8,5.859,6.380
27,22,10,1,0.219,0.479
27,22,10,2,0.620,1.259
27,22,10,3,1.360,1.759
27,22,10,4,1.819,2.759
27,22,10,5,3.379,4.259
27,22,10,6,4.400,4.559
27,22,10,7,4.659,5.139
27,22,10,8,5.179,6.000
27,22,11,1,0.399,0.939
27,22,11,2,1.000,1.959
27,22,11,3,1.979,2.759
27,22,11,4,3.460,4.339
27,22,11,5,4.380,5.059
27,22,11,6,5.519,6.299
27,22,11,7,6.319,7.199
27,22,12,1,0.359,0.659
27,22,12,2,0.779,1.439
27,22,12,3,1.519,2.379
27,22,12,4,2.799,2.879
27,22,12,5,3.179,3.679
27,22,12,6,3.779,4.420
27,22,12,7,4.900,5.039
27,22,12,8,5.199,5.539
27,22,12,9,5.679,6.559
27,22,13,1,0.359,1.220
27,22,13,2,1.379,1.819
27,22,13,3,1.939,2.519
27,22,13,4,3.240,3.959
27,22,13,5,4.099,4.839
27,22,13,6,4.980,6.079
27,22,14,1,0.359,0.939
27,22,14,2,1.100,1.519
27,22,14,3,1.639,2.099
27,22,14,4,2.779,3.319
27,22,14,5,3.579,4.059
27,22,14,6,4.079,5.119
27,22,15,1,0.340,1.240
27,22,15,2,1.319,2.180
27,22,15,3,2.859,4.000
27,22,15,4,4.159,4.400
27,22,15,5,4.460,5.359
27,22,15,6,6.199,6.599
27,22,15,7,6.799,7.239
27,22,15,8,7.500,8.359
27,22,15,9,8.840,9.479
27,22,15,10,9.559,10.139
27,22,15,11,10.260,11.019
27,22,16,1,0.459,1.159
27,22,16,2,1.199,2.000
27,22,16,3,2.079,2.460
27,22,16,4,3.779,4.500
27,22,16,5,4.679,5.259
27,22,16,6,5.359,6.099
27,22,16,7,7.059,8.039
27,22,16,8,8.179,8.800
27,22,16,9,8.840,10.079
27,22,17,1,0.459,0.620
27,22,17,2,0.680,1.439
27,22,17,3,1.539,2.139
27,22,17,4,3.039,3.539
27,22,17,5,3.659,4.219
27,22,17,6,4.319,5.279
27,22,17,7,6.239,6.960
27,22,17,8,7.460,8.079
27,22,17,9,8.159,9.199
27,22,18,1,0.340,1.100
27,22,18,2,1.279,1.539
27,22,18,3,1.579,2.379
27,22,18,4,3.199,3.919
27,22,18,5,4.099,5.039
27,22,18,6,5.139,5.739
27,22,18,7,5.779,6.479
27,22,19,1,0.379,1.159
27,22,19,2,1.279,1.579
27,22,19,3,1.919,2.440
27,22,19,4,3.379,3.779
27,22,19,5,3.859,4.480
27,22,19,6,4.980,5.819
27,22,19,7,5.879,6.739
27,22,20,1,0.340,1.199
27,22,20,2,1.319,2.259
27,22,20,3,2.260,2.339
27,22,20,4,2.460,3.019
27,22,20,5,3.879,4.759
27,22,20,6,5.119,6.000
27,22,20,7,6.239,7.199
27,22,21,1,0.599,1.500
27,22,21,2,1.539,2.139
27,22,21,3,2.220,2.759
27,22,21,4,3.619,4.179
27,22,21,5,4.360,4.900
27,22,21,6,4.980,6.139
27,22,22,1,0.439,1.259
27,22,22,2,1.299,1.799
27,22,22,3,1.860,2.460
27,22,22,4,3.059,4.079
27,22,22,5,4.179,4.839
27,22,22,6,4.880,6.059
27,22,23,1,0.259,1.120
27,22,23,2,1.259,1.639
27,22,23,3,1.919,2.639
27,22,23,4,3.439,3.959
27,22,23,5,3.980,4.739
27,22,23,6,4.779,6.139
27,22,24,1,0.379,1.000
27,22,24,2,1.199,1.259
27,22,24,3,1.459,2.759
27,22,24,4,3.559,3.859
27,22,24,5,3.959,4.500
27,22,24,6,4.539,5.359
27,22,24,7,5.400,6.339
27,22,24,8,7.379,8.139
27,22,24,9,8.340,9.199
27,22,24,10,9.619,10.079
27,22,24,11,10.139,10.539
27,22,24,12,10.819,11.899
27,22,25,1,0.280,0.560
27,22,25,2,0.579,0.879
27,22,25,3,0.979,1.599
27,22,25,4,1.699,2.059
27,22,25,5,2.180,2.939
27,22,25,6,3.079,3.539
27,22,25,7,3.599,3.959
27,22,25,8,4.759,5.079
27,22,25,9,5.139,5.719
27,22,25,10,5.819,6.319
27,22,25,11,6.399,7.159
27,22,25,12,8.300,9.619
27,22,25,13,9.779,10.460
27,22,25,14,10.800,11.759
27,22,26,1,0.259,0.819
27,22,26,2,1.159,2.019
27,22,26,3,2.379,3.039
27,22,26,4,3.099,3.559
27,22,26,5,4.279,5.000
27,22,26,6,5.139,6.000
27,22,26,7,6.059,6.460
27,22,26,8,6.480,7.440
27,22,27,1,0.280,0.939
27,22,27,2,1.039,1.659
27,22,27,3,1.719,2.879
27,22,27,4,3.639,4.500
27,22,27,5,4.559,4.819
27,22,27,6,5.219,5.879
27,22,27,7,6.699,7.159
27,22,27,8,7.239,7.980
27,22,27,9,8.059,8.739
27,22,28,1,0.379,1.179
27,22,28,2,1.279,2.299
27,22,28,3,2.359,2.619
27,22,28,4,2.679,3.220
27,22,28,5,3.839,4.319
27,22,28,6,4.380,4.980
27,22,28,7,5.059,5.699
27,22,28,8,6.440,7.460
27,22,28,9,7.559,8.340
27,22,28,10,8.779,9.179
27,22,28,11,9.319,10.039
27,22,28,12,10.159,10.779
27,22,29,1,0.319,0.459
27,22,29,2,0.620,1.459
27,22,29,3,1.479,2.200
27,22,29,4,3.000,3.659
27,22,29,5,3.819,4.800
27,22,30,1,0.280,1.039
27,22,30,2,1.539,2.759
27,22,30,3,2.899,3.119
27,22,30,4,3.199,3.659
27,22,30,5,3.779,4.360
27,22,30,6,5.099,5.679
27,22,30,7,5.859,6.679
27,22,30,8,7.159,7.579
27,22,30,9,7.839,8.359
27,22,30,10,8.460,9.039
27,22,30,11,9.760,10.559
27,22,30,12,11.039,11.279
27,22,30,13,11.380,12.360
27,22,31,1,0.359,0.859
27,22,31,2,1.059,1.919
27,22,31,3,2.619,3.559
27,22,31,4,3.639,4.299
27,22,31,5,4.339,5.219
27,22,32,1,0.280,0.839
27,22,32,2,1.019,1.979
27,22,32,3,2.099,2.899
27,22,32,4,3.659,4.119
27,22,32,5,4.219,4.839
27,22,32,6,5.400,5.599
27,22,32,7,5.639,6.500
27,23,1,1,0.359,0.799
27,23,1,2,0.819,1.419
27,23,1,3,2.879,3.159
27,23,1,4,3.639,4.360
27,23,1,5,4.460,4.619
27,23,1,6,4.719,5.579
27,23,2,1,0.179,0.819
27,23,2,2,0.839,1.360
27,23,2,3,1.379,2.339
27,23,2,4,3.079,3.299
27,23,2,5,3.399,3.579
27,23,2,6,3.699,4.440
27,23,2,7,4.460,5.539
27,23,3,1,0.219,0.819
27,23,3,2,1.039,1.740
27,23,3,3,2.440,3.259
27,23,3,4,3.319,4.179
27,23,3,5,4.480,5.000
27,23,3,6,5.460,6.099
27,23,3,7,6.119,6.840
27,23,4,1,0.280,0.759
27,23,4,2,0.879,1.059
27,23,4,3,1.179,1.699
27,23,4,4,1.740,2.099
27,23,4,5,2.259,3.099
27,23,4,6,3.659,3.939
27,23,4,7,4.079,4.619
27,23,4,8,4.659,4.940
27,23,4,9,5.460,5.859
27,23,4,10,5.920,6.539
27,23,4,11,6.699,7.379
27,23,4,12,8.340,9.319
27,23,4,13,9.380,11.499
27,23,4,14,11.519,12.159
27,23,4,15,12.420,13.599
27,23,5,1,0.140,0.779
27,23,5,2,0.839,1.480
27,23,5,3,1.620,2.339
27,23,5,4,2.539,3.059
27,23,5,5,3.139,3.740
27,23,5,6,4.579,5.380
27,23,5,7,5.619,6.559
27,23,5,8,6.639,7.099
27,23,5,9,7.719,8.300
27,23,5,10,8.439,9.119
27,23,6,1,0.299,0.719
27,23,6,2,0.859,1.220
27,23,6,3,1.339,2.419
27,23,6,4,2.539,3.639
27,23,6,5,3.779,4.039
27,23,6,6,4.119,4.480
27,23,6,7,4.599,5.239
27,23,6,8,5.960,6.839
27,23,6,9,7.000,7.539
27,23,6,10,7.599,7.899
27,23,6,11,8.699,9.619
27,23,6,12,9.639,10.259
27,24,1,1,0.379,1.120
27,24,1,2,1.179,1.719
27,24,1,3,2.559,3.599
27,24,1,4,3.639,4.239
27,24,1,5,4.279,4.900
27,24,1,6,5.659,6.299
27,24,1,7,6.359,7.159
27,24,1,8,7.179,7.579
27,24,2,1,0.259,0.479
27,24,2,2,0.500,0.779
27,24,2,3,0.879,1.039
27,24,2,4,1.079,1.659
27,24,2,5,1.779,2.379
27,24,2,6,3.099,3.619
27,24,2,7,3.679,4.400
27,24,2,8,4.500,5.659
27,24,3,1,0.419,0.759
27,24,3,2,0.939,1.559
27,24,3,3,1.659,2.079
27,24,3,4,2.139,3.220
27,24,3,5,3.299,3.679
27,24,3,6,3.759,4.460
27,24,3,7,4.480,5.000
27,24,3,8,5.159,6.059
27,24,4,1,0.359,0.819
27,24,4,2,0.939,2.039
27,24,4,3,2.079,2.460
27,24,4,4,2.500,3.099
27,24,4,5,3.740,4.299
27,24,4,6,4.319,4.599
27,24,4,7,4.639,5.199
27,24,4,8,5.299,5.839
27,24,4,9,5.879,6.480
27,24,4,10,7.059,7.559
27,24,4,11,7.599,8.179
27,24,4,12,8.340,9.299
27,24,5,1,0.459,1.120
27,24,5,2,1.220,1.819
27,24,5,3,1.939,2.419
27,24,5,4,2.480,3.139
27,24,5,5,3.879,4.799
27,24,5,6,5.239,6.039
27,24,5,7,6.159,6.980
27,24,6,1,0.439,0.719
27,24,6,2,0.919,1.240
27,24,6,3,1.360,2.099
27,24,6,4,2.639,3.460
27,24,6,5,3.519,4.099
27,24,6,6,4.519,5.239
27,24,6,7,5.599,6.079
27,24,7,1,0.299,0.740
27,24,7,2,0.839,1.419
27,24,7,3,1.519,2.419
27,24,7,4,3.000,4.059
27,24,7,5,4.139,4.559
27,24,7,6,4.599,5.019
27,24,7,7,5.599,6.299
27,24,7,8,6.440,7.000
27,24,7,9,7.039,8.099
27,24,8,1,0.479,0.819
27,24,8,2,0.939,1.139
27,24,8,3,1.220,1.719
27,24,8,4,1.759,2.519
27,24,8,5,3.099,3.459
27,24,8,6,3.859,4.539
27,24,8,7,4.599,5.319
27,24,8,8,5.739,6.079
27,24,8,9,6.599,7.259
27,24,8,10,7.399,8.319
27,24,9,1,0.299,0.779
27,24,9,2,0.879,1.539
27,24,9,3,1.579,2.519
27,24,9,4,3.059,3.639
27,24,9,5,3.779,4.279
27,24,9,6,4.339,4.839
27,24,9,7,5.480,6.159
27,24,9,8,6.279,6.859
27,24,9,9,6.899,7.940
27,24,10,1,0.379,0.680
27,24,10,2,0.759,0.959
27,24,10,3,1.039,1.319
27,24,10,4,1.459,1.939
27,24,10,5,1.979,2.799
27,24,10,6,3.439,3.740
27,24,10,7,4.299,5.000
27,24,10,8,5.519,5.920
27,24,10,9,6.039,6.559
27,24,10,10,6.599,7.419
27,24,10,11,7.819,8.300
27,25,1,1,0.079,0.659
27,25,1,2,1.740,2.500
27,25,1,3,2.619,2.639
27,25,1,4,2.980,4.119
27,25,1,5,4.199,4.820
27,25,2,1,0.340,1.000
27,25,2,2,1.559,1.839
27,25,2,3,2.240,2.960
27,25,2,4,3.559,3.899
27,25,2,5,3.959,4.659
27,25,2,6,5.400,5.679
27,25,2,7,5.879,7.059
27,25,2,8,7.099,7.779
27,25,2,9,7.879,8.359
27,25,3,1,0.239,0.479
27,25,3,2,0.579,0.779
27,25,3,3,0.879,1.339
27,25,3,4,1.519,1.699
27,25,3,5,1.759,2.440
27,25,3,6,3.339,4.099
27,25,3,7,4.179,5.199
27,25,3,8,5.239,6.000
27,25,4,1,0.340,1.139
27,25,4,2,1.159,1.339
27,25,4,3,1.559,2.939
27,25,4,4,3.659,4.559
27,25,4,5,4.799,5.960
27,25,5,1,0.179,1.319
27,25,5,2,1.799,3.079
27,25,5,3,3.419,4.440
27,25,5,4,5.059,5.199
27,25,5,5,5.380,6.079
27,25,5,6,6.259,6.819
27,25,5,7,6.960,7.599
27,25,5,8,8.139,8.619
27,25,5,9,8.920,9.840
27,25,5,10,9.880,10.119
27,25,5,11,10.179,10.960
27,25,6,1,0.379,1.000
27,25,6,2,1.059,1.779
27,25,6,3,2.079,2.099
27,25,6,4,2.379,4.119
27,25,6,5,4.639,4.799
27,25,6,6,4.920,5.759
27,25,6,7,5.779,6.480
27,25,7,1,0.419,1.139
27,25,7,2,1.240,1.959
27,25,7,3,2.099,2.980
27,25,7,4,3.039,3.179
27,25,7,5,3.279,3.939
27,25,7,6,4.759,5.559
27,25,7,7,5.960,6.379
27,25,7,8,6.420,6.619
27,25,7,9,6.819,7.319
27,25,7,10,8.000,8.720
27,25,7,11,8.899,9.519
27,25,7,12,9.800,10.600
27,25,8,1,0.259,0.639
27,25,8,2,0.859,1.620
27,25,8,3,1.659,2.879
27,25,8,4,2.960,3.159
27,25,8,5,3.299,3.579
27,25,8,6,3.659,4.079
27,25,8,7,4.219,4.980
27,25,8,8,5.139,6.079
27,25,9,1,0.359,1.059
27,25,9,2,1.179,1.799
27,25,9,3,1.839,2.700
27,25,9,4,3.500,4.440
27,25,9,5,4.480,5.179
27,25,9,6,5.319,6.259
27,25,10,1,0.359,0.879
27,25,10,2,0.919,1.620
27,25,10,3,1.679,2.159
27,25,10,4,2.419,3.079
27,25,10,5,3.159,3.799
27,25,10,6,4.819,5.619
27,25,10,7,5.699,6.460
27,25,10,8,6.500,7.679
27,25,11,1,0.259,0.879
27,25,11,2,0.979,1.599
27,25,11,3,1.759,3.079
27,25,11,4,3.159,3.879
27,25,11,5,4.159,4.960
27,25,11,6,5.000,5.199
27,25,11,7,5.279,5.739
27,25,11,8,5.799,6.320
27,25,12,1,0.500,0.819
27,25,12,2,0.939,1.159
27,25,12,3,1.240,1.899
27,25,12,4,1.979,2.440
27,25,12,5,2.559,3.959
27,25,12,6,4.000,4.739
27,25,12,7,5.039,5.779
27,25,12,8,5.839,6.679
27,25,13,1,0.319,0.879
27,25,13,2,0.979,1.439
27,25,13,3,1.480,1.939
27,25,13,4,2.740,3.500
27,25,13,5,3.659,4.299
27,25,13,6,4.360,5.359
27,25,14,1,0.359,0.859
27,25,14,2,0.919,1.199
27,25,14,3,1.620,2.440
27,25,14,4,3.179,4.039
27,25,14,5,4.099,5.299
27,25,15,1,0.219,0.740
27,25,15,2,0.899,1.319
27,25,15,3,1.439,1.480
27,25,15,4,1.519,2.039
27,25,15,5,2.899,3.119
27,25,15,6,3.139,3.399
27,25,15,7,3.439,4.059
27,25,15,8,4.239,5.059
27,25,15,9,5.099,5.900
27,25,16,1,0.299,0.859
27,25,16,2,0.959,1.379
27,25,16,3,1.480,2.460
27,25,16,4,3.139,3.319
27,25,16,5,3.419,4.079
27,25,16,6,4.380,5.239
27,25,16,7,5.319,6.059
27,25,17,1,0.239,0.799
27,25,17,2,0.879,1.439
27,25,17,3,1.500,2.440
27,25,17,4,3.099,4.460
27,25,17,5,4.659,6.059
27,25,18,1,0.399,0.899
27,25,18,2,0.959,1.539
27,25,18,3,1.740,2.500
27,25,18,4,3.399,3.939
27,25,18,5,4.139,4.719
27,25,18,6,4.779,5.839
27,25,19,1,0.340,0.799
27,25,19,2,0.839,1.559
27,25,19,3,1.679,1.879
27,25,19,4,1.979,2.539
27,25,19,5,3.339,4.279
27,25,19,6,4.339,4.940
27,25,19,7,5.099,6.239
27,25,20,1,0.280,0.939
27,25,20,2,1.019,1.620
27,25,20,3,1.679,2.839
27,25,20,4,3.699,3.919
27,25,20,5,4.019,4.539
27,25,20,6,4.599,4.719
27,25,20,7,4.799,5.460
27,25,20,8,5.480,5.960
27,25,21,1,0.419,0.819
27,25,21,2,0.919,1.740
27,25,21,3,1.899,2.859
27,25,21,4,3.539,3.740
27,25,21,5,3.859,5.159
27,25,22,1,0.219,0.879
27,25,22,2,0.939,1.620
27,25,22,3,1.659,1.899
27,25,22,4,1.959,2.700
27,25,22,5,3.240,3.859
27,25,22,6,4.079,5.059
27,26,1,1,0.099,0.879
27,26,1,2,1.740,2.559
27,26,1,3,2.579,2.699
27,26,1,4,2.819,3.699
27,26,1,5,3.799,4.139
27,26,1,6,4.219,4.940
27,26,1,7,4.980,5.619
27,26,1,8,6.359,6.639
27,26,1,9,7.339,8.039
27,26,1,10,8.159,8.340
27,26,1,11,8.380,8.880
27,26,2,1,0.179,0.959
27,26,2,2,1.100,1.860
27,26,2,3,1.879,2.700
27,26,2,4,3.579,4.219
27,26,2,5,4.239,5.259
27,26,2,6,5.359,6.179
27,26,3,1,0.159,0.319
27,26,3,2,0.359,1.139
27,26,3,3,1.240,1.919
27,26,3,4,1.979,2.559
27,26,3,5,3.379,5.139
27,26,3,6,5.199,6.559
27,26,4,1,0.319,0.620
27,26,4,2,0.659,1.379
27,26,4,3,1.599,1.819
27,26,4,4,1.879,2.200
27,26,4,5,2.299,2.859
27,26,4,6,3.559,4.019
27,26,4,7,4.139,5.059
27,26,4,8,5.159,5.299
27,26,4,9,5.319,5.899
27,26,5,1,0.259,1.000
27,26,5,2,1.079,1.559
27,26,5,3,1.659,2.259
27,26,5,4,2.980,3.319
27,26,5,5,3.359,4.079
27,26,5,6,4.420,4.599
27,26,5,7,4.639,5.399
27,26,6,1,0.219,0.959
27,26,6,2,1.059,2.079
27,26,6,3,2.299,2.899
27,26,6,4,3.740,4.920
27,26,6,5,5.019,5.299
27,26,6,6,5.400,6.179
27,26,6,7,6.599,7.379
27,26,7,1,0.259,1.120
27,26,7,2,1.179,1.679
27,26,7,3,1.759,2.180
27,26,7,4,3.139,4.219
27,26,7,5,4.380,4.699
27,26,7,6,4.719,5.960
27,26,8,1,0.359,0.719
27,26,8,2,1.659,2.399
27,26,8,3,2.539,3.019
27,26,8,4,3.199,3.859
27,26,8,5,4.659,5.319
27,26,8,6,5.480,6.359
27,26,8,7,6.399,7.320
27,26,9,1,0.199,0.539
27,26,9,2,0.639,1.360
27,26,9,3,1.740,2.099
27,26,9,4,2.159,3.039
27,26,9,5,3.099,3.720
27,26,9,6,4.579,5.139
27,26,9,7,5.199,5.719
27,26,9,8,5.799,6.339
27,26,9,9,6.539,7.439
27,26,10,1,0.199,0.779
27,26,10,2,0.959,1.799
27,26,10,3,1.899,2.460
27,26,10,4,3.299,4.360
27,26,10,5,4.380,4.960
27,26,10,6,5.119,5.839
27,26,11,1,0.239,0.979
27,26,11,2,1.279,2.000
27,26,11,3,2.159,2.759
27,26,11,4,3.740,4.460
27,26,11,5,4.839,6.000
27,26,12,1,0.319,0.939
27,26,12,2,1.059,1.779
27,26,12,3,1.979,2.720
27,26,12,4,3.519,4.619
27,26,12,5,4.880,5.460
27,26,12,6,5.639,6.480
27,27,1,1,0.159,0.759
27,27,1,2,1.819,2.099
27,27,1,3,2.720,3.139
27,27,1,4,3.240,3.980
27,27,1,5,4.400,4.960
27,27,1,6,5.119,5.539
27,27,1,7,6.379,6.659
27,27,1,8,7.039,7.519
27,27,1,9,7.599,8.279
27,27,1,10,8.559,9.019
27,27,1,11,9.179,10.019
27,27,2,1,0.399,1.220
27,27,2,2,1.259,1.740
27,27,2,3,1.799,2.700
27,27,2,4,2.759,3.480
27,27,2,5,3.539,3.659
27,27,2,6,3.779,4.279
27,27,2,7,5.119,5.699
27,27,2,8,5.759,6.619
27,27,2,9,6.659,6.859
27,27,2,10,7.859,8.380
27,27,2,11,8.639,9.380
27,27,2,12,9.460,10.780
27,27,3,1,0.239,0.519
27,27,3,2,0.620,1.279
27,27,3,3,1.459,1.899
27,27,3,4,2.099,2.679
27,27,3,5,3.279,3.539
27,27,3,6,3.679,4.179
27,27,3,7,4.239,4.719
27,27,3,8,5.579,5.699
27,27,3,9,5.819,6.339
27,27,3,10,6.420,6.759
27,27,3,11,6.960,7.639
27,27,3,12,8.380,9.139
27,27,3,13,9.220,9.500
27,27,3,14,9.659,10.659
27,27,4,1,0.199,0.680
27,27,4,2,0.699,1.399
27,27,4,3,1.500,2.019
27,27,4,4,2.079,2.359
27,27,4,5,3.139,3.639
27,27,4,6,3.879,4.639
27,27,4,7,5.259,5.920
27,27,4,8,6.039,6.559
27,27,4,9,6.719,7.059
27,27,4,10,7.559,7.779
27,27,4,11,7.859,8.220
27,27,4,12,8.279,8.859
27,27,4,13,9.679,10.380
27,27,4,14,10.479,11.259
27,27,4,15,11.359,12.579
27,27,4,16,12.600,13.479
27,27,4,17,13.679,14.619
27,27,5,1,0.280,0.539
27,27,5,2,0.639,1.779
27,27,5,3,1.919,2.700
27,27,5,4,3.220,3.799
27,27,5,5,3.879,4.500
27,27,5,6,4.599,5.739
27,27,5,7,5.859,6.679
27,27,5,8,7.019,7.659
27,27,5,9,8.659,9.500
27,27,5,10,9.639,10.919
27,27,6,1,0.219,0.939
27,27,6,2,0.979,1.419
27,27,6,3,1.480,2.039
27,27,6,4,2.500,2.819
27,27,6,5,2.859,3.579
27,27,6,6,3.740,4.659
27,27,6,7,5.380,6.359
27,27,6,8,6.480,7.399
27,27,6,9,7.859,8.399
27,27,6,10,8.460,9.179
27,27,6,11,9.699,10.559
27,27,6,12,11.019,12.079
27,27,6,13,12.239,13.239
27,27,7,1,0.379,1.139
27,27,7,2,1.159,1.500
27,27,7,3,2.079,2.480
27,27,7,4,2.679,3.179
27,27,7,5,3.699,4.819
27,27,7,6,4.940,6.179
27,27,8,1,0.340,0.939
27,27,8,2,0.979,1.379
27,27,8,3,1.439,1.979
27,27,8,4,2.079,2.819
27,27,8,5,2.899,3.519
27,27,8,6,4.139,4.319
27,27,8,7,4.440,4.940
27,27,8,8,4.980,5.099
27,27,8,9,5.279,7.339
27,27,9,1,0.340,0.599
27,27,9,2,0.699,1.339
27,27,9,3,1.379,2.079
27,27,9,4,2.139,2.939
27,27,9,5,3.679,3.939
27,27,9,6,4.119,4.420
27,27,9,7,4.460,5.199
27,27,9,8,5.259,5.960
27,27,9,9,6.659,7.519
27,27,9,10,7.639,8.380
27,27,9,11,9.220,9.500
27,27,9,12,9.639,10.699
27,27,9,13,11.519,12.059
27,27,9,14,12.259,13.299
27,27,9,15,13.639,14.219
27,27,9,16,14.380,15.279
27,27,10,1,0.319,0.639
27,27,10,2,0.779,1.379
27,27,10,3,1.399,2.159
27,27,10,4,2.279,3.079
27,27,10,5,3.740,3.919
27,27,10,6,4.500,6.239
27,27,11,1,0.140,0.819
27,27,11,2,0.899,1.019
27,27,11,3,1.679,2.480
27,27,11,4,3.199,4.059
27,27,11,5,4.099,4.859
27,27,11,6,4.980,5.579
27,27,11,7,6.159,7.059
27,27,11,8,7.099,8.100
27,27,12,1,0.299,0.579
27,27,12,2,0.719,1.699
27,27,12,3,1.860,2.579
27,27,12,4,2.720,3.299
27,27,12,5,4.000,4.119
27,27,12,6,4.319,4.920
27,27,12,7,5.000,5.339
27,27,12,8,5.460,5.940
27,27,12,9,6.119,7.219
27,27,12,10,7.379,7.899
27,27,12,11,8.199,9.539
27,27,13,1,0.359,0.839
27,27,13,2,0.939,1.860
27,27,13,3,2.319,3.119
27,27,13,4,3.179,3.899
27,27,13,5,3.939,5.119
27,27,13,6,5.179,6.079
27,27,13,7,6.119,6.980
27,27,14,1,0.219,0.959
27,27,14,2,1.079,1.259
27,27,14,3,1.299,1.399
27,27,14,4,2.500,3.099
27,27,14,5,3.159,4.000
27,27,14,6,4.079,4.900
27,27,14,7,5.599,6.480
27,27,14,8,7.019,7.279
27,27,14,9,7.519,8.560
27,28,1,1,0.000,0.759
27,28,1,2,1.620,2.359
27,28,1,3,2.500,2.519
27,28,1,4,2.539,3.959
27,28,1,5,4.539,5.059
27,28,1,6,5.339,5.679
27,28,1,7,5.799,6.440
27,28,1,8,6.500,7.319
27,28,1,9,7.379,8.199
27,28,1,10,8.319,8.960
27,28,1,11,9.039,9.840
27,28,1,12,10.340,11.559
27,28,1,13,11.939,12.159
27,28,1,14,12.279,12.719
27,28,1,15,12.779,13.419
27,28,2,1,0.299,0.659
27,28,2,2,0.899,1.259
27,28,2,3,1.360,2.220
27,28,2,4,2.579,3.720
27,28,2,5,3.779,4.380
27,28,2,6,5.179,5.960
27,28,2,7,5.980,6.599
27,28,2,8,6.980,7.279
27,28,2,9,7.319,7.759
27,28,2,10,7.940,8.979
27,28,3,1,0.239,0.560
27,28,3,2,0.639,1.559
27,28,3,3,1.599,1.799
27,28,3,4,1.860,2.519
27,28,3,5,2.859,3.379
27,28,3,6,3.539,4.159
27,28,3,7,4.239,4.759
27,28,3,8,5.380,5.839
27,28,3,9,5.940,6.500
27,28,3,10,6.599,6.920
27,28,3,11,7.039,7.819
27,28,3,12,8.460,9.179
27,28,3,13,9.340,10.319
27,28,4,1,0.219,0.560
27,28,4,2,0.579,1.139
27,28,4,3,1.259,2.980
27,28,4,4,3.460,3.859
27,28,4,5,4.380,5.480
27,28,4,6,5.920,6.559
27,28,4,7,6.679,7.359
27,28,4,8,7.559,7.799
27,28,4,9,7.859,8.260
27,28,4,10,9.059,9.639
27,28,4,11,9.719,10.439
27,28,4,12,10.840,11.439
27,28,5,1,0.239,0.379
27,28,5,2,0.399,0.539
27,28,5,3,0.579,1.240
27,28,5,4,1.399,1.639
27,28,5,5,1.860,2.679
27,28,5,6,2.799,3.379
27,28,5,7,4.259,4.679
27,28,5,8,4.719,5.299
27,28,5,9,5.339,5.940
27,28,5,10,6.759,7.779
27,28,5,11,8.159,8.539
27,28,5,12,8.699,9.420
27,28,6,1,0.179,0.659
27,28,6,2,0.799,1.839
27,28,6,3,1.899,2.139
27,28,6,4,2.180,2.740
27,28,6,5,2.919,3.359
27,28,6,6,3.480,4.559
27,28,7,1,0.280,1.299
27,28,7,2,1.439,1.740
27,28,7,3,1.879,2.879
27,28,7,4,3.599,4.019
27,28,7,5,4.079,4.639
27,28,7,6,4.659,5.259
27,28,7,7,5.679,6.939
27,28,7,8,7.480,8.739
27,28,7,9,8.979,9.539
27,28,7,10,10.239,11.439
27,28,7,11,11.859,12.880
27,28,8,1,0.159,1.439
27,28,8,2,1.480,1.599
27,28,8,3,1.659,2.139
27,28,8,4,2.759,3.500
27,28,8,5,3.559,4.239
27,28,8,6,4.319,4.960
27,28,8,7,5.019,5.399
27,28,9,1,0.159,1.179
27,28,9,2,1.240,1.419
27,28,9,3,1.500,2.319
27,28,9,4,2.839,3.599
27,28,9,5,3.659,3.879
27,28,9,6,3.980,4.940
27,28,9,7,5.559,6.239
27,28,9,8,6.719,7.759
27,28,9,9,8.239,8.699
27,28,9,10,8.920,9.659
27,29,1,1,0.059,0.099
27,29,1,2,0.100,0.579
27,29,1,3,1.679,2.240
27,29,1,4,2.279,2.599
27,29,1,5,3.079,3.359
27,29,1,6,3.439,4.000
27,29,1,7,4.739,5.179
27,29,1,8,5.259,5.579
27,29,1,9,6.159,6.639
27,29,1,10,6.699,7.339
27,29,2,1,0.119,0.599
27,29,2,2,0.659,0.999
27,29,2,3,1.439,1.879
27,29,2,4,1.919,2.379
27,29,2,5,3.099,4.159
27,29,2,6,4.279,4.940
27,29,2,7,5.059,5.759
27,29,2,8,5.799,6.419
27,29,3,1,0.179,0.659
27,29,3,2,0.779,1.120
27,29,3,3,1.639,1.839
27,29,3,4,1.939,2.759
27,29,3,5,3.279,3.619
27,29,3,6,3.699,4.579
27,29,3,7,4.619,5.279
27,29,3,8,5.859,6.000
27,29,3,9,7.199,7.500
27,29,3,10,7.539,8.019
27,29,3,11,8.199,8.999
27,29,4,1,0.119,0.519
27,29,4,2,0.560,0.819
27,29,4,3,1.179,2.000
27,29,4,4,2.779,3.199
27,29,4,5,3.220,3.480
27,29,4,6,4.239,5.059
27,29,5,1,0.140,0.599
27,29,5,2,0.620,0.919
27,29,5,3,1.419,2.059
27,29,5,4,2.119,2.700
27,29,5,5,3.399,4.619
27,29,5,6,4.659,4.960
27,29,5,7,5.199,5.879
27,29,5,8,5.960,6.500
27,29,5,9,6.519,7.619
27,29,6,1,0.199,1.339
27,29,6,2,1.439,1.759
27,29,6,3,1.839,2.339
27,29,6,4,3.039,3.839
27,29,6,5,4.299,5.299
27,29,6,6,5.659,6.119
27,29,6,7,6.159,6.500
27,29,6,8,6.699,7.519
27,29,7,1,0.140,0.539
27,29,7,2,0.639,1.159
27,29,7,3,1.500,2.200
27,29,7,4,2.700,3.539
27,29,7,5,3.599,4.099
27,29,8,1,0.159,0.599
27,29,8,2,0.799,1.120
27,29,8,3,1.480,2.359
27,29,8,4,2.599,3.240
27,29,8,5,3.879,4.299
27,29,8,6,4.319,4.460
27,29,8,7,5.559,6.099
27,29,8,8,6.219,6.900
27,29,9,1,0.179,0.599
27,29,9,2,0.699,0.859
27,29,9,3,1.339,2.159
27,29,9,4,2.339,3.099
27,29,9,5,3.759,4.900
27,29,9,6,5.019,5.980
27,29,9,7,6.019,6.959
27,29,9,8,7.539,8.119
27,29,9,9,8.380,8.819
27,29,9,10,9.000,9.720
27,29,10,1,0.179,0.500
27,29,10,2,0.879,1.779
27,29,10,3,1.799,2.399
27,29,10,4,3.039,4.119
27,29,10,5,4.179,4.440
27,29,10,6,5.059,5.659
27,29,10,7,5.799,6.500
27,29,11,1,0.239,1.419
27,29,11,2,1.439,1.559
27,29,11,3,1.620,2.299
27,29,11,4,2.379,3.059
27,29,11,5,3.779,4.099
27,29,11,6,4.400,5.500
27,29,11,7,5.539,5.799
27,29,11,8,5.839,6.399
27,29,11,9,6.759,7.760
27,30,1,1,0.119,0.759
27,30,1,2,0.919,1.319
27,30,1,3,1.519,2.259
27,30,1,4,2.319,3.099
27,30,1,5,3.159,3.659
27,30,2,1,0.179,1.159
27,30,2,2,1.319,1.339
27,30,2,3,2.059,2.180
27,30,2,4,2.240,3.159
27,30,2,5,3.959,4.339
27,30,2,6,4.460,5.460
27,30,2,7,5.500,6.079
27,30,2,8,6.179,6.500
27,30,3,1,0.199,0.560
27,30,3,2,1.179,1.819
27,30,3,3,2.379,3.299
27,30,3,4,3.480,4.000
27,30,3,5,4.460,5.960
27,30,4,1,0.199,0.539
27,30,4,2,1.480,2.180
27,30,4,3,2.440,2.619
27,30,4,4,2.720,3.199
27,30,4,5,3.279,3.779
27,30,4,6,4.599,5.799
27,30,4,7,6.000,6.599
27,30,4,8,6.679,7.199
27,30,5,1,0.219,0.879
27,30,5,2,0.959,1.519
27,30,5,3,1.740,2.440
27,30,5,4,3.240,3.939
27,30,5,5,4.079,4.859
27,30,5,6,4.980,5.660
27,30,6,1,0.159,0.340
27,30,6,2,0.439,1.220
27,30,6,3,1.299,2.159
27,30,6,4,2.299,2.879
27,30,6,5,2.980,3.659
27,30,6,6,4.460,5.219
27,30,6,7,5.259,5.679
27,30,6,8,5.839,6.420
27,30,6,9,6.879,7.999
27,30,6,10,8.119,8.819
27,30,7,1,0.219,1.000
27,30,7,2,1.199,1.959
27,30,7,3,2.039,2.779
27,30,7,4,2.799,3.779
27,30,7,5,3.919,4.639
27,30,7,6,4.799,5.639
27,30,8,1,0.179,0.939
27,30,8,2,1.899,2.960
27,30,8,3,3.019,4.059
27,30,8,4,4.400,5.139
27,30,8,5,5.159,5.559
27,30,8,6,6.119,6.920
27,30,8,7,7.159,7.919
27,30,8,8,8.260,9.119
27,30,8,9,9.220,9.999
27,30,9,1,0.159,0.699
27,30,9,2,1.000,1.019
27,30,9,3,1.039,2.500
27,30,9,4,3.119,3.579
27,30,9,5,3.740,4.500
27,30,9,6,4.719,5.760
27,30,10,1,0.299,0.539
27,30,10,2,0.699,1.339
27,30,10,3,1.360,2.099
27,30,10,4,2.279,3.000
27,30,10,5,3.159,3.339
27,30,10,6,3.500,4.159
27,30,10,7,4.940,5.639
27,30,10,8,5.699,6.279
27,30,10,9,6.940,7.679
27,30,10,10,7.879,8.979
27,30,11,1,0.239,0.879
27,30,11,2,1.100,1.399
27,30,11,3,1.939,2.639
27,30,11,4,3.199,3.519
27,30,11,5,3.539,4.739
27,30,11,6,4.799,5.239
27,30,11,7,5.319,5.640
27,30,12,1,0.119,0.699
27,30,12,2,0.919,1.740
27,30,12,3,1.879,2.599
27,30,12,4,2.619,2.720
27,30,12,5,3.439,4.199
27,30,12,6,4.539,5.139
27,30,12,7,5.759,7.379
27,30,12,8,7.440,8.179
27,30,13,1,0.239,1.179
27,30,13,2,1.220,2.119
27,30,13,3,2.480,3.460
27,30,13,4,3.539,3.879
27,30,13,5,3.959,4.539
27,30,13,6,5.199,5.259
27,30,13,7,5.260,6.819
27,30,13,8,7.319,8.319
27,30,13,9,8.359,9.119
27,31,1,1,0.099,0.759
27,31,1,2,1.259,1.919
27,31,1,3,2.000,2.259
27,31,2,1,0.159,0.560
27,31,2,2,0.579,0.859
27,31,2,3,1.719,2.539
27,31,2,4,3.059,3.339
27,31,2,5,3.480,4.219
27,31,2,6,4.279,4.819
27,31,2,7,5.519,6.779
27,31,2,8,7.259,8.319
27,31,3,1,0.199,0.819
27,31,3,2,1.000,1.480
27,31,3,3,1.659,2.399
27,31,3,4,3.119,3.679
27,31,3,5,3.759,4.799
27,31,3,6,5.519,6.099
27,31,3,7,6.139,6.359
27,31,3,8,6.460,7.000
27,31,3,9,7.119,7.739
27,31,3,10,8.340,8.760
27,31,3,11,8.899,9.800
27,31,3,12,9.899,10.959
27,31,4,1,0.179,0.340
27,31,4,2,0.599,1.220
27,31,4,3,1.299,2.240
27,31,4,4,2.419,2.980
27,31,4,5,3.659,4.460
27,31,4,6,4.500,5.199
27,31,4,7,5.619,6.579
27,31,4,8,6.619,7.799
27,31,5,1,0.159,1.100
27,31,5,2,1.259,2.180
27,31,5,3,2.259,2.519
27,31,5,4,2.679,3.339
27,31,5,5,3.359,3.599
27,31,5,6,5.000,5.239
27,31,5,7,5.400,5.980
27,31,5,8,6.219,7.079
27,31,6,1,0.159,0.740
27,31,6,2,1.120,1.740
27,31,6,3,1.779,2.220
27,31,6,4,2.859,3.419
27,31,6,5,3.539,4.019
27,31,6,6,4.299,4.659
27,31,6,7,4.719,5.779
27,31,6,8,5.839,6.380
27,31,7,1,0.179,0.879
27,31,7,2,0.939,1.939
27,31,7,3,2.079,2.619
27,31,7,4,2.720,3.199
27,31,7,5,4.639,5.380
27,31,7,6,5.579,5.879
27,31,7,7,5.900,6.500
27,31,7,8,6.879,7.679
27,31,8,1,0.199,0.879
27,31,8,2,0.979,1.979
27,31,8,3,2.079,2.960
27,31,8,4,3.859,4.519
27,31,8,5,4.539,5.039
27,31,8,6,5.319,5.559
27,31,8,7,5.599,6.119
27,31,8,8,6.980,7.579
27,31,8,9,8.099,8.939
27,31,8,10,9.039,9.720
27,31,9,1,0.099,0.560
27,31,9,2,0.579,1.839
27,31,9,3,1.879,2.339
27,31,9,4,2.379,2.939
27,31,9,5,3.839,4.599
27,31,9,6,4.920,5.940
27,31,9,7,5.980,6.739
27,31,10,1,0.179,0.740
27,31,10,2,1.079,1.379
27,31,10,3,2.099,2.319
27,31,10,4,2.419,2.720
27,31,10,5,2.759,2.980
27,31,10,6,3.819,4.679
27,31,10,7,4.779,5.679
27,31,10,8,5.739,6.159
27,31,10,9,6.699,7.259
27,31,10,10,7.779,8.519
27,31,11,1,0.140,0.299
27,31,11,2,0.359,0.819
27,31,11,3,0.899,1.620
27,31,11,4,1.839,2.480
27,31,11,5,3.179,4.199
27,31,11,6,4.299,5.139
27,31,11,7,5.900,6.579
27,31,11,8,6.699,7.440
27,31,11,9,7.559,8.079
27,31,11,10,8.840,10.000
27,31,11,11,10.059,11.019
27,31,12,1,0.159,0.680
27,31,12,2,0.819,1.579
27,31,12,3,1.759,2.659
27,31,12,4,2.740,3.519
27,31,12,5,4.819,6.179
27,31,12,6,6.460,7.179
27,31,12,7,7.719,8.639
27,31,12,8,8.739,10.099
27,31,12,9,10.819,11.380
27,31,12,10,11.439,12.079
27,31,12,11,12.399,13.099
27,31,12,12,13.219,14.079
27,31,13,1,0.179,1.100
27,31,13,2,1.259,1.759
27,31,13,3,1.879,2.419
27,31,13,4,3.220,4.159
27,31,13,5,4.199,4.759
27,31,13,6,4.940,5.539
27,31,14,1,0.159,0.379
27,31,14,2,0.399,1.120
27,31,14,3,1.179,1.679
27,31,14,4,1.779,2.460
27,31,14,5,3.439,4.059
27,31,14,6,4.139,5.039
27,31,14,7,5.480,6.699
27,31,14,8,7.099,7.699
27,31,14,9,7.759,8.220
27,31,14,10,8.899,9.719
27,31,14,11,9.819,10.439
27,31,14,12,10.559,11.379
27,31,15,1,0.199,0.819
27,31,15,2,0.859,1.579
27,31,15,3,1.699,2.339
27,31,15,4,2.359,3.259
27,31,15,5,4.000,4.719
27,31,15,6,5.179,6.199
27,31,15,7,6.259,6.920
27,31,16,1,0.119,0.799
27,31,16,2,0.939,1.799
27,31,16,3,2.419,3.379
27,31,16,4,3.439,4.119
27,31,16,5,4.139,4.819
27,31,16,6,5.199,6.420
27,31,17,1,0.199,0.939
27,31,17,2,1.079,1.779
27,31,17,3,1.899,2.200
27,31,17,4,2.279,3.059
27,31,17,5,3.720,4.779
27,31,17,6,5.119,6.380
27,31,18,1,0.179,1.000
27,31,18,2,1.339,1.599
27,31,18,3,1.759,2.519
27,31,18,4,2.659,2.879
27,31,18,5,2.980,3.679
27,31,18,6,4.719,5.500
27,31,18,7,5.579,6.339
27,31,18,8,6.779,7.639
27,31,18,9,8.059,9.159
27,31,19,1,0.099,1.000
27,31,19,2,1.039,1.480
27,31,19,3,1.620,2.299
27,31,19,4,2.839,3.919
27,31,19,5,3.959,4.099
27,31,19,6,4.279,5.380
27,31,19,7,5.400,6.059
27,31,19,8,6.679,7.539
27,31,19,9,7.779,8.599
27,31,20,1,0.280,0.740
27,31,20,2,0.759,1.100
27,31,20,3,1.220,1.860
27,31,20,4,2.279,2.839
27,31,20,5,2.939,3.599
27,31,20,6,3.879,4.779
27,31,20,7,5.699,6.319
27,31,20,8,6.659,7.419
27,31,20,9,7.480,7.779
27,31,20,10,8.479,9.079
27,31,20,11,9.380,9.699
27,31,20,12,9.899,10.439
27,31,21,1,0.219,1.000
27,31,21,2,1.079,1.819
27,31,21,3,1.979,2.460
27,31,21,4,3.279,4.219
27,31,21,5,4.360,4.679
27,31,21,6,5.440,6.299
27,31,21,7,6.399,7.419
27,31,21,8,7.839,8.479
27,31,21,9,8.639,9.479
27,31,22,1,0.179,0.699
27,31,22,2,0.879,2.139
27,31,22,3,2.180,2.359
27,31,22,4,2.460,3.259
27,31,22,5,3.279,3.879
27,31,22,6,3.939,4.159
27,31,22,7,4.739,5.339
27,31,22,8,5.480,6.260
27,31,23,1,0.159,0.699
27,31,23,2,0.779,1.439
27,31,23,3,1.539,2.319
27,31,23,4,2.980,3.959
27,31,23,5,4.039,4.819
27,31,23,6,4.880,5.500
27,31,23,7,6.359,6.920
27,31,23,8,7.099,7.699
27,31,23,9,7.859,8.099
27,31,23,10,8.220,9.139
27,31,23,11,9.579,10.859
27,31,23,12,10.920,11.619
27,31,24,1,0.140,0.740
27,31,24,2,0.779,0.979
27,31,24,3,1.019,1.259
27,31,24,4,1.879,2.259
27,31,24,5,2.299,3.099
27,31,24,6,3.779,4.440
27,31,24,7,4.519,5.380
27,31,24,8,5.400,6.639
27,31,24,9,6.659,7.619
27,31,24,10,7.759,7.859
27,31,24,11,7.980,8.979
27,31,24,12,9.039,9.659
27,31,24,13,9.800,10.600
27,31,25,1,0.239,0.899
27,31,25,2,0.959,1.899
27,31,25,3,1.959,2.720
27,31,25,4,3.519,4.099
27,31,25,5,4.239,5.440
27,31,25,6,5.599,6.319
27,32,1,1,0.000,0.659
27,32,1,2,0.699,1.220
27,32,1,3,2.319,3.000
27,32,1,4,3.059,3.679
27,32,1,5,3.959,4.539
27,32,1,6,5.119,5.759
27,32,1,7,5.819,6.599
27,32,2,1,0.159,0.859
27,32,2,2,1.039,1.480
27,32,2,3,1.979,2.180
27,32,2,4,2.339,3.139
27,32,2,5,3.199,3.480
27,32,2,6,3.879,4.079
27,32,2,7,4.119,4.559
27,32,2,8,5.400,5.920
27,32,2,9,6.059,6.699
27,32,2,10,6.819,7.719
27,32,3,1,0.099,0.459
27,32,3,2,0.519,1.480
27,32,3,3,2.339,2.819
27,32,3,4,2.960,3.679
27,32,3,5,4.179,5.039
27,32,3,6,5.279,5.519
27,32,3,7,5.579,6.259
27,32,4,1,0.119,0.299
27,32,4,2,0.319,0.839
27,32,4,3,0.939,1.539
27,32,4,4,1.699,2.339
27,32,4,5,2.440,2.859
27,32,4,6,2.899,3.599
27,32,4,7,4.400,5.179
27,32,4,8,5.559,6.379
27,32,4,9,6.960,8.059
27,32,4,10,8.119,8.899
27,32,4,11,9.000,9.199
27,32,5,1,0.219,1.120
27,32,5,2,1.259,1.879
27,32,5,3,2.759,3.559
27,32,5,4,3.639,3.839
27,32,5,5,3.939,4.900
27,32,5,6,5.699,6.359
27,32,5,7,6.899,7.519
27,32,5,8,7.659,8.000
27,32,5,9,8.099,8.819
27,32,5,10,8.899,9.219
27,32,5,11,10.500,11.279
27,32,5,12,11.439,12.179
27,32,5,13,12.219,12.939
27,32,5,14,13.079,13.840
27,32,5,15,14.279,14.679
27,32,6,1,0.140,0.359
27,32,6,2,0.459,0.779
27,32,6,3,0.819,1.819
27,32,6,4,1.979,2.200
27,32,6,5,2.299,2.819
27,32,6,6,2.960,3.559
27,32,6,7,4.239,4.719
27,32,6,8,4.839,5.420
27,32,6,9,5.960,6.579
27,32,6,10,6.859,7.759
27,32,6,11,7.899,8.479
27,32,6,12,8.579,9.119
27,32,6,13,10.019,10.619
27,32,6,14,11.019,11.259
27,32,6,15,11.380,12.399
27,32,7,1,0.159,0.639
27,32,7,2,0.839,1.459
27,32,7,3,1.480,1.759
27,32,7,4,2.299,2.980
27,32,7,5,3.119,4.239
27,32,7,6,4.900,5.500
27,32,7,7,5.659,6.399
27,32,7,8,6.899,8.099
27,32,7,9,8.420,8.939
27,32,8,1,0.140,1.159
27,32,8,2,1.279,2.099
27,32,8,3,2.799,3.500
27,32,8,4,3.659,3.959
27,32,8,5,4.119,4.679
27,32,8,6,5.460,6.379
27,32,8,7,6.440,6.879
27,32,8,8,7.139,7.720
27,32,9,1,0.140,0.379
27,32,9,2,0.419,1.120
27,32,9,3,1.159,1.839
27,32,9,4,1.860,2.559
27,32,9,5,2.859,3.099
27,32,9,6,3.220,3.779
27,32,9,7,4.400,5.299
27,32,9,8,5.339,6.179
27,32,9,9,6.259,6.779
27,32,9,10,6.859,7.399
27,32,9,11,8.079,8.399
27,32,9,12,8.519,9.019
27,32,9,13,9.319,10.000
27,32,10,1,0.219,0.819
27,32,10,2,0.899,1.719
27,32,10,3,1.799,2.519
27,32,10,4,3.299,4.480
27,32,10,5,4.539,5.699
27,32,10,6,5.739,6.619
27,32,10,7,6.699,7.799
27,32,11,1,0.179,0.839
27,32,11,2,0.919,1.259
27,32,11,3,1.260,2.500
27,32,11,4,2.579,3.319
27,32,11,5,4.119,5.099
27,32,11,6,5.539,6.159
27,32,11,7,6.279,6.779
27,32,11,8,6.799,7.259
27,33,1,1,0.239,1.039
27,33,1,2,1.139,1.959
27,33,1,3,2.000,2.799
27,33,1,4,3.720,4.719
27,33,1,5,4.900,5.420
27,33,1,6,5.659,6.500
27,33,2,1,0.119,0.639
27,33,2,2,0.680,1.299
27,33,2,3,1.399,2.180
27,33,2,4,2.980,3.599
27,33,2,5,3.639,4.299
27,33,2,6,4.420,5.039
27,33,2,7,5.059,5.539
27,33,3,1,0.199,0.740
27,33,3,2,0.759,1.019
27,33,3,3,1.100,1.360
27,33,3,4,1.480,2.079
27,33,3,5,2.799,3.639
27,33,3,6,3.679,4.279
27,33,3,7,4.460,5.359
27,33,4,1,0.140,0.359
27,33,4,2,0.379,1.059
27,33,4,3,1.079,1.439
27,33,4,4,1.480,2.939
27,33,4,5,2.940,3.139
27,33,4,6,3.259,4.460
27,33,4,7,4.500,5.420
27,33,5,1,0.119,0.659
27,33,5,2,0.699,1.259
27,33,5,3,1.399,2.240
27,33,5,4,3.039,3.699
27,33,5,5,3.839,4.099
27,33,5,6,5.000,5.719
27,33,5,7,5.799,6.680
27,33,6,1,0.140,0.719
27,33,6,2,0.740,1.319
27,33,6,3,1.459,2.139
27,33,6,4,2.220,2.839
27,33,6,5,3.500,4.319
27,33,6,6,4.420,4.819
27,33,6,7,5.099,5.500
27,33,6,8,5.659,6.480
27,33,7,1,0.119,0.659
27,33,7,2,0.839,1.659
27,33,7,3,1.699,1.939
27,33,7,4,1.959,2.579
27,33,7,5,3.519,3.980
27,33,7,6,4.059,5.039
27,33,7,7,5.199,5.899
27,33,8,1,0.199,0.500
27,33,8,2,0.899,1.259
27,33,8,3,2.019,2.259
27,33,8,4,2.279,3.119
27,33,8,5,3.959,4.920
27,33,8,6,5.039,5.759
27,33,8,7,6.059,6.379
27,33,8,8,6.480,7.099
27,33,8,9,7.179,7.800
27,33,9,1,0.119,0.319
27,33,9,2,0.359,0.740
27,33,9,3,0.779,1.279
27,33,9,4,1.699,2.480
27,33,9,5,3.079,3.319
27,33,9,6,3.500,4.139
27,33,9,7,4.500,5.539
27,33,10,1,0.140,1.179
27,33,10,2,1.180,1.519
27,33,10,3,1.620,2.119
27,33,10,4,2.159,2.579
27,33,10,5,4.079,4.599
27,33,10,6,4.759,5.619
27,33,10,7,5.659,6.320
27,33,11,1,0.159,0.879
27,33,11,2,0.899,1.319
27,33,11,3,1.719,2.240
27,33,11,4,2.319,2.939
27,33,11,5,3.659,4.440
27,33,11,6,4.539,5.059
27,33,11,7,5.480,6.019
27,33,11,8,6.119,6.739
27,33,12,1,0.159,0.859
27,33,12,2,1.039,1.659
27,33,12,3,1.819,2.259
27,33,12,4,2.379,2.659
27,33,12,5,3.099,3.759
27,33,12,6,4.519,5.199
27,33,12,7,5.539,6.159
27,33,12,8,6.279,7.039
27,33,12,9,7.079,7.379
27,33,13,1,0.159,1.159
27,33,13,2,1.199,2.000
27,33,13,3,2.019,2.679
27,33,13,4,3.259,3.799
27,33,13,5,3.980,4.159
27,33,13,6,4.279,4.599
27,33,13,7,4.719,5.099
27,33,13,8,5.139,5.900
27,33,14,1,0.159,0.879
27,33,14,2,0.919,1.500
27,33,14,3,1.599,2.440
27,33,14,4,3.279,3.639
27,33,14,5,3.679,3.980
27,33,14,6,4.119,4.739
27,33,14,7,4.819,5.639
27,33,15,1,0.119,1.120
27,33,15,2,1.240,1.839
27,33,15,3,1.879,2.519
27,33,15,4,3.220,4.279
27,33,15,5,4.339,4.559
27,33,15,6,4.679,5.059
27,33,15,7,5.440,6.499
27,33,16,1,0.140,0.500
27,33,16,2,0.599,1.399
27,33,16,3,1.759,2.319
27,33,16,4,2.440,2.919
27,33,16,5,3.000,3.599
27,33,16,6,4.400,5.099
27,33,16,7,5.480,5.619
27,33,16,8,5.679,6.659
27,33,16,9,6.839,7.379
27,33,16,10,7.399,8.039
27,33,17,1,0.219,0.819
27,33,17,2,0.879,1.559
27,33,17,3,1.639,2.379
27,33,17,4,3.019,3.579
27,33,17,5,3.679,4.219
27,33,17,6,4.779,4.960
27,33,17,7,5.039,5.899
27,33,18,1,0.119,0.740
27,33,18,2,0.899,1.240
27,33,18,3,1.339,1.639
27,33,18,4,2.180,2.359
27,33,18,5,2.419,3.139
27,33,18,6,3.839,4.980
27,33,18,7,5.019,5.819
27,33,19,1,0.099,0.879
27,33,19,2,0.899,1.719
27,33,19,3,1.779,2.359
27,33,19,4,3.019,4.339
27,33,19,5,4.500,5.299
27,33,20,1,0.140,1.079
27,33,20,2,1.120,1.839
27,33,20,3,2.000,2.700
27,33,20,4,3.319,4.400
27,33,20,5,4.539,5.859
27,33,20,6,5.879,6.319
27,33,21,1,0.140,0.340
27,33,21,2,0.359,0.740
27,33,21,3,0.859,1.559
27,33,21,4,1.579,2.359
27,33,21,5,3.199,3.319
27,33,21,6,3.379,3.959
27,33,21,7,4.000,4.599
27,33,21,8,4.679,5.479
27,33,22,1,0.179,0.620
27,33,22,2,0.740,1.339
27,33,22,3,1.719,1.739
27,33,22,4,1.740,3.000
27,33,22,5,3.619,4.519
27,33,22,6,4.599,5.380
27,33,22,7,5.440,5.840
27,34,1,1,0.099,0.699
27,34,1,2,1.740,2.740
27,34,1,3,2.799,3.019
27,34,1,4,3.039,3.500
27,34,1,5,3.659,4.059
27,34,1,6,4.179,4.819
27,34,1,7,5.619,6.759
27,34,1,8,7.500,8.179
27,34,2,1,0.179,1.339
27,34,2,2,1.379,1.620
27,34,2,3,1.740,2.059
27,34,2,4,2.519,2.939
27,34,2,5,2.960,3.240
27,34,2,6,3.879,4.400
27,34,2,7,4.440,5.299
27,34,2,8,5.339,5.900
27,34,3,1,0.280,0.620
27,34,3,2,0.979,1.679
27,34,3,3,1.779,2.299
27,34,3,4,3.259,4.159
27,34,3,5,4.279,4.920
27,34,3,6,5.019,6.260
27,34,4,1,0.280,1.059
27,34,4,2,1.100,1.379
27,34,4,3,1.480,2.339
27,34,4,4,3.099,4.099
27,34,4,5,4.219,4.639
27,34,4,6,4.819,5.819
27,34,5,1,0.299,1.000
27,34,5,2,1.059,1.339
27,34,5,3,1.399,2.099
27,34,5,4,2.200,2.980
27,34,5,5,3.799,4.599
27,34,5,6,4.699,5.799
27,34,5,7,5.879,6.980
27,34,6,1,0.259,1.019
27,34,6,2,1.100,1.620
27,34,6,3,1.639,2.500
27,34,6,4,3.339,4.279
27,34,6,5,4.639,4.940
27,34,6,6,5.000,6.079
27,34,7,1,0.419,0.759
27,34,7,2,0.859,1.299
27,34,7,3,1.419,1.879
27,34,7,4,2.039,2.179
27,34,7,5,2.740,3.419
27,34,7,6,4.339,5.059
27,34,7,7,5.219,6.000
27,34,7,8,6.199,7.159
27,34,8,1,0.239,0.719
27,34,8,2,0.799,1.599
27,34,8,3,1.639,1.939
27,34,8,4,2.539,3.099
27,34,8,5,3.139,3.919
27,34,8,6,4.659,6.179
27,34,9,1,0.199,0.779
27,34,9,2,0.799,1.339
27,34,9,3,1.439,1.579
27,34,9,4,1.699,2.119
27,34,9,5,2.240,2.519
27,34,9,6,3.619,4.119
27,34,9,7,4.239,5.119
27,34,9,8,5.559,6.339
27,34,9,9,6.440,6.980
27,34,10,1,0.319,1.120
27,34,10,2,1.159,1.399
27,34,10,3,1.539,2.299
27,34,10,4,2.659,3.480
27,34,10,5,4.179,4.440
27,34,10,6,4.500,4.759
27,34,10,7,4.900,5.639
27,34,10,8,6.119,7.199
27,34,11,1,0.199,0.959
27,34,11,2,1.059,1.679
27,34,11,3,1.740,2.639
27,34,11,4,3.619,4.479
27,34,11,5,4.599,4.920
27,34,11,6,5.940,6.139
27,34,11,7,6.199,7.000
27,34,11,8,7.119,7.379
27,34,11,9,7.539,7.980
27,34,12,1,0.299,0.859
27,34,12,2,0.979,1.419
27,34,12,3,1.599,1.959
27,34,12,4,2.039,2.299
27,34,12,5,3.159,3.799
27,34,12,6,3.959,4.239
27,34,12,7,4.819,6.239
27,34,13,1,0.319,0.620
27,34,13,2,0.680,1.299
27,34,13,3,1.339,2.039
27,34,13,4,2.079,2.639
27,34,13,5,3.460,4.000
27,34,13,6,4.299,4.920
27,34,13,7,5.199,5.839
27,34,13,8,5.980,6.559
27,34,14,1,0.340,1.000
27,34,14,2,1.039,1.759
27,34,14,3,1.839,2.339
27,34,14,4,3.159,4.079
27,34,14,5,4.440,5.380
27,34,14,6,5.519,6.260
27,34,15,1,0.419,0.859
27,34,15,2,0.979,1.459
27,34,15,3,1.759,2.379
27,34,15,4,2.500,2.919
27,34,15,5,3.659,4.279
27,34,15,6,4.319,5.299
27,34,15,7,5.420,6.739
27,34,16,1,0.319,0.799
27,34,16,2,0.819,0.879
27,34,16,3,1.000,2.019
27,34,16,4,2.180,2.939
27,34,16,5,3.779,4.739
27,34,16,6,5.460,5.679
27,34,16,7,5.879,6.980
27,34,17,1,0.159,0.459
27,34,17,2,0.479,0.779
27,34,17,3,1.319,1.939
27,34,17,4,2.000,2.359
27,34,17,5,3.199,4.420
27,34,17,6,4.460,5.299
27,34,17,7,5.579,6.559
27,34,18,1,0.179,0.939
27,34,18,2,1.319,1.639
27,34,18,3,2.000,2.639
27,34,18,4,3.240,3.839
27,34,18,5,4.000,4.940
27,34,18,6,4.980,6.179
27,34,19,1,0.280,0.919
27,34,19,2,0.939,1.240
27,34,19,3,1.699,2.480
27,34,19,4,2.519,2.819
27,34,19,5,3.720,4.279
27,34,19,6,4.400,5.039
27,34,19,7,5.119,5.699
27,34,19,8,5.859,6.779
27,34,20,1,0.299,0.919
27,34,20,2,1.019,1.480
27,34,20,3,1.620,2.220
27,34,20,4,2.980,4.119
27,34,20,5,4.559,5.659
27,34,20,6,5.839,6.739
27,34,21,1,0.299,0.899
27,34,21,2,1.039,1.339
27,34,21,3,1.379,2.240
27,34,21,4,3.179,3.740
27,34,21,5,3.839,4.920
27,34,21,6,5.059,5.259
27,34,21,7,5.400,6.659
27,34,22,1,0.159,0.839
27,34,22,2,0.879,1.480
27,34,22,3,1.500,2.000
27,34,22,4,2.819,3.639
27,34,22,5,3.839,4.460
27,34,22,6,4.980,6.180
27,34,23,1,0.280,0.819
27,34,23,2,0.959,1.240
27,34,23,3,1.699,2.220
27,34,23,4,2.259,2.839
27,34,23,5,3.559,4.079
27,34,23,6,4.519,5.460
27,34,23,7,6.039,6.659
27,34,23,8,6.719,7.539
27,34,23,9,7.579,8.139
27,35,1,1,0.159,0.759
27,35,1,2,2.059,2.559
27,35,1,3,2.720,2.740
27,35,1,4,2.759,3.799
27,35,1,5,3.839,4.519
27,35,1,6,5.279,5.900
27,35,1,7,5.940,6.139
27,35,1,8,6.219,7.199
27,35,2,1,0.140,0.799
27,35,2,2,0.939,1.379
27,35,2,3,1.500,2.759
27,35,2,4,2.859,3.539
27,35,2,5,4.119,5.359
27,35,3,1,0.259,0.959
27,35,3,2,1.000,1.519
27,35,3,3,1.879,2.679
27,35,3,4,2.720,3.319
27,35,3,5,3.399,4.119
27,35,3,6,4.839,5.299
27,35,3,7,5.339,6.079
27,35,3,8,6.519,7.739
27,35,3,9,7.799,8.359
27,35,4,1,0.239,0.979
27,35,4,2,1.019,2.240
27,35,4,3,2.599,3.359
27,35,4,4,3.399,3.899
27,35,4,5,4.579,5.480
27,35,4,6,5.539,6.119
27,35,4,7,6.599,7.579
27,35,4,8,7.980,8.760
27,35,4,9,8.880,9.760
27,35,5,1,0.319,0.859
27,35,5,2,0.959,1.519
27,35,5,3,1.559,2.039
27,35,5,4,2.079,2.539
27,35,5,5,3.339,4.219
27,35,5,6,4.279,4.539
27,35,5,7,5.059,5.659
27,35,6,1,0.259,0.599
27,35,6,2,0.639,1.179
27,35,6,3,1.379,2.220
27,35,6,4,2.339,3.559
27,35,6,5,4.119,5.059
27,35,6,6,5.159,5.339
27,35,6,7,6.099,7.019
27,35,7,1,0.199,0.319
27,35,7,2,0.379,0.979
27,35,7,3,1.139,1.799
27,35,7,4,1.819,2.079
27,35,7,5,2.559,3.259
27,35,7,6,3.279,3.879
27,35,7,7,4.659,5.819
27,35,7,8,5.900,6.619
27,35,7,9,6.699,7.579
27,35,8,1,0.179,1.220
27,35,8,2,1.339,1.979
27,35,8,3,2.139,2.359
27,35,8,4,2.440,2.960
27,35,8,5,3.899,4.739
27,35,8,6,4.900,5.319
27,35,8,7,5.440,5.960
27,35,8,8,6.279,6.980
27,35,8,9,7.759,8.559
27,35,8,10,8.899,9.500
27,35,8,11,9.619,10.019
27,35,9,1,0.259,1.139
27,35,9,2,1.279,1.919
27,35,9,3,2.019,2.740
27,35,9,4,3.179,3.879
27,35,9,5,3.980,4.940
27,35,10,1,0.179,0.680
27,35,10,2,0.719,1.480
27,35,10,3,1.579,2.299
27,35,10,4,2.879,3.240
27,35,10,5,4.179,4.440
27,35,10,6,4.519,5.279
27,35,10,7,5.879,6.579
27,35,10,8,6.759,7.279
27,35,10,9,7.639,8.359
27,35,10,10,8.460,9.300
27,35,10,11,10.079,10.739
27,35,10,12,10.880,11.979
27,35,10,13,12.059,13.179
27,35,11,1,0.280,1.100
27,35,11,2,1.139,1.419
27,35,11,3,1.519,2.099
27,35,11,4,2.859,3.299
27,35,11,5,3.399,3.599
27,35,11,6,3.659,4.420
27,35,11,7,4.799,6.000
27,35,12,1,0.280,1.740
27,35,12,2,1.819,2.279
27,35,12,3,2.659,2.980
27,35,12,4,3.259,3.720
27,35,12,5,4.400,5.039
27,35,12,6,5.440,6.380
27,35,13,1,0.259,0.899
27,35,13,2,1.240,2.339
27,35,13,3,2.440,3.159
27,35,13,4,3.399,3.759
27,35,13,5,4.380,5.159
27,35,13,6,5.259,6.000
27,35,13,7,6.079,6.579
27,35,13,8,7.279,8.500
27,35,13,9,9.059,9.319
27,35,13,10,9.399,9.800
27,35,13,11,9.939,10.500
27,35,14,1,0.259,0.699
27,35,14,2,1.159,2.039
27,35,14,3,2.099,2.379
27,35,14,4,2.599,3.859
27,35,14,5,5.139,5.980
27,35,14,6,6.059,6.440
27,35,14,7,6.679,7.219
27,35,14,8,7.500,8.399
27,35,15,1,0.159,1.059
27,35,15,2,1.179,1.939
27,35,15,3,1.979,3.139
27,35,15,4,4.019,4.819
27,35,15,5,4.859,5.259
27,35,15,6,5.319,5.900
27,35,15,7,6.239,6.619
27,35,15,8,6.659,7.359
27,35,15,9,8.039,8.739
27,35,15,10,8.920,9.380
27,35,15,11,9.579,10.260
27,35,16,1,0.179,1.139
27,35,16,2,1.220,1.839
27,35,16,3,1.879,2.419
27,35,16,4,3.279,3.839
27,35,16,5,3.899,4.420
27,35,16,6,4.599,5.660
27,35,17,1,0.259,1.079
27,35,17,2,1.559,2.079
27,35,17,3,2.220,2.919
27,35,17,4,3.399,4.219
27,35,17,5,4.279,4.799
27,35,17,6,5.179,6.359
27,35,17,7,6.960,8.260
27,35,17,8,8.340,9.300
27,35,18,1,0.280,1.100
27,35,18,2,1.139,1.759
27,35,18,3,1.860,2.259
27,35,18,4,3.039,3.539
27,35,18,5,3.659,4.339
27,35,18,6,4.819,6.079
27,35,19,1,0.259,0.560
27,35,19,2,0.599,1.279
27,35,19,3,1.360,1.539
27,35,19,4,1.699,2.279
27,35,19,5,2.440,2.980
27,35,19,6,3.720,4.440
27,35,19,7,4.480,5.119
27,35,19,8,5.579,6.500
27,35,19,9,6.599,7.340
27,35,20,1,0.280,0.439
27,35,20,2,0.459,0.639
27,35,20,3,0.799,1.279
27,35,20,4,1.419,2.259
27,35,20,5,2.639,3.259
27,35,20,6,3.379,3.839
27,35,20,7,3.980,4.559
27,35,20,8,5.199,5.699
27,35,20,9,5.819,6.859
27,35,20,10,6.920,8.139
27,35,21,1,0.199,1.120
27,35,21,2,1.179,1.779
27,35,21,3,1.879,2.399
27,35,21,4,3.079,3.740
27,35,21,5,3.759,4.559
27,35,21,6,4.599,5.279
27,35,21,7,5.839,6.539
27,35,21,8,6.639,7.440
27,35,22,1,0.239,0.899
27,35,22,2,1.039,2.059
27,35,22,3,2.180,2.579
27,35,22,4,2.679,3.460
27,35,22,5,3.939,4.739
27,35,22,6,5.179,5.400
27,35,22,7,5.519,6.179
27,35,22,8,6.239,7.340
27,35,23,1,0.219,0.959
27,35,23,2,1.000,1.959
27,35,23,3,1.979,2.839
27,35,23,4,3.539,4.360
27,35,23,5,4.480,5.179
27,35,23,6,5.299,6.079
27,35,24,1,0.280,1.139
27,35,24,2,1.220,1.779
27,35,24,3,1.959,2.480
27,35,24,4,2.700,4.239
27,35,24,5,5.000,5.679
27,35,24,6,5.779,6.539
27,35,24,7,6.579,7.019
27,35,25,1,0.319,0.560
27,35,25,2,0.579,1.120
27,35,25,3,1.220,1.959
27,35,25,4,2.019,2.579
27,35,25,5,2.659,3.399
27,35,25,6,4.299,4.579
27,35,25,7,4.599,5.279
27,35,25,8,5.559,6.980
27,35,26,1,0.259,1.220
27,35,26,2,1.240,2.200
27,35,26,3,2.279,3.019
27,35,26,4,3.500,4.199
27,35,26,5,4.319,5.019
27,35,26,6,5.779,6.659
27,35,26,7,6.960,7.579
27,35,26,8,7.679,9.000
27,35,26,9,9.079,10.300
27,35,26,10,10.359,11.019
27,35,27,1,0.219,1.019
27,35,27,2,1.059,2.079
27,35,27,3,2.379,3.039
27,35,27,4,3.159,3.740
27,35,27,5,4.380,5.179
27,35,27,6,5.319,5.839
27,35,27,7,6.219,6.980
27,35,27,8,7.199,7.940
27,35,27,9,7.960,8.899
27,35,27,10,8.979,9.399
27,35,27,11,9.519,10.319
27,35,28,1,0.259,1.100
27,35,28,2,1.299,2.019
27,35,28,3,2.139,2.980
27,35,28,4,3.779,4.039
27,35,28,5,4.119,5.099
27,35,28,6,5.159,6.559
27,36,1,1,0.159,0.939
27,36,1,2,1.419,1.839
27,36,1,3,1.860,2.319
27,36,1,4,2.379,2.859
27,36,2,1,0.219,0.799
27,36,2,2,0.919,1.539
27,36,2,3,1.559,2.399
27,36,2,4,2.440,3.019
27,36,2,5,3.059,3.539
27,36,2,6,4.480,4.819
27,36,2,7,5.039,5.639
27,36,2,8,5.739,6.319
27,36,2,9,6.399,6.940
27,36,2,10,7.039,7.679
27,36,3,1,0.159,0.399
27,36,3,2,0.439,1.139
27,36,3,3,1.179,1.699
27,36,3,4,1.799,2.440
27,36,3,5,3.319,4.059
27,36,3,6,4.099,4.699
27,36,3,7,4.779,5.579
27,36,4,1,0.319,0.779
27,36,4,2,0.879,1.299
27,36,4,3,1.839,2.279
27,36,4,4,2.480,3.319
27,36,4,5,4.099,4.679
27,36,4,6,4.759,5.619
27,36,4,7,5.739,6.559
27,36,5,1,0.199,0.779
27,36,5,2,0.819,1.459
27,36,5,3,1.599,1.740
27,36,5,4,1.899,2.599
27,36,5,5,3.240,4.259
27,36,5,6,4.299,4.440
27,36,5,7,4.579,5.059
27,36,5,8,5.139,5.319
27,36,5,9,5.359,5.719
27,36,5,10,6.639,6.999
27,36,5,11,7.319,7.480
27,36,5,12,7.559,8.559
27,36,6,1,0.140,0.340
27,36,6,2,0.359,2.139
27,36,6,3,2.220,3.039
27,36,6,4,3.959,4.980
27,36,6,5,5.219,5.500
27,36,6,6,5.539,6.259
27,36,7,1,0.199,1.220
27,36,7,2,1.439,2.099
27,36,7,3,2.259,2.579
27,36,7,4,3.519,4.380
27,36,7,5,4.699,5.159
27,36,7,6,5.239,5.779
27,36,7,7,6.599,7.159
27,36,7,8,7.359,8.099
27,36,7,9,8.539,9.199
27,36,7,10,9.479,10.260
27,36,8,1,0.199,0.680
27,36,8,2,0.759,1.459
27,36,8,3,1.599,2.440
27,36,8,4,2.679,3.220
27,36,8,5,4.259,4.859
27,36,8,6,5.039,5.500
27,36,8,7,6.239,6.980
27,36,8,8,7.039,7.719
27,36,8,9,8.300,9.420
27,36,9,1,0.259,1.159
27,36,9,2,1.279,2.119
27,36,9,3,2.240,2.859
27,36,9,4,3.679,4.619
27,36,9,5,4.679,5.400
27,36,9,6,5.819,6.659
27,36,10,1,0.239,0.399
27,36,10,2,0.419,1.179
27,36,10,3,1.279,1.719
27,36,10,4,1.819,2.359
27,36,10,5,3.240,4.059
27,36,10,6,4.480,5.039
27,36,10,7,5.219,5.760
27,36,11,1,0.280,0.859
27,36,11,2,0.899,1.579
27,36,11,3,1.759,2.720
27,36,11,4,3.559,5.039
27,36,11,5,5.639,6.399
27,36,11,6,6.440,6.980
27,36,12,1,0.239,0.539
27,36,12,2,0.620,1.500
27,36,12,3,1.759,2.299
27,36,12,4,2.419,2.939
27,36,12,5,4.059,4.539
27,36,12,6,4.559,5.319
27,36,12,7,5.639,5.940
27,36,12,8,6.079,7.019
27,36,13,1,0.239,0.719
27,36,13,2,0.819,1.480
27,36,13,3,1.679,2.240
27,36,13,4,2.440,2.960
27,36,13,5,3.980,4.559
27,36,13,6,4.980,5.400
27,36,13,7,5.519,6.239
27,36,13,8,6.379,6.900
27,37,1,1,0.140,0.759
27,37,1,2,1.899,2.099
27,37,1,3,2.200,2.740
27,37,1,4,2.799,3.599
27,37,1,5,4.440,4.659
27,37,1,6,4.739,5.319
27,37,1,7,5.400,5.900
27,37,1,8,5.940,6.739
27,37,2,1,0.340,0.620
27,37,2,2,0.680,1.519
27,37,2,3,1.699,2.159
27,37,2,4,2.279,3.079
27,37,2,5,3.959,4.980
27,37,2,6,5.019,5.539
27,37,2,7,5.559,6.779
27,37,3,1,0.439,0.939
27,37,3,2,0.959,1.500
27,37,3,3,2.099,2.619
27,37,3,4,2.720,3.039
27,37,3,5,3.679,4.139
27,37,3,6,4.339,4.979
27,37,3,7,5.239,5.779
27,37,3,8,5.980,6.779
27,37,4,1,0.280,1.419
27,37,4,2,1.500,1.719
27,37,4,3,1.779,2.980
27,37,4,4,3.000,3.759
27,37,4,5,3.839,4.400
27,37,4,6,4.480,5.319
27,37,4,7,5.420,6.559
27,37,5,1,0.340,0.839
27,37,5,2,0.919,1.139
27,37,5,3,1.179,1.659
27,37,5,4,1.839,2.619
27,37,5,5,3.379,3.939
27,37,5,6,4.059,4.599
27,37,5,7,5.359,5.759
27,37,5,8,5.839,6.919
27,37,6,1,0.439,1.039
27,37,6,2,1.120,1.639
27,37,6,3,1.799,2.440
27,37,6,4,3.319,4.299
27,37,6,5,5.000,6.599
27,37,7,1,0.459,0.819
27,37,7,2,0.839,1.539
27,37,7,3,1.659,2.519
27,37,7,4,2.539,2.659
27,37,7,5,3.559,3.759
27,37,7,6,3.879,4.619
27,37,7,7,4.759,5.779
27,37,7,8,5.819,6.319
27,37,7,9,7.039,7.759
27,37,7,10,7.839,8.279
27,37,7,11,8.420,9.479
27,37,8,1,0.419,1.100
27,37,8,2,1.220,1.839
27,37,8,3,2.700,3.399
27,37,8,4,3.480,3.980
27,37,8,5,4.699,4.960
27,37,8,6,5.119,5.819
27,37,8,7,6.139,6.480
27,37,8,8,6.579,7.679
27,37,9,1,0.280,0.659
27,37,9,2,0.740,1.459
27,37,9,3,1.579,2.559
27,37,9,4,3.599,4.360
27,37,9,5,4.400,4.559
27,37,9,6,4.560,6.119
27,37,9,7,6.239,6.899
27,37,9,8,7.159,7.980
27,37,10,1,0.439,0.859
27,37,10,2,0.939,1.439
27,37,10,3,1.860,2.359
27,37,10,4,2.500,3.059
27,37,10,5,4.139,5.199
27,37,10,6,5.420,5.739
27,37,10,7,5.799,6.379
27,37,10,8,6.879,8.100
27,37,11,1,0.439,1.360
27,37,11,2,1.379,2.399
27,37,11,3,2.419,3.099
27,37,11,4,4.179,5.480
27,37,11,5,5.619,5.779
27,37,11,6,5.920,6.219
27,37,11,7,6.299,7.159
27,37,12,1,0.379,0.879
27,37,12,2,0.959,1.759
27,37,12,3,1.860,2.819
27,37,12,4,3.779,4.619
27,37,12,5,4.659,5.219
27,37,12,6,5.440,6.559
27,37,13,1,0.259,0.919
27,37,13,2,1.059,1.539
27,37,13,3,1.620,1.779
27,37,13,4,2.759,2.939
27,37,13,5,3.079,3.659
27,37,13,6,3.839,3.980
27,37,13,7,4.099,4.619
27,37,13,8,4.659,5.480
27,37,14,1,0.259,0.899
27,37,14,2,1.039,1.659
27,37,14,3,1.719,2.440
27,37,14,4,3.379,4.159
27,37,14,5,4.219,4.900
27,37,14,6,5.500,6.259
27,37,14,7,6.399,6.920
27,37,14,8,7.039,7.779
27,37,14,9,8.519,9.460
27,37,14,10,9.800,10.319
27,37,14,11,10.340,11.099
27,37,15,1,0.340,1.159
27,37,15,2,1.299,1.799
27,37,15,3,1.879,2.619
27,37,15,4,3.319,4.619
27,37,15,5,5.039,6.320
27,37,16,1,0.280,0.699
27,37,16,2,0.799,1.360
27,37,16,3,1.419,2.279
27,37,16,4,3.179,3.859
27,37,16,5,3.959,4.639
27,37,16,6,4.799,5.480
27,37,17,1,0.159,0.399
27,37,17,2,0.439,1.220
27,37,17,3,1.279,1.879
27,37,17,4,2.000,2.960
27,37,17,5,3.839,4.699
27,37,17,6,4.819,5.599
27,37,17,7,5.839,6.599
27,37,18,1,0.119,0.859
27,37,18,2,1.079,1.099
27,37,18,3,1.740,2.440
27,37,18,4,2.639,3.279
27,37,18,5,4.360,5.460
27,37,18,6,5.839,6.420
27,37,18,7,6.500,7.199
27,37,19,1,0.259,0.599
27,37,19,2,0.659,1.399
27,37,19,3,1.559,2.019
27,37,19,4,2.059,2.500
27,37,19,5,3.519,4.199
27,37,19,6,4.299,5.079
27,37,19,7,5.500,6.779
27,37,20,1,0.159,0.359
27,37,20,2,0.379,1.100
27,37,20,3,1.159,1.860
27,37,20,4,2.859,3.679
27,37,20,5,3.699,3.759
27,37,20,6,4.719,5.319
27,37,20,7,5.359,5.799
27,37,20,8,5.859,6.000
27,37,20,9,6.000,6.001
27,37,20,10,6.000,6.001
27,37,21,1,0.179,0.699
27,37,21,2,1.199,5.239
27,37,21,3,5.599,5.879
27,37,21,4,5.940,6.659
27,37,21,5,7.619,8.500
27,37,21,6,8.939,9.539
27,37,21,7,9.859,10.659
27,37,22,1,0.159,0.500
27,37,22,2,0.519,1.519
27,37,22,3,1.759,2.319
27,37,22,4,2.359,3.079
27,37,22,5,4.079,5.619
27,37,22,6,5.819,7.079
27,37,23,1,0.299,0.639
27,37,23,2,1.259,1.979
27,37,23,3,2.159,2.859
27,37,23,4,2.939,3.599
27,37,23,5,4.440,5.259
27,37,23,6,5.839,6.980
27,37,24,1,0.239,0.399
27,37,24,2,0.479,1.120
27,37,24,3,1.539,1.779
27,37,24,4,1.799,2.399
27,37,24,5,3.059,3.179
27,37,24,6,3.359,3.559
27,37,24,7,4.360,4.839
27,37,24,8,4.920,5.539
27,37,25,1,0.219,0.879
27,37,25,2,0.899,1.740
27,37,25,3,1.879,2.220
27,37,25,4,2.319,3.039
27,37,25,5,3.679,4.199
27,37,25,6,4.259,5.000
27,37,25,7,5.159,5.839
27,37,25,8,5.920,6.639
27,37,25,9,7.319,8.199
27,37,25,10,8.319,9.199
27,37,25,11,9.220,10.079
27,37,26,1,0.199,0.459
27,37,26,2,0.479,1.019
27,37,26,3,1.199,1.620
27,37,26,4,1.639,2.279
27,37,26,5,2.960,3.859
27,37,26,6,3.959,5.019
27,37,27,1,0.319,0.779
27,37,27,2,0.919,1.500
27,37,27,3,1.539,2.099
27,37,27,4,2.240,2.559
27,37,27,5,3.299,4.099
27,37,27,6,4.559,5.400
27,37,28,1,0.159,0.340
27,37,28,2,0.359,0.539
27,37,28,3,0.839,1.639
27,37,28,4,1.719,2.359
27,37,28,5,3.319,3.699
27,37,28,6,3.779,4.719
27,37,28,7,4.779,5.000
27,37,28,8,5.139,6.079
27,37,28,9,6.739,7.419
27,37,28,10,7.519,8.479
27,37,28,11,9.179,10.059
27,37,28,12,10.199,10.960
27,37,28,13,11.539,12.499
27,37,29,1,0.239,1.240
27,37,29,2,1.360,2.119
27,37,29,3,2.200,2.839
27,37,29,4,3.539,4.599
27,37,29,5,4.679,5.359
27,37,29,6,5.420,6.139
27,37,30,1,0.140,0.479
27,37,30,2,0.539,1.199
27,37,30,3,1.240,1.879
27,37,30,4,1.979,2.519
27,37,30,5,3.399,4.259
27,37,30,6,4.480,5.159
27,37,30,7,5.239,6.079
27,37,31,1,0.159,0.799
27,37,31,2,0.859,1.419
27,37,31,3,1.500,2.220
27,37,31,4,3.319,3.599
27,37,31,5,3.699,4.460
27,37,31,6,4.719,5.639
27,37,32,1,0.179,0.740
27,37,32,2,0.779,1.439
27,37,32,3,1.500,2.359
27,37,32,4,3.319,4.259
27,37,32,5,4.380,5.400
27,37,33,1,0.319,0.659
27,37,33,2,1.159,1.339
27,37,33,3,1.399,2.399
27,37,33,4,2.460,3.039
27,37,33,5,3.759,4.119
27,37,33,6,4.179,5.179
27,37,33,7,5.239,6.480
27,37,34,1,0.140,0.939
27,37,34,2,0.959,1.159
27,37,34,3,1.240,2.240
27,37,34,4,2.279,2.799
27,37,34,5,2.839,3.379
27,37,34,6,4.159,5.219
27,37,34,7,5.259,6.099
27,37,34,8,6.219,6.739
27,37,34,9,7.440,8.619
27,37,34,10,8.739,9.399
27,37,34,11,9.659,10.419
27,37,35,1,0.179,0.839
27,37,35,2,0.899,1.620
27,37,35,3,1.639,2.200
27,37,35,4,2.960,3.759
27,37,35,5,4.279,5.079
27,37,35,6,5.159,5.960
27,37,36,1,0.239,1.159
27,37,36,2,1.599,2.259
27,37,36,3,2.319,2.960
27,37,36,4,3.839,5.259
27,37,36,5,5.359,5.699
27,37,36,6,5.719,6.659
27,37,37,1,0.280,0.740
27,37,37,2,0.919,1.379
27,37,37,3,1.419,1.899
27,37,37,4,1.919,2.519
27,37,37,5,3.139,3.259
27,37,37,6,3.419,4.079
27,37,37,7,4.139,4.559
27,37,37,8,4.599,5.400
27,37,38,1,0.199,1.220
27,37,38,2,1.259,1.919
27,37,38,3,1.959,2.639
27,37,38,4,3.679,4.319
27,37,38,5,4.380,5.159
27,37,38,6,5.819,7.079
27,37,39,1,0.219,1.159
27,37,39,2,1.199,2.079
27,37,39,3,2.119,2.460
27,37,39,4,3.639,4.739
27,37,39,5,4.759,5.199
27,37,39,6,5.299,6.059
27,37,40,1,0.239,1.639
27,37,40,2,1.759,2.019
27,37,40,3,2.579,3.639
27,37,40,4,4.299,5.420
27,37,40,5,5.579,6.420
27,37,40,6,6.819,7.619
27,37,40,7,8.139,8.300
27,37,40,8,8.460,9.079
27,37,40,9,9.159,9.599
27,38,1,1,0.140,0.579
27,38,1,2,0.620,0.879
27,38,1,3,1.439,2.059
27,38,2,1,0.280,0.639
27,38,2,2,0.640,2.180
27,38,2,3,2.240,2.879
27,38,2,4,3.179,3.959
27,38,2,5,5.099,6.159
27,38,2,6,6.339,7.719
27,38,3,1,0.399,0.519
27,38,3,2,0.579,1.220
27,38,3,3,1.319,2.819
27,38,3,4,2.879,3.139
27,38,3,5,4.000,4.900
27,38,3,6,5.440,5.920
27,38,3,7,6.460,7.319
27,38,4,1,0.239,0.620
27,38,4,2,0.699,1.139
27,38,4,3,1.199,1.899
27,38,4,4,1.979,2.619
27,38,4,5,2.679,3.599
27,38,4,6,4.500,4.719
27,38,4,7,4.819,5.279
27,38,4,8,5.420,6.359
27,38,4,9,6.799,7.480
27,38,4,10,7.639,8.819
27,38,5,1,0.140,0.379
27,38,5,2,0.399,1.360
27,38,5,3,1.399,1.860
27,38,5,4,1.899,2.339
27,38,5,5,3.319,4.039
27,38,5,6,4.139,4.659
27,38,5,7,5.139,5.859
27,38,5,8,6.019,6.980
27,38,6,1,0.159,1.339
27,38,6,2,1.379,2.079
27,38,6,3,2.180,3.199
27,38,6,4,4.059,4.880
27,38,6,5,5.179,6.079
27,38,7,1,0.219,1.059
27,38,7,2,1.220,1.939
27,38,7,3,2.000,2.200
27,38,7,4,2.259,2.819
27,38,7,5,3.819,4.099
27,38,7,6,4.159,4.739
27,38,7,7,4.880,5.559
27,38,7,8,5.579,6.599
27,38,8,1,0.159,0.479
27,38,8,2,0.500,1.480
27,38,8,3,1.620,2.240
27,38,8,4,2.339,2.819
27,38,8,5,3.779,4.360
27,38,8,6,4.460,5.019
27,38,8,7,5.159,6.079
27,38,9,1,0.199,1.000
27,38,9,2,1.079,1.919
27,38,9,3,1.959,2.159
27,38,9,4,2.220,2.740
27,38,9,5,3.619,4.420
27,38,9,6,4.779,5.739
27,38,9,7,5.799,6.559
27,38,10,1,0.179,1.039
27,38,10,2,1.139,1.959
27,38,10,3,2.159,2.500
27,38,10,4,2.599,3.359
27,38,10,5,4.420,5.380
27,38,10,6,5.480,6.219
27,38,10,7,6.319,6.500
27,38,10,8,6.519,7.719
27,38,11,1,0.179,0.740
27,38,11,2,0.819,1.819
27,38,11,3,1.879,2.639
27,38,11,4,2.720,3.299
27,38,11,5,4.279,4.960
27,38,11,6,5.019,5.639
27,38,11,7,5.940,6.179
27,38,11,8,6.239,6.519
27,38,11,9,6.719,6.920
27,38,11,10,7.019,7.759
27,38,12,1,0.179,0.799
27,38,12,2,0.839,1.519
27,38,12,3,1.659,2.500
27,38,12,4,2.559,3.019
27,38,12,5,3.039,3.839
27,38,12,6,4.539,5.559
27,38,12,7,5.679,6.440
27,38,12,8,6.500,7.199
27,38,13,1,0.239,1.179
27,38,13,2,1.279,1.899
27,38,13,3,1.979,2.519
27,38,13,4,3.579,4.339
27,38,13,5,4.440,5.079
27,38,13,6,5.239,5.839
27,38,13,7,5.879,6.500
27,38,13,8,7.259,8.559
27,38,13,9,8.619,8.880
27,38,13,10,8.920,9.659
27,38,13,11,9.739,10.739
27,38,14,1,0.239,0.779
27,38,14,2,1.000,1.679
27,38,14,3,1.719,1.899
27,38,14,4,1.979,2.559
27,38,14,5,3.379,4.420
27,38,14,6,4.519,4.619
27,38,14,7,4.699,5.299
27,38,14,8,5.500,6.079
27,38,15,1,0.239,0.799
27,38,15,2,0.879,1.419
27,38,15,3,1.879,2.359
27,38,15,4,2.440,2.619
27,38,15,5,2.720,3.439
27,38,15,6,4.239,4.839
27,38,15,7,4.960,5.500
27,38,15,8,5.619,6.480
27,38,16,1,0.140,0.280
27,38,16,2,0.299,0.819
27,38,16,3,1.000,1.999
27,38,16,4,2.000,2.619
27,38,16,5,3.779,4.380
27,38,16,6,4.500,5.139
27,38,16,7,5.420,6.159
27,38,16,8,6.319,7.199
27,38,17,1,0.159,0.299
27,38,17,2,0.359,0.939
27,38,17,3,1.019,1.279
27,38,17,4,1.399,2.079
27,38,17,5,2.119,2.319
27,38,17,6,3.359,3.859
27,38,17,7,3.939,4.639
27,38,17,8,4.759,5.219
27,38,17,9,5.299,6.260
27,38,18,1,0.179,0.340
27,38,18,2,0.419,0.759
27,38,18,3,0.839,1.620
27,38,18,4,1.679,2.240
27,38,18,5,3.019,4.039
27,38,18,6,4.139,4.619
27,38,18,7,4.739,5.420
27,38,19,1,0.119,0.299
27,38,19,2,0.340,0.919
27,38,19,3,1.079,1.579
27,38,19,4,2.460,3.139
27,38,19,5,3.240,4.519
27,38,20,1,0.280,1.379
27,38,20,2,1.539,2.259
27,38,20,3,2.299,3.099
27,38,20,4,3.779,4.699
27,38,20,5,5.359,6.199
27,38,20,6,6.599,7.319
27,38,21,1,0.280,1.179
27,38,21,2,1.279,1.699
27,38,21,3,1.839,2.359
27,38,21,4,2.379,2.740
27,38,21,5,3.240,4.199
27,38,21,6,5.159,6.000
27,38,21,7,6.079,6.759
27,38,21,8,6.940,7.379
27,38,22,1,0.239,0.620
27,38,22,2,0.759,1.659
27,38,22,3,1.740,2.059
27,38,22,4,3.319,4.119
27,38,22,5,4.159,4.380
27,38,22,6,4.440,5.039
27,38,22,7,5.099,6.079
27,38,23,1,0.299,0.899
27,38,23,2,0.979,1.939
27,38,23,3,2.559,3.319
27,38,23,4,3.699,4.699
27,39,1,1,0.159,0.939
27,39,1,2,1.480,2.299
27,39,1,3,2.839,3.579
27,39,1,4,4.019,4.359
27,39,2,1,0.299,1.019
27,39,2,2,1.079,1.639
27,39,2,3,1.719,2.399
27,39,2,4,2.899,3.519
27,39,2,5,3.639,4.299
27,39,2,6,5.079,5.659
27,39,2,7,5.739,6.219
27,39,2,8,6.279,6.920
27,39,2,9,7.579,8.000
27,39,2,10,8.079,8.699
27,39,2,11,8.779,9.600
27,39,3,1,0.280,1.240
27,39,3,2,1.819,2.579
27,39,3,3,3.079,3.939
27,39,3,4,4.000,4.679
27,39,3,5,5.139,6.119
27,39,3,6,6.799,7.759
27,39,4,1,0.319,0.759
27,39,4,2,0.779,1.279
27,39,4,3,1.360,2.039
27,39,4,4,3.179,4.079
27,39,4,5,4.099,4.619
27,39,4,6,4.739,5.039
27,39,4,7,5.679,6.500
27,39,4,8,6.559,7.440
27,39,5,1,0.239,1.000
27,39,5,2,1.079,1.179
27,39,5,3,1.779,2.299
27,39,5,4,3.119,3.859
27,39,5,5,3.879,4.659
27,39,5,6,4.719,4.920
27,39,5,7,4.940,5.179
27,39,5,8,5.839,6.460
27,39,5,9,6.940,7.219
27,39,5,10,7.419,8.119
27,39,5,11,8.159,8.880
27,39,6,1,0.219,0.719
27,39,6,2,0.819,1.519
27,39,6,3,1.699,2.339
27,39,6,4,2.399,2.899
27,39,6,5,3.679,4.440
27,39,6,6,4.539,5.359
27,39,6,7,5.440,6.079
27,39,6,8,7.219,7.579
27,39,6,9,7.719,7.980
27,39,6,10,8.079,8.659
27,39,6,11,9.139,9.559
27,39,6,12,9.639,10.199
27,39,6,13,10.300,11.340
27,39,6,14,11.460,11.920
27,39,7,1,0.219,0.500
27,39,7,2,0.560,1.419
27,39,7,3,1.759,2.740
27,39,7,4,2.859,3.220
27,39,7,5,4.219,4.519
27,39,7,6,4.639,5.259
27,39,7,7,5.319,6.219
27,39,7,8,7.339,8.199
27,39,7,9,8.500,8.840
27,39,7,10,8.899,9.359
27,39,7,11,9.899,10.139
27,39,7,12,10.279,11.260
27,39,8,1,0.239,1.019
27,39,8,2,1.459,1.759
27,39,8,3,1.779,2.500
27,39,8,4,2.619,3.339
27,39,8,5,3.959,4.779
27,39,8,6,5.219,5.719
27,39,8,7,5.739,6.240
27,39,9,1,0.219,0.779
27,39,9,2,0.879,1.519
27,39,9,3,1.579,2.579
27,39,9,4,3.279,3.899
27,39,9,5,3.980,4.719
27,39,9,6,4.799,5.119
27,39,9,7,5.139,6.320
27,39,10,1,0.199,1.199
27,39,10,2,1.360,1.620
27,39,10,3,1.759,2.359
27,39,10,4,2.440,2.799
27,39,10,5,3.579,3.699
27,39,10,6,3.819,4.480
27,39,10,7,4.500,5.360
27,39,11,1,0.219,0.879
27,39,11,2,1.039,1.599
27,39,11,3,1.679,2.539
27,39,11,4,3.220,4.279
27,39,11,5,4.299,5.039
27,39,11,6,5.539,5.960
27,39,11,7,6.099,7.019
27,39,12,1,0.199,1.240
27,39,12,2,1.279,1.459
27,39,12,3,1.559,2.099
27,39,12,4,2.339,2.960
27,39,12,5,3.119,3.460
27,39,12,6,4.079,5.239
27,39,12,7,5.400,5.980
27,39,12,8,6.099,6.659
27,39,12,9,7.559,7.879
27,39,12,10,7.980,8.460
27,39,12,11,8.619,8.899
27,39,12,12,8.960,9.500
27,39,12,13,9.880,10.359
27,39,13,1,0.379,0.979
27,39,13,2,1.100,2.039
27,39,13,3,2.159,2.440
27,39,13,4,3.299,4.360
27,39,13,5,4.440,5.319
27,39,13,6,6.299,6.500
27,39,13,7,6.579,7.299
27,39,13,8,7.460,7.639
27,39,13,9,7.759,8.500
27,39,13,10,9.260,9.380
27,39,13,11,9.519,9.899
27,39,13,12,10.099,10.579
27,39,13,13,10.639,11.219
27,39,13,14,11.979,12.679
27,39,13,15,13.019,13.799
27,39,13,16,13.840,14.719
27,39,14,1,0.199,0.819
27,39,14,2,0.899,1.779
27,39,14,3,1.860,2.939
27,39,14,4,3.879,4.659
27,39,14,5,4.819,5.339
27,39,14,6,6.039,7.159
27,40,1,1,0.140,1.079
27,40,1,2,1.259,2.419
27,40,1,3,2.500,2.659
27,40,2,1,0.259,0.879
27,40,2,2,1.019,1.740
27,40,2,3,1.860,1.979
27,40,2,4,2.159,3.980
27,40,2,5,4.000,4.759
27,40,2,6,4.799,5.599
27,40,2,7,5.759,6.739
27,40,3,1,0.219,1.240
27,40,3,2,1.259,1.779
27,40,3,3,1.799,2.339
27,40,3,4,2.960,3.419
27,40,3,5,3.460,4.239
27,40,3,6,5.139,5.839
27,40,3,7,5.920,6.119
27,40,3,8,6.159,6.519
27,40,3,9,6.579,7.199
27,40,3,10,7.779,8.519
27,40,3,11,8.619,9.659
27,40,4,1,0.340,1.379
27,40,4,2,1.419,1.799
27,40,4,3,1.879,2.139
27,40,4,4,2.180,2.679
27,40,4,5,3.059,3.799
27,40,4,6,3.919,4.639
27,40,4,7,5.380,5.779
27,40,4,8,5.839,6.420
27,40,4,9,6.539,7.359
27,40,4,10,7.799,8.819
27,40,4,11,8.939,9.760
27,40,5,1,0.199,0.659
27,40,5,2,0.959,1.779
27,40,5,3,2.159,2.639
27,40,5,4,2.679,3.139
27,40,5,5,3.199,3.399
27,40,5,6,3.779,4.420
27,40,5,7,5.000,5.319
27,40,5,8,5.460,5.940
27,40,5,9,6.319,6.659
27,40,5,10,6.779,7.419
27,40,5,11,7.960,8.639
27,40,5,12,8.760,9.659
27,40,6,1,0.359,0.959
27,40,6,2,1.000,1.599
27,40,6,3,2.039,2.659
27,40,6,4,2.819,3.079
27,40,6,5,3.240,4.219
27,40,6,6,4.880,6.099
27,40,6,7,6.440,8.139
27,40,6,8,8.179,8.819
27,40,6,9,9.500,9.779
27,40,6,10,9.920,10.519
27,40,6,11,10.579,11.239
27,40,6,12,11.939,12.719
27,40,6,13,12.859,14.059
27,40,6,14,14.639,15.559
27,40,6,15,15.659,16.920
27,40,7,1,0.539,1.159
27,40,7,2,1.179,1.919
27,40,7,3,1.959,2.159
27,40,7,4,2.240,2.819
27,40,7,5,3.799,4.739
27,40,7,6,4.819,5.279
27,40,7,7,5.400,5.599
27,40,7,8,6.619,7.039
27,40,7,9,7.139,7.980
27,40,7,10,8.239,8.479
27,40,7,11,8.599,9.599
27,40,8,1,0.459,0.919
27,40,8,2,1.100,1.779
27,40,8,3,1.860,2.339
27,40,8,4,2.579,3.159
27,40,8,5,4.420,5.359
27,40,8,6,5.480,6.039
27,40,8,7,6.099,6.500
27,40,8,8,6.559,7.439
27,40,9,1,0.259,0.919
27,40,9,2,0.979,2.000
27,40,9,3,2.019,2.679
27,40,9,4,2.720,3.480
27,40,9,5,4.319,5.299
27,40,9,6,5.420,5.859
27,40,9,7,6.019,7.019
27,40,10,1,0.359,1.240
27,40,10,2,1.319,1.959
27,40,10,3,2.019,2.539
27,40,10,4,2.679,3.099
27,40,10,5,3.839,4.480
27,40,10,6,4.559,5.259
27,40,10,7,5.359,5.639
27,40,10,8,5.739,6.259
27,40,10,9,7.279,7.619
27,40,10,10,8.340,8.819
27,40,10,11,9.000,10.000
27,40,11,1,0.379,1.419
27,40,11,2,1.439,1.599
27,40,11,3,1.699,2.619
27,40,11,4,2.919,3.379
27,40,11,5,3.419,3.899
27,40,11,6,4.819,5.879
27,40,11,7,5.920,7.039
27,40,11,8,7.460,8.039
27,40,11,9,9.019,9.279
27,40,11,10,9.359,10.199
27,40,11,11,10.500,11.259
27,40,11,12,11.639,12.659
27,40,11,13,13.239,14.119
27,40,11,14,14.239,14.779
27,40,12,1,0.340,0.899
27,40,12,2,1.019,1.319
27,40,12,3,1.740,2.000
27,40,12,4,2.059,2.619
27,40,12,5,2.980,3.659
27,40,12,6,3.919,4.739
27,40,12,7,5.380,6.179
27,40,12,8,6.299,7.639
27,40,12,9,7.699,8.159
27,40,12,10,8.420,9.659
27,40,13,1,0.319,0.479
27,40,13,2,0.579,1.319
27,40,13,3,1.339,1.799
27,40,13,4,1.879,2.460
27,40,13,5,2.500,2.700
27,40,13,6,2.859,3.059
27,40,13,7,3.199,3.939
27,40,13,8,4.659,5.699
27,40,13,9,5.859,6.719
27,40,13,10,7.259,7.519
27,40,13,11,7.559,8.239
27,40,13,12,8.319,8.899
27,40,13,13,9.800,10.519
27,40,13,14,10.679,11.619
27,40,13,15,11.679,12.159
27,40,13,16,12.759,13.599
27,40,13,17,13.840,15.039
27,40,14,1,0.319,1.059
27,40,14,2,1.159,1.479
27,40,14,3,1.879,2.960
27,40,14,4,3.539,3.899
27,40,14,5,4.719,5.679
27,40,14,6,5.900,6.779
27,40,15,1,0.419,1.279
27,40,15,2,1.539,2.579
27,40,15,3,2.700,3.279
27,40,15,4,3.799,4.659
27,40,15,5,4.699,5.259
27,40,15,6,5.699,6.599
27,40,15,7,7.379,8.199
27,40,15,8,8.279,8.819
27,40,15,9,8.939,10.099
27,40,15,10,10.639,11.459
27,40,15,11,11.779,12.699
27,40,16,1,0.299,1.480
27,40,16,2,1.500,1.819
27,40,16,3,1.860,2.319
27,40,16,4,2.480,3.519
27,40,16,5,3.539,4.339
27,40,16,6,4.380,4.599
27,40,16,7,4.679,5.380
27,40,16,8,5.400,6.319
27,40,17,1,0.359,1.220
27,40,17,2,1.240,2.079
27,40,17,3,2.119,2.639
27,40,17,4,3.199,3.519
27,40,17,5,3.639,4.639
27,40,17,6,5.380,5.960
27,40,17,7,6.079,6.699
27,40,17,8,7.079,7.960
27,40,17,9,8.000,8.280
27,40,17,10,9.139,9.639
27,40,17,11,9.840,11.079
27,40,18,1,0.259,0.879
27,40,18,2,0.979,1.419
27,40,18,3,1.459,2.319
27,40,18,4,3.019,3.740
27,40,18,5,3.839,4.659
27,40,18,6,4.739,4.920
27,40,18,7,5.579,6.379
27,40,18,8,6.559,7.719
27,40,18,9,7.779,8.300
27,40,18,10,8.979,9.739
27,40,18,11,10.559,10.939
27,40,18,12,11.179,12.399
27,41,1,1,0.099,0.979
27,41,1,2,1.339,1.839
27,41,1,3,1.919,2.419
27,41,2,1,0.459,1.120
27,41,2,2,1.259,1.939
27,41,2,3,2.220,2.339
27,41,2,4,2.460,2.839
27,41,2,5,3.699,4.199
27,41,2,6,4.259,4.699
27,41,2,7,4.819,6.019
27,41,2,8,6.059,6.919
27,41,3,1,0.280,0.639
27,41,3,2,1.000,2.319
27,41,3,3,2.460,3.599
27,41,3,4,4.299,5.460
27,41,3,5,5.519,6.299
27,41,3,6,7.019,7.480
27,41,3,7,7.679,8.679
27,41,3,8,8.739,9.619
27,41,3,9,9.659,10.739
27,41,4,1,0.340,0.979
27,41,4,2,0.999,2.259
27,41,4,3,2.399,2.539
27,41,4,4,2.819,3.439
27,41,4,5,3.480,4.819
27,41,4,6,4.920,5.259
27,41,4,7,5.299,6.079
27,41,4,8,6.519,7.159
27,41,4,9,7.379,8.459
27,41,5,1,0.319,0.659
27,41,5,2,0.699,1.419
27,41,5,3,1.779,2.019
27,41,5,4,2.539,3.220
27,41,5,5,4.299,5.019
27,41,5,6,5.059,5.579
27,41,5,7,5.940,6.079
27,41,5,8,6.239,6.960
27,41,5,9,7.000,7.619
27,41,6,1,0.319,0.859
27,41,6,2,1.019,1.519
27,41,6,3,1.620,1.899
27,41,6,4,2.019,2.180
27,41,6,5,2.859,3.199
27,41,6,6,3.259,4.000
27,41,6,7,4.119,4.679
27,41,6,8,4.799,5.579
27,41,7,1,0.399,0.819
27,41,7,2,0.959,1.279
27,41,7,3,1.860,2.579
27,41,7,4,2.960,3.220
27,41,7,5,3.359,3.980
27,41,7,6,4.659,5.519
27,41,7,7,5.719,6.759
27,41,7,8,6.839,7.259
27,41,7,9,7.299,7.659
27,41,7,10,8.319,9.000
27,41,7,11,9.159,9.819
27,41,7,12,10.399,11.519
27,41,8,1,0.280,0.939
27,41,8,2,1.000,1.459
27,41,8,3,1.879,2.759
27,41,8,4,2.980,3.220
27,41,8,5,3.339,4.039
27,41,8,6,4.699,5.299
27,41,8,7,5.679,6.599
27,41,8,8,6.719,7.119
27,41,8,9,7.219,7.719
27,41,9,1,0.439,0.959
27,41,9,2,1.100,2.059
27,41,9,3,2.099,2.700
27,41,9,4,2.740,3.079
27,41,9,5,3.639,4.400
27,41,9,6,4.440,5.059
27,41,9,7,5.659,5.799
27,41,9,8,5.879,6.440
27,41,9,9,6.519,7.320
27,41,10,1,0.340,0.799
27,41,10,2,0.819,1.120
27,41,10,3,1.139,1.659
27,41,10,4,1.899,2.399
27,41,10,5,2.559,3.159
27,41,10,6,3.199,3.460
27,41,10,7,3.980,4.400
27,41,10,8,4.480,5.059
27,41,10,9,5.759,6.319
27,41,10,10,6.420,6.980
27,41,10,11,7.279,8.039
27,41,11,1,0.219,1.019
27,41,11,2,1.039,1.879
27,41,11,3,1.880,2.539
27,41,11,4,2.599,3.599
27,41,11,5,4.339,5.440
27,41,11,6,5.579,6.319
27,41,12,1,0.379,0.899
27,41,12,2,0.939,1.620
27,41,12,3,1.719,1.839
27,41,12,4,1.919,2.500
27,41,12,5,2.659,2.859
27,41,12,6,3.799,3.899
27,41,12,7,3.980,4.099
27,41,12,8,4.139,4.880
27,41,12,9,4.920,5.400
27,41,12,10,5.539,6.319
27,41,13,1,0.359,0.959
27,41,13,2,1.599,2.259
27,41,13,3,2.399,3.059
27,41,13,4,3.079,3.319
27,41,13,5,4.079,5.699
27,41,13,6,5.759,6.500
27,41,13,7,6.699,7.619
27,41,14,1,0.299,0.899
27,41,14,2,1.039,1.159
27,41,14,3,1.160,2.379
27,41,14,4,2.419,3.259
27,41,14,5,3.839,4.759
27,41,14,6,5.000,5.440
27,41,14,7,5.460,6.079
27,41,14,8,6.619,7.219
27,41,14,9,7.359,8.220
27,42,1,1,0.099,0.919
27,42,1,2,1.439,2.279
27,42,1,3,2.319,2.639
27,42,1,4,2.740,3.019
27,42,2,1,0.280,1.199
27,42,2,2,1.299,2.019
27,42,2,3,2.079,2.319
27,42,2,4,2.359,2.960
27,42,2,5,3.139,3.679
27,42,2,6,4.500,4.739
27,42,2,7,4.819,5.359
27,42,2,8,5.480,6.119
27,42,2,9,6.179,6.859
27,42,2,10,6.940,7.679
27,42,3,1,0.219,0.839
27,42,3,2,0.939,1.519
27,42,3,3,1.639,2.500
27,42,3,4,2.539,3.019
27,42,3,5,3.059,3.460
27,42,3,6,4.199,4.719
27,42,3,7,4.859,5.400
27,42,3,8,5.500,6.379
27,42,3,9,6.639,7.099
27,42,3,10,7.159,7.860
27,42,4,1,0.140,0.659
27,42,4,2,0.699,0.919
27,42,4,3,1.059,1.899
27,42,4,4,2.000,2.679
27,42,4,5,2.779,3.319
27,42,4,6,3.439,4.139
27,42,4,7,4.920,5.500
27,42,4,8,5.619,6.019
27,42,4,9,6.139,6.359
27,42,4,10,6.440,7.099
27,42,4,11,7.500,8.239
27,42,4,12,8.460,9.299
27,42,5,1,0.259,0.879
27,42,5,2,1.079,1.839
27,42,5,3,1.919,3.000
27,42,5,4,3.119,3.539
27,42,5,5,3.559,4.119
27,42,5,6,5.039,5.259
27,42,5,7,5.380,6.079
27,42,5,8,6.219,7.000
27,42,5,9,7.460,8.519
27,42,5,10,8.659,8.880
27,42,5,11,8.939,9.179
27,42,5,12,9.340,9.960
27,42,5,13,10.500,10.939
27,42,5,14,11.099,11.699
27,42,5,15,11.819,12.500
27,42,5,16,13.399,13.880
27,42,5,17,14.019,14.599
27,42,6,1,0.280,0.539
27,42,6,2,0.599,1.519
27,42,6,3,1.579,2.180
27,42,6,4,2.879,3.059
27,42,6,5,3.159,3.799
27,42,6,6,3.899,4.500
27,42,6,7,5.299,6.119
27,42,6,8,6.139,6.779
27,42,6,9,6.899,7.019
27,42,6,10,7.059,7.279
27,42,6,11,7.419,8.019
27,42,6,12,8.720,9.579
27,42,6,13,9.779,10.499
27,42,7,1,0.140,0.899
27,42,7,2,1.480,2.039
27,42,7,3,2.099,2.919
27,42,7,4,3.039,3.819
27,42,7,5,4.639,4.859
27,42,7,6,5.000,5.299
27,42,7,7,5.440,6.399
27,42,7,8,6.480,7.119
27,42,7,9,7.159,7.719
27,42,7,10,8.399,9.460
27,42,7,11,9.559,9.979
27,42,7,12,10.119,10.960
27,42,8,1,0.179,0.719
27,42,8,2,0.740,0.879
27,42,8,3,0.959,1.559
27,42,8,4,1.599,2.000
27,42,8,5,2.059,2.500
27,42,8,6,2.659,3.639
27,42,8,7,4.380,4.719
27,42,8,8,4.799,5.859
27,42,8,9,5.960,7.019
27,42,8,10,7.460,8.079
27,42,8,11,8.220,9.000
27,42,9,1,0.280,0.899
27,42,9,2,0.959,1.439
27,42,9,3,1.939,2.240
27,42,9,4,2.619,3.159
27,42,9,5,4.099,5.359
27,42,9,6,5.519,6.039
27,42,9,7,6.119,6.639
27,42,9,8,7.299,8.239
27,42,9,9,8.380,8.840
27,42,9,10,8.979,9.819
27,42,10,1,0.179,0.859
27,42,10,2,0.959,1.459
27,42,10,3,1.639,2.240
27,42,10,4,2.859,3.480
27,42,10,5,3.599,4.719
27,42,10,6,5.679,6.379
27,42,10,7,6.519,7.099
27,42,10,8,7.159,7.739
27,42,10,9,7.899,8.659
27,42,10,10,8.779,9.480
27,42,11,1,0.280,1.220
27,42,11,2,1.279,2.319
27,42,11,3,3.099,4.000
27,42,11,4,4.159,4.839
27,42,11,5,5.639,6.619
27,42,11,6,6.679,7.099
27,42,11,7,7.179,7.440
27,42,11,8,7.500,8.139
27,42,11,9,8.559,9.399
27,42,11,10,9.500,10.439
27,42,12,1,0.359,0.639
27,42,12,2,0.659,1.659
27,42,12,3,1.699,2.299
27,42,12,4,2.799,3.319
27,42,12,5,3.460,4.039
27,42,12,6,4.099,4.619
27,42,12,7,5.319,6.019
27,42,12,8,6.099,6.779
27,42,12,9,6.920,7.059
27,42,12,10,7.139,7.339
27,42,12,11,7.500,8.119
27,42,12,12,8.779,9.599
27,42,12,13,9.779,10.479
27,42,12,14,10.639,11.519
27,43,1,1,0.219,1.100
27,43,1,2,1.139,1.759
27,43,1,3,2.319,2.980
27,43,1,4,3.039,3.659
27,43,1,5,3.779,4.440
27,43,1,6,4.500,4.679
27,43,1,7,4.759,5.239
27,43,1,8,5.940,6.460
27,43,1,9,6.519,7.119
27,43,1,10,7.219,7.819
27,43,1,11,8.039,9.239
27,43,2,1,0.219,0.379
27,43,2,2,0.500,1.100
27,43,2,3,1.259,1.779
27,43,2,4,1.860,2.700
27,43,2,5,3.699,4.159
27,43,2,6,4.279,5.239
27,43,2,7,6.199,6.779
27,43,2,8,6.899,7.440
27,43,2,9,7.619,8.500
27,43,2,10,8.699,9.559
27,43,2,11,9.599,10.140
27,43,3,1,0.259,0.719
27,43,3,2,0.919,1.639
27,43,3,3,1.759,2.919
27,43,3,4,3.460,4.159
27,43,3,5,4.279,5.059
27,43,3,6,5.920,6.779
27,43,3,7,6.960,7.139
27,43,3,8,7.259,7.599
27,43,3,9,7.639,8.819
27,43,3,10,8.939,9.479
27,43,3,11,9.639,10.919
27,43,4,1,0.219,1.360
27,43,4,2,1.539,1.819
27,43,4,3,1.939,2.519
27,43,4,4,2.679,3.259
27,43,4,5,3.879,4.219
27,43,4,6,4.299,4.719
27,43,4,7,4.960,5.579
27,43,4,8,5.719,6.199
27,43,4,9,6.899,7.639
27,43,4,10,7.719,8.579
27,43,4,11,8.859,9.559
27,43,4,12,9.619,10.500
27,43,5,1,0.319,0.479
27,43,5,2,0.639,1.480
27,43,5,3,1.519,2.119
27,43,5,4,2.779,3.240
27,43,5,5,3.259,3.819
27,43,5,6,3.879,4.360
27,43,5,7,5.000,5.719
27,43,5,8,5.799,6.379
27,43,5,9,6.519,6.619
27,43,5,10,6.699,6.879
27,43,5,11,7.019,7.599
27,43,5,12,8.220,8.939
27,43,5,13,9.199,9.819
27,43,5,14,9.939,10.839
27,44,1,1,0.219,1.500
27,44,1,2,1.539,1.919
27,44,1,3,1.939,2.259
27,44,1,4,2.359,2.839
27,44,2,1,0.239,0.939
27,44,2,2,1.079,2.119
27,44,2,3,2.259,2.859
27,44,2,4,3.480,4.380
27,44,2,5,4.500,5.159
27,44,2,6,5.179,5.679
27,44,2,7,6.379,7.199
27,44,2,8,7.239,7.779
27,44,2,9,8.039,8.800
27,44,2,10,9.059,9.479
27,44,2,11,9.519,10.260
27,44,3,1,0.319,1.019
27,44,3,2,1.100,1.579
27,44,3,3,1.939,2.440
27,44,3,4,2.460,3.039
27,44,3,5,3.299,4.440
27,44,3,6,5.139,5.460
27,44,3,7,5.599,6.559
27,44,3,8,6.639,8.179
27,44,4,1,0.219,0.359
27,44,4,2,0.379,0.599
27,44,4,3,0.639,1.500
27,44,4,4,1.559,2.200
27,44,4,5,2.299,2.819
27,44,4,6,3.599,4.599
27,44,4,7,4.639,4.779
27,44,4,8,4.799,5.519
27,44,4,9,5.539,6.019
27,44,4,10,6.719,6.859
27,44,4,11,6.940,7.859
27,44,4,12,8.239,9.340
27,44,4,13,9.819,10.279
27,44,4,14,10.420,10.920
27,44,4,15,11.199,11.359
27,44,4,16,11.460,12.460
27,44,5,1,0.340,1.019
27,44,5,2,1.059,1.339
27,44,5,3,1.359,1.860
27,44,5,4,1.939,2.500
27,44,5,5,3.159,3.799
27,44,5,6,3.879,4.719
27,44,5,7,4.819,5.659
27,44,6,1,0.280,0.579
27,44,6,2,1.000,1.740
27,44,6,3,1.879,2.859
27,44,6,4,3.419,4.279
27,44,6,5,4.420,4.940
27,44,6,6,4.980,5.820
27,44,7,1,0.159,0.340
27,44,7,2,0.359,0.539
27,44,7,3,0.639,1.419
27,44,7,4,1.579,2.119
27,44,7,5,2.740,3.480
27,44,7,6,3.599,3.859
27,44,7,7,3.959,5.059
27,44,8,1,0.239,0.399
27,44,8,2,0.419,1.639
27,44,8,3,1.699,2.639
27,44,8,4,3.419,4.759
27,44,8,5,4.859,6.079
27,44,9,1,0.299,0.919
27,44,9,2,0.959,1.759
27,44,9,3,1.860,2.119
27,44,9,4,2.180,2.740
27,44,9,5,3.579,4.400
27,44,9,6,4.460,5.199
27,44,9,7,5.359,5.719
27,44,9,8,5.899,6.459
27,44,10,1,0.319,0.759
27,44,10,2,0.859,1.480
27,44,10,3,1.759,3.119
27,44,10,4,3.959,4.279
27,44,10,5,4.360,4.839
27,44,10,6,5.039,6.500
27,44,11,1,0.379,1.259
27,44,11,2,1.399,1.979
27,44,11,3,2.139,2.539
27,44,11,4,2.679,3.039
27,44,11,5,4.000,5.659
27,44,11,6,5.819,6.460
27,44,11,7,6.480,7.259
27,44,12,1,0.259,1.240
27,44,12,2,1.279,1.979
27,44,12,3,2.019,2.720
27,44,12,4,3.339,4.599
27,44,12,5,4.799,6.059
27,44,13,1,0.319,1.139
27,44,13,2,1.179,1.879
27,44,13,3,2.039,2.399
27,44,13,4,2.440,2.819
27,44,13,5,3.579,3.939
27,44,13,6,4.000,4.719
27,44,13,7,5.039,6.420
27,44,14,1,0.239,1.059
27,44,14,2,1.159,1.860
27,44,14,3,1.899,2.879
27,44,14,4,3.759,4.480
27,44,14,5,4.500,5.460
27,44,14,6,5.519,7.079
27,44,15,1,0.399,1.240
27,44,15,2,1.299,1.879
27,44,15,3,2.000,2.700
27,44,15,4,3.720,4.199
27,44,15,5,4.279,4.739
27,44,15,6,4.859,6.179
27,44,16,1,0.399,0.699
27,44,16,2,0.779,1.519
27,44,16,3,1.579,2.480
27,44,16,4,2.559,3.039
27,44,16,5,4.039,4.920
27,44,16,6,4.980,5.559
27,44,16,7,5.779,7.079
27,44,17,1,0.319,1.059
27,44,17,2,1.179,1.799
27,44,17,3,1.839,2.700
27,44,17,4,3.639,4.420
27,44,17,5,4.440,5.239
27,44,17,6,5.299,6.659
27,44,18,1,0.280,0.599
27,44,18,2,0.699,1.019
27,44,18,3,1.179,1.899
27,44,18,4,2.059,2.339
27,44,18,5,2.539,3.539
27,44,18,6,5.239,5.599
27,44,18,7,5.739,6.619
27,44,18,8,6.759,8.039
27,44,19,1,0.299,0.560
27,44,19,2,0.620,1.159
27,44,19,3,1.240,1.719
27,44,19,4,1.799,2.539
27,44,19,5,3.460,4.239
27,44,19,6,4.279,5.159
27,44,19,7,5.359,5.960
27,44,19,8,6.179,7.319
27,44,20,1,0.359,0.539
27,44,20,2,0.560,1.539
27,44,20,3,1.599,2.099
27,44,20,4,2.200,2.779
27,44,20,5,3.839,4.839
27,44,20,6,4.880,5.480
27,44,20,7,5.559,6.780
27,44,21,1,0.299,0.519
27,44,21,2,0.599,1.419
27,44,21,3,1.519,1.959
27,44,21,4,2.059,2.779
27,44,21,5,3.720,4.699
27,44,21,6,4.880,5.639
27,44,21,7,5.679,6.119
27,44,21,8,6.219,6.920
27,44,22,1,0.299,0.659
27,44,22,2,0.719,1.379
27,44,22,3,1.419,2.119
27,44,22,4,2.180,2.500
27,44,22,5,3.099,3.240
27,44,22,6,3.319,3.519
27,44,22,7,3.599,4.299
27,44,22,8,4.579,5.500
27,44,22,9,5.639,6.179
27,44,23,1,0.219,0.399
27,44,23,2,0.459,0.959
27,44,23,3,1.079,1.839
27,44,23,4,1.879,2.119
27,44,23,5,2.180,2.700
27,44,23,6,3.619,4.579
27,44,23,7,4.659,5.119
27,44,23,8,5.279,6.079
27,44,24,1,0.399,1.000
27,44,24,2,1.599,2.019
27,44,24,3,2.079,2.799
27,44,24,4,2.879,3.480
27,44,24,5,4.000,4.819
27,44,24,6,5.359,5.639
27,44,24,7,5.739,6.379
27,44,24,8,6.539,7.500
27,44,25,1,0.379,1.199
27,44,25,2,1.740,2.299
27,44,25,3,2.500,3.220
27,44,25,4,3.819,4.440
27,44,25,5,4.519,5.299
27,44,25,6,5.319,6.500
27,44,26,1,0.239,0.419
27,44,26,2,0.560,1.139
27,44,26,3,1.199,1.819
27,44,26,4,1.879,2.619
27,44,26,5,3.519,4.199
27,44,26,6,4.279,5.039
27,44,26,7,5.159,6.179
27,44,27,1,0.259,0.939
27,44,27,2,1.100,2.059
27,44,27,3,2.079,2.599
27,44,27,4,3.259,4.179
27,44,27,5,4.699,5.519
27,44,27,6,5.579,6.679
27,45,1,1,0.299,1.159
27,45,1,2,1.240,1.339
27,45,1,3,1.419,2.079
27,45,1,4,2.139,2.460
27,45,1,5,2.519,2.899
27,45,1,6,3.500,4.199
27,45,1,7,4.539,4.799
27,45,1,8,4.900,5.380
27,45,2,1,0.319,0.959
27,45,2,2,0.979,1.419
27,45,2,3,1.500,1.879
27,45,2,4,2.000,2.379
27,45,2,5,2.980,3.359
27,45,2,6,3.480,3.859
27,45,2,7,3.939,4.500
27,45,2,8,4.519,5.099
27,45,2,9,5.859,6.460
27,45,2,10,6.519,7.059
27,45,2,11,7.199,7.659
27,45,2,12,7.759,8.519
27,45,3,1,0.340,1.379
27,45,3,2,1.620,2.159
27,45,3,3,2.279,2.720
27,45,3,4,3.579,4.219
27,45,3,5,4.259,4.599
27,45,3,6,4.679,5.779
27,45,3,7,6.619,6.899
27,45,3,8,7.019,7.359
27,45,3,9,7.539,8.420
27,45,3,10,8.439,9.000
27,45,3,11,9.059,9.840
27,45,4,1,0.259,0.859
27,45,4,2,0.919,1.419
27,45,4,3,1.779,2.039
27,45,4,4,2.079,2.539
27,45,4,5,2.599,3.139
27,45,4,6,3.639,4.259
27,45,4,7,4.339,5.539
27,45,5,1,0.280,1.019
27,45,5,2,1.419,1.799
27,45,5,3,1.899,2.440
27,45,5,4,3.119,3.279
27,45,5,5,3.339,3.720
27,45,5,6,3.859,4.519
27,45,5,7,4.779,5.420
27,45,5,8,5.579,6.139
27,45,5,9,7.379,8.019
27,45,5,10,8.420,9.059
27,45,5,11,9.119,10.079
27,45,6,1,0.239,0.839
27,45,6,2,1.039,1.659
27,45,6,3,2.279,2.799
27,45,6,4,2.919,3.480
27,45,6,5,3.639,4.259
27,45,6,6,5.000,5.500
27,45,6,7,5.839,6.519
27,45,6,8,6.579,7.579
27,45,7,1,0.219,1.139
27,45,7,2,1.279,1.819
27,45,7,3,1.899,2.240
27,45,7,4,2.319,2.819
27,45,7,5,3.519,4.039
27,45,7,6,4.139,4.839
27,45,7,7,4.859,5.359
27,45,7,8,5.500,6.659
27,45,8,1,0.239,0.799
27,45,8,2,1.039,1.620
27,45,8,3,1.679,2.419
27,45,8,4,2.480,2.980
27,45,8,5,3.699,3.879
27,45,8,6,3.980,4.319
27,45,8,7,4.420,4.980
27,45,8,8,5.319,5.900
27,45,8,9,5.960,6.659
27,45,8,10,7.219,7.779
27,45,8,11,7.960,8.579
27,45,8,12,8.960,10.079
27,45,9,1,0.319,0.779
27,45,9,2,0.839,1.719
27,45,9,3,2.180,2.980
27,45,9,4,3.159,3.500
27,45,9,5,3.619,4.539
27,45,9,6,5.460,5.719
27,45,9,7,5.759,6.279
27,45,9,8,6.379,6.799
27,45,9,9,7.000,7.519
27,45,9,10,7.619,8.739
27,45,10,1,0.259,0.719
27,45,10,2,0.819,1.519
27,45,10,3,2.039,3.179
27,45,10,4,4.339,5.179
27,45,10,5,5.339,6.059
27,45,10,6,6.119,7.359
27,45,10,7,7.500,8.319
27,45,10,8,8.559,9.239
27,45,11,1,0.259,0.779
27,45,11,2,0.899,1.339
27,45,11,3,1.899,2.460
27,45,11,4,2.519,3.240
27,45,11,5,3.379,3.980
27,45,11,6,4.539,5.299
27,45,11,7,5.400,6.299
27,45,11,8,6.359,6.859
27,45,11,9,6.920,7.619
27,45,12,1,0.319,1.439
27,45,12,2,1.519,2.440
27,45,12,3,2.559,3.199
27,45,12,4,3.839,4.000
27,45,12,5,4.059,4.519
27,45,12,6,4.599,5.359
27,45,12,7,5.859,6.940
27,45,12,8,7.000,7.440
27,45,13,1,0.319,0.779
27,45,13,2,0.799,1.299
27,45,13,3,1.579,2.319
27,45,13,4,2.980,3.720
27,45,13,5,3.759,4.480
27,45,13,6,4.539,5.119
27,45,13,7,5.139,5.819
27,45,14,1,0.319,0.680
27,45,14,2,0.799,1.639
27,45,14,3,1.659,2.139
27,45,14,4,2.200,2.779
27,45,14,5,2.819,3.399
27,45,14,6,4.019,5.219
27,45,14,7,5.299,5.859
27,45,14,8,5.900,6.779
27,45,15,1,0.280,1.100
27,45,15,2,1.259,1.819
27,45,15,3,1.839,2.559
27,45,15,4,3.139,4.019
27,45,15,5,4.079,4.859
27,45,15,6,5.279,6.000
27,45,15,7,7.219,8.099
27,45,15,8,8.539,9.059
27,45,16,1,0.159,1.019
27,45,16,2,1.199,2.180
27,45,16,3,2.259,2.659
27,45,16,4,3.240,4.079
27,45,16,5,4.219,4.839
27,45,16,6,4.980,5.720
27,45,17,1,0.259,0.899
27,45,17,2,1.019,1.740
27,45,17,3,2.039,2.559
27,45,17,4,2.599,3.199
27,45,17,5,4.000,4.960
27,45,17,6,5.339,6.119
27,45,17,7,6.379,6.859
27,45,17,8,6.920,7.799
27,45,18,1,0.280,1.220
27,45,18,2,1.279,1.759
27,45,18,3,2.319,2.740
27,45,18,4,2.859,3.139
27,45,18,5,3.199,3.699
27,45,18,6,4.400,4.659
27,45,18,7,4.779,5.119
27,45,18,8,5.599,6.179
27,45,18,9,6.239,6.980
27,45,18,10,7.579,8.340
27,45,18,11,8.519,9.299
27,46,1,1,0.019,0.779
27,46,1,2,1.620,1.959
27,46,1,3,2.039,2.399
27,46,1,4,2.559,2.639
27,46,1,5,2.720,3.259
27,46,1,6,3.359,3.619
27,46,2,1,0.439,1.179
27,46,2,2,1.279,1.799
27,46,2,3,1.939,2.460
27,46,2,4,2.559,3.139
27,46,2,5,3.699,4.239
27,46,2,6,4.299,5.099
27,46,2,7,5.219,5.779
27,46,2,8,5.839,6.499
27,46,3,1,0.280,0.479
27,46,3,2,0.599,0.899
27,46,3,3,1.279,1.439
27,46,3,4,1.539,2.119
27,46,3,5,2.139,2.779
27,46,3,6,2.839,3.439
27,46,3,7,4.119,4.719
27,46,3,8,4.739,5.219
27,46,3,9,5.279,5.619
27,46,3,10,5.659,6.480
27,46,4,1,0.399,1.039
27,46,4,2,1.100,1.879
27,46,4,3,2.059,2.619
27,46,4,4,3.399,3.980
27,46,4,5,4.039,4.480
27,46,4,6,4.619,5.500
27,46,4,7,5.719,6.159
27,46,5,1,0.199,0.680
27,46,5,2,0.839,1.439
27,46,5,3,1.559,2.359
27,46,5,4,2.460,2.879
27,46,5,5,2.960,3.419
27,46,5,6,4.179,4.839
27,46,5,7,4.940,5.559
27,46,5,8,5.639,6.320
27,46,6,1,0.280,0.839
27,46,6,2,0.959,1.699
27,46,6,3,2.079,2.299
27,46,6,4,2.419,2.960
27,46,6,5,3.939,5.079
27,46,6,6,5.099,5.739
27,46,6,7,5.819,6.420
27,46,6,8,6.539,7.260
27,46,7,1,0.199,0.680
27,46,7,2,0.759,1.379
27,46,7,3,1.419,1.979
27,46,7,4,2.019,2.720
27,46,7,5,3.519,4.019
27,46,7,6,4.099,4.759
27,46,7,7,4.900,5.480
27,46,7,8,5.559,6.320
27,46,8,1,0.239,1.079
27,46,8,2,1.100,1.699
27,46,8,3,1.779,2.539
27,46,8,4,3.179,3.919
27,46,8,5,3.939,4.619
27,46,8,6,4.679,5.219
27,46,8,7,5.299,6.119
27,46,8,8,6.219,6.619
27,46,9,1,0.199,0.659
27,46,9,2,0.819,1.439
27,46,9,3,1.539,2.259
27,46,9,4,2.399,3.739
27,46,9,5,3.919,4.339
27,46,9,6,4.480,4.739
27,46,9,7,4.900,5.619
27,46,9,8,5.659,6.500
27,46,10,1,0.259,0.859
27,46,10,2,0.959,1.719
27,46,10,3,1.779,2.019
27,46,10,4,2.059,2.399
27,46,10,5,2.460,3.179
27,46,10,6,4.059,4.679
27,46,10,7,4.759,5.920
27,46,10,8,6.000,6.879
27,46,10,9,6.940,7.440
27,46,10,10,7.919,8.720
27,46,10,11,9.099,9.719
27,46,10,12,9.779,10.439
27,46,11,1,0.239,0.819
27,46,11,2,0.959,1.480
27,46,11,3,1.599,1.740
27,46,11,4,1.939,2.480
27,46,11,5,2.599,3.119
27,46,11,6,3.740,4.299
27,46,11,7,4.339,5.239
27,46,11,8,5.299,5.819
27,46,11,9,5.859,6.659
27,46,12,1,0.239,0.619
27,46,12,2,1.039,1.779
27,46,12,3,1.899,2.639
27,46,12,4,3.240,3.959
27,46,12,5,3.980,4.519
27,46,12,6,4.880,5.460
27,46,12,7,5.539,6.259
27,46,12,8,6.420,6.859
27,47,1,1,0.099,0.779
27,47,1,2,1.279,1.659
27,47,1,3,1.679,1.959
27,47,1,4,2.079,2.539
27,47,2,1,0.259,0.519
27,47,2,2,0.599,1.299
27,47,2,3,1.439,1.839
27,47,2,4,1.860,2.299
27,47,2,5,2.960,3.539
27,47,2,6,3.579,4.099
27,47,2,7,4.219,4.639
27,47,2,8,4.699,5.360
27,47,3,1,0.159,0.299
27,47,3,2,0.379,0.559
27,47,3,3,1.079,1.480
27,47,3,4,1.579,1.959
27,47,3,5,2.619,3.099
27,47,3,6,3.199,3.720
27,47,3,7,3.759,3.959
27,47,3,8,4.000,4.199
27,47,3,9,4.259,5.159
27,47,4,1,0.219,0.799
27,47,4,2,0.879,1.360
27,47,4,3,1.399,2.159
27,47,4,4,2.559,3.419
27,47,4,5,3.559,4.000
27,47,4,6,4.059,4.940
27,47,5,1,0.239,0.680
27,47,5,2,0.740,1.259
27,47,5,3,1.279,1.500
27,47,5,4,1.559,2.500
27,47,5,5,2.980,3.259
27,47,5,6,3.299,3.819
27,47,5,7,3.859,4.699
27,47,5,8,4.759,5.279
27,47,5,9,5.319,5.940
27,47,5,10,6.039,6.420
27,47,6,1,0.319,0.639
27,47,6,2,0.699,1.220
27,47,6,3,1.279,1.879
27,47,6,4,2.559,2.819
27,47,6,5,3.379,3.819
27,47,6,6,3.859,4.559
27,47,7,1,0.299,0.959
27,47,7,2,1.000,1.599
27,47,7,3,1.620,2.339
27,47,7,4,3.079,3.599
27,47,7,5,3.619,4.519
27,47,7,6,4.619,5.480
27,47,8,1,0.219,0.399
27,47,8,2,0.519,1.139
27,47,8,3,1.179,1.379
27,47,8,4,1.459,2.299
27,47,8,5,2.379,3.240
27,47,8,6,3.379,4.059
27,47,8,7,4.199,4.939
27,47,9,1,0.319,0.859
27,47,9,2,0.939,1.539
27,47,9,3,1.599,1.740
27,47,9,4,1.819,2.259
27,47,9,5,3.079,3.500
27,47,9,6,3.539,4.159
27,47,9,7,4.239,4.400
27,47,9,8,4.500,4.980
27,47,9,9,5.059,5.659
27,47,10,1,0.219,0.779
27,47,10,2,0.839,1.379
27,47,10,3,1.399,2.339
27,47,10,4,2.879,3.439
27,47,10,5,3.519,4.000
27,47,10,6,4.159,4.819
27,47,10,7,5.420,5.559
27,47,10,8,5.599,6.239
27,47,10,9,6.319,6.980
27,47,10,10,7.019,7.619
27,47,10,11,8.039,8.579
27,47,10,12,8.920,9.600
27,48,1,1,0.359,0.599
27,48,1,2,0.680,1.139
27,48,1,3,1.240,1.579
27,48,1,4,1.599,1.899
27,48,2,1,0.280,0.819
27,48,2,2,0.859,1.579
27,48,2,3,1.580,2.180
27,48,2,4,2.279,2.819
27,48,2,5,3.439,4.000
27,48,2,6,4.039,4.719
27,48,2,7,4.779,4.960
27,48,2,8,5.079,5.820
27,48,3,1,0.239,0.719
27,48,3,2,0.759,1.179
27,48,3,3,1.339,1.819
27,48,3,4,1.860,2.059
27,48,3,5,2.099,2.779
27,48,3,6,3.299,3.460
27,48,3,7,3.639,4.339
27,48,3,8,4.380,5.039
27,48,3,9,5.099,5.599
27,48,3,10,6.159,6.940
27,48,3,11,7.119,7.539
27,48,3,12,7.599,8.039
27,48,4,1,0.259,0.899
27,48,4,2,1.000,2.379
27,48,4,3,2.480,2.859
27,48,4,4,2.939,3.999
27,48,5,1,0.140,0.280
27,48,5,2,0.299,0.759
27,48,5,3,0.819,1.659
27,48,5,4,1.779,2.379
27,48,5,5,2.960,3.659
27,48,5,6,3.759,4.639
27,48,6,1,0.259,0.919
27,48,6,2,0.939,1.699
27,48,6,3,1.819,2.079
27,48,6,4,2.200,2.899
27,48,6,5,3.339,4.079
27,48,6,6,4.460,5.760
27,48,7,1,0.299,0.919
27,48,7,2,1.079,2.039
27,48,7,3,2.059,2.359
27,48,7,4,2.839,3.299
27,48,7,5,3.500,4.559
27,48,8,1,0.140,0.819
27,48,8,2,0.919,1.379
27,48,8,3,1.799,2.659
27,48,8,4,2.700,3.519
27,48,8,5,3.559,4.279
27,48,9,1,0.199,0.859
27,48,9,2,0.879,1.719
27,48,9,3,1.860,2.139
27,48,9,4,2.200,2.799
27,48,9,5,3.419,3.859
27,48,9,6,3.980,4.259
27,48,9,7,4.699,5.420
27,48,9,8,5.539,6.019
27,48,9,9,6.119,6.759
27,48,9,10,7.559,8.260
27,48,9,11,8.300,9.619
27,48,9,12,9.639,9.960
27,48,9,13,10.039,10.559
27,48,9,14,10.819,11.300
27,48,10,1,0.259,1.019
27,48,10,2,1.039,1.539
27,48,10,3,1.659,2.460
27,48,10,4,2.980,3.799
27,48,10,5,3.839,4.800
27,48,11,1,0.140,1.000
27,48,11,2,1.019,1.599
27,48,11,3,2.099,2.399
27,48,11,4,2.500,3.559
27,48,11,5,3.939,4.139
27,48,11,6,4.299,4.759
27,48,11,7,4.859,5.339
27,48,11,8,5.980,6.579
27,48,11,9,6.739,7.419
27,48,11,10,7.559,8.519
27,48,12,1,0.280,0.859
27,48,12,2,0.939,1.159
27,48,12,3,1.299,1.959
27,48,12,4,2.480,3.059
27,48,12,5,3.119,3.559
27,48,12,6,3.639,4.219
27,48,12,7,4.599,5.359
27,48,12,8,5.400,6.599
27,48,13,1,0.280,0.839
27,48,13,2,0.879,1.620
27,48,13,3,1.979,3.259
27,48,13,4,4.380,5.099
27,48,13,5,5.179,6.419
27,48,14,1,0.280,0.759
27,48,14,2,0.799,1.559
27,48,14,3,1.639,2.319
27,48,14,4,2.939,3.899
27,48,14,5,3.959,5.099
27,48,14,6,5.799,6.619
27,48,14,7,6.739,7.539
27,48,14,8,7.579,8.039
27,48,14,9,8.099,8.819
27,48,15,1,0.199,0.459
27,48,15,2,0.519,0.839
27,48,15,3,0.979,1.579
27,48,15,4,1.719,2.480
27,48,15,5,2.599,3.000
27,48,15,6,3.079,3.559
27,48,15,7,4.199,4.539
27,48,15,8,4.940,6.119
27,48,15,9,6.440,6.699
27,48,15,10,6.819,7.320
27,49,1,1,0.179,0.919
27,49,1,2,1.279,1.579
27,49,1,3,1.679,1.979
27,49,1,4,2.179,2.659
27,49,2,1,0.239,0.680
27,49,2,2,0.699,1.039
27,49,2,3,1.139,1.339
27,49,2,4,1.360,2.079
27,49,2,5,3.019,3.799
27,49,2,6,3.879,4.099
27,49,2,7,4.139,4.599
27,49,2,8,4.699,5.299
27,49,3,1,0.219,0.519
27,49,3,2,0.599,0.839
27,49,3,3,0.939,1.319
27,49,3,4,1.439,1.659
27,49,3,5,1.699,1.959
27,49,3,6,2.059,2.359
27,49,3,7,2.839,3.399
27,49,3,8,3.519,3.939
27,49,3,9,4.039,4.940
27,49,4,1,0.199,0.539
27,49,4,2,0.559,1.259
27,49,4,3,1.299,1.879
27,49,4,4,2.919,3.559
27,49,4,5,3.619,4.119
27,49,4,6,4.239,5.019
27,49,5,1,0.259,0.699
27,49,5,2,0.819,1.419
27,49,5,3,1.559,2.019
27,49,5,4,2.759,3.259
27,49,5,5,3.279,4.179
27,49,5,6,4.199,5.059
27,49,6,1,0.259,0.859
27,49,6,2,0.879,1.279
27,49,6,3,1.500,1.860
27,49,6,4,1.939,2.279
27,49,6,5,3.059,3.599
27,49,6,6,3.679,4.299
27,49,6,7,4.400,5.579
27,49,7,1,0.899,1.839
27,49,7,2,1.899,2.059
27,49,7,3,2.119,2.639
27,49,7,4,3.240,4.079
27,49,7,5,4.099,4.920
27,49,7,6,4.980,6.239
27,49,8,1,0.340,0.779
27,49,8,2,0.899,1.120
27,49,8,3,1.240,1.679
27,49,8,4,1.819,2.379
27,49,8,5,2.500,2.799
27,49,8,6,3.599,3.740
27,49,8,7,3.819,4.380
27,49,8,8,4.440,4.980
27,49,8,9,5.119,5.840
27,49,9,1,0.179,0.779
27,49,9,2,0.879,1.339
27,49,9,3,1.399,1.979
27,49,9,4,2.720,3.359
27,49,9,5,3.619,4.460
27,49,10,1,0.239,0.779
27,49,10,2,0.799,1.039
27,49,10,3,1.120,1.799
27,49,10,4,2.579,2.759
27,49,10,5,2.839,3.419
27,49,10,6,3.480,4.519
27,49,11,1,0.219,0.379
27,49,11,2,0.399,0.919
27,49,11,3,1.059,1.620
27,49,11,4,1.679,2.299
27,49,11,5,2.859,3.439
27,49,11,6,3.519,4.259
27,49,11,7,4.339,5.079
27,49,11,8,5.119,5.779
27,49,11,9,6.359,7.440
27,49,11,10,7.480,8.239
27,49,11,11,8.359,8.999
27,49,12,1,0.219,0.899
27,49,12,2,1.000,1.719
27,49,12,3,1.759,2.359
27,49,12,4,2.980,4.079
27,49,12,5,4.139,4.559
27,49,12,6,4.599,5.159
27,49,12,7,6.719,7.319
27,49,12,8,7.379,8.579
27,49,12,9,8.659,9.019
27,49,12,10,9.159,9.899
27,49,13,1,0.079,0.719
27,49,13,2,0.879,1.519
27,49,13,3,1.579,1.799
27,49,13,4,1.819,2.259
27,49,13,5,2.939,3.720
27,49,13,6,3.759,4.699
27,49,13,7,4.799,5.420
27,49,14,1,0.359,0.620
27,49,14,2,0.740,1.620
27,49,14,3,1.699,2.180
27,49,14,4,2.279,2.740
27,49,14,5,3.399,4.719
27,49,14,6,4.759,5.380
27,49,14,7,5.519,6.239
27,49,14,8,6.359,6.799
27,49,15,1,0.239,1.000
27,49,15,2,1.120,1.799
27,49,15,3,2.299,2.980
27,49,15,4,3.159,3.740
27,49,15,5,4.279,5.039
27,49,15,6,5.420,6.460
27,49,15,7,6.539,6.899
27,49,15,8,7.179,7.859
27,49,15,9,7.940,8.799
27,49,15,10,9.279,10.159
27,49,15,11,10.539,11.319
27,49,15,12,11.399,12.059
27,49,15,13,12.539,13.359
27,49,15,14,13.380,13.719
27,49,16,1,0.159,0.699
27,49,16,2,0.779,1.599
27,49,16,3,1.679,2.159
27,49,16,4,2.200,2.799
27,49,16,5,2.859,3.319
27,49,16,6,3.399,3.879
27,49,16,7,4.360,4.599
27,49,16,8,4.759,5.679
27,49,16,9,5.819,6.339
27,49,17,1,0.199,0.439
27,49,17,2,0.560,0.979
27,49,17,3,1.120,1.299
27,49,17,4,1.319,2.099
27,49,17,5,2.159,2.460
27,49,17,6,3.099,3.220
27,49,17,7,3.279,3.720
27,49,17,8,3.819,4.219
27,49,17,9,4.319,4.940
27,49,18,1,0.159,0.280
27,49,18,2,0.299,0.479
27,49,18,3,0.519,1.079
27,49,18,4,1.139,1.639
27,49,18,5,1.659,2.319
27,49,18,6,2.879,3.019
27,49,18,7,3.099,3.619
27,49,18,8,3.679,4.339
27,49,18,9,4.460,5.119
27,49,19,1,0.179,0.379
27,49,19,2,0.419,0.979
27,49,19,3,1.360,2.119
27,49,19,4,2.180,2.740
27,49,19,5,3.439,4.319
27,49,19,6,4.639,4.819
27,49,19,7,4.900,5.440
27,49,19,8,5.460,5.899
27,49,20,1,0.239,0.699
27,49,20,2,0.740,0.979
27,49,20,3,0.999,1.279
27,49,20,4,1.480,2.220
27,49,20,5,2.919,3.099
27,49,20,6,3.159,3.699
27,49,20,7,4.059,4.279
27,49,20,8,4.319,4.799
27,49,20,9,5.019,5.480
27,49,21,1,0.179,0.639
27,49,21,2,0.759,1.399
27,49,21,3,1.759,2.059
27,49,21,4,2.099,2.519
27,49,21,5,3.159,3.959
27,49,21,6,4.000,5.299
27,49,21,7,5.420,6.139
27,50,1,1,0.159,0.620
27,50,1,2,0.659,1.339
27,50,1,3,2.779,3.099
27,50,1,4,3.279,3.799
27,50,1,5,3.899,4.119
27,50,1,6,5.500,6.079
27,50,1,7,6.199,6.879
27,50,1,8,7.059,7.539
27,50,1,9,8.420,9.119
27,50,1,10,9.139,9.619
27,50,1,11,9.659,9.859
27,50,1,12,9.920,10.659
27,50,2,1,0.219,1.019
27,50,2,2,1.100,1.599
27,50,2,3,1.659,2.139
27,50,2,4,2.579,3.259
27,50,2,5,3.299,4.039
27,50,3,1,0.239,0.719
27,50,3,2,0.859,1.599
27,50,3,3,1.919,2.440
27,50,3,4,2.519,3.240
27,50,3,5,3.699,4.199
27,50,3,6,4.279,4.880
27,50,3,7,5.000,5.480
27,50,3,8,5.900,6.779
27,50,3,9,7.199,7.980
27,50,3,10,8.079,8.699
27,50,4,1,0.179,0.740
27,50,4,2,0.899,1.079
27,50,4,3,1.120,2.119
27,50,4,4,2.139,2.659
27,50,4,5,3.399,3.879
27,50,4,6,3.919,4.719
27,50,4,7,4.819,5.259
27,50,4,8,5.380,6.059
27,50,5,1,0.199,0.680
27,50,5,2,0.699,0.919
27,50,5,3,1.079,1.699
27,50,5,4,2.440,2.919
27,50,5,5,3.019,3.579
27,50,5,6,3.779,4.159
27,50,5,7,4.199,4.980
27,50,6,1,0.259,1.500
27,50,6,2,1.519,2.159
27,50,6,3,2.259,2.759
27,50,6,4,3.539,3.740
27,50,6,5,3.779,4.400
27,50,6,6,4.759,5.339
27,50,6,7,5.359,5.619
27,50,6,8,5.960,6.399
27,50,7,1,0.259,0.759
27,50,7,2,0.839,1.279
27,50,7,3,1.299,2.240
27,50,7,4,2.799,3.699
27,50,7,5,3.779,4.420
27,50,7,6,4.480,4.759
27,50,7,7,5.259,6.099
27,50,7,8,6.219,6.819
27,50,7,9,7.039,7.719
27,50,8,1,0.179,0.479
27,50,8,2,0.519,0.659
27,50,8,3,0.740,1.579
27,50,8,4,1.620,2.399
27,50,8,5,3.079,4.319
27,50,8,6,4.380,5.059
27,50,8,7,5.239,5.839
27,50,9,1,0.239,0.500
27,50,9,2,0.599,1.159
27,50,9,3,1.220,1.899
27,50,9,4,2.139,2.519
27,50,9,5,3.179,4.619
27,50,9,6,4.759,5.719
27,50,10,1,0.199,0.479
27,50,10,2,0.579,0.859
27,50,10,3,0.959,1.199
27,50,10,4,1.360,1.819
27,50,10,5,1.919,2.500
27,50,10,6,3.240,3.959
27,50,10,7,4.079,4.719
27,50,10,8,4.940,5.479
27,50,11,1,0.379,0.959
27,50,11,2,1.079,1.279
27,50,11,3,1.299,1.539
27,50,11,4,1.579,1.979
27,50,11,5,2.659,3.139
27,50,11,6,3.259,3.839
27,50,11,7,4.219,5.219
27,50,12,1,0.259,0.459
27,50,12,2,0.560,1.220
27,50,12,3,1.500,1.659
27,50,12,4,1.679,2.019
27,50,12,5,2.059,2.339
27,50,12,6,3.019,3.299
27,50,12,7,3.359,3.659
27,50,12,8,3.759,4.360
27,50,12,9,4.539,5.420
27,50,13,1,0.219,0.819
27,50,13,2,0.859,1.240
27,50,13,3,1.360,1.959
27,50,13,4,2.819,3.240
27,50,13,5,3.339,4.079
27,50,13,6,4.119,4.940
27,50,14,1,0.280,0.759
27,50,14,2,0.819,1.399
27,50,14,3,1.539,2.000
27,50,14,4,2.480,3.299
27,50,14,5,3.339,4.019
27,50,14,6,4.139,5.119
27,50,15,1,0.239,1.019
27,50,15,2,1.079,1.439
27,50,15,3,1.559,2.019
27,50,15,4,2.539,3.720
27,50,15,5,4.119,5.639
27,50,16,1,0.199,1.120
27,50,16,2,1.240,1.579
27,50,16,3,1.699,2.200
27,50,16,4,2.919,3.039
27,50,16,5,3.159,3.599
27,50,16,6,3.679,4.279
27,50,16,7,4.319,4.900
27,50,16,8,5.219,5.939
27,50,16,9,6.019,6.519
27,50,16,10,6.599,6.899
27,50,16,11,6.980,7.619
27,50,17,1,0.219,0.799
27,50,17,2,0.879,1.339
27,50,17,3,1.500,2.139
27,50,17,4,2.700,3.539
27,50,17,5,3.619,4.279
27,50,17,6,4.480,5.400
27,50,18,1,0.199,0.459
27,50,18,2,0.519,0.979
27,50,18,3,1.159,1.899
27,50,18,4,1.979,2.879
27,50,18,5,2.899,3.359
27,50,18,6,4.000,4.460
27,50,18,7,4.500,5.539
27,50,18,8,5.579,6.659
27,50,19,1,0.199,0.639
27,50,19,2,0.939,1.419
27,50,19,3,1.559,2.079
27,50,19,4,2.599,3.419
27,50,19,5,3.519,4.119
27,50,19,6,4.239,4.980
27,50,20,1,0.239,0.699
27,50,20,2,0.759,1.339
27,50,20,3,1.519,2.200
27,50,20,4,2.960,3.379
27,50,20,5,3.460,3.919
27,50,20,6,4.679,5.319
27,50,20,7,5.400,6.079
27,50,21,1,0.219,0.719
27,50,21,2,0.799,1.339
27,50,21,3,1.439,2.539
27,50,21,4,3.259,3.919
27,50,21,5,3.939,4.539
27,50,21,6,4.900,5.440
27,50,21,7,5.559,6.279
27,50,21,8,8.000,8.679
27,50,21,9,9.099,10.000
27,50,21,10,10.099,10.960
27,50,22,1,0.259,0.779
27,50,22,2,0.839,1.139
27,50,22,3,1.159,1.439
27,50,22,4,1.500,2.000
27,50,22,5,2.079,2.639
27,50,22,6,3.639,3.939
27,50,22,7,3.980,4.639
27,50,22,8,4.719,5.079
27,50,22,9,5.159,5.960
27,50,23,1,0.319,1.100
27,50,23,2,1.120,1.620
27,50,23,3,1.740,2.859
27,50,23,4,3.779,4.460
27,50,23,5,4.599,5.179
27,50,23,6,6.059,6.879
27,50,23,7,6.940,7.839
27,50,23,8,7.899,8.460
27,51,1,1,0.059,0.979
27,51,1,2,1.039,1.480
27,51,1,3,1.539,1.759
27,51,2,1,0.280,0.620
27,51,2,2,0.659,0.959
27,51,2,3,1.019,1.379
27,51,2,4,1.419,1.979
27,51,2,5,2.399,2.879
27,51,2,6,2.939,3.179
27,51,2,7,3.339,3.460
27,51,2,8,3.519,3.720
27,51,2,9,3.740,4.420
27,51,3,1,0.280,0.979
27,51,3,2,1.019,1.620
27,51,3,3,1.719,2.639
27,51,3,4,3.299,3.759
27,51,3,5,3.799,4.420
27,51,3,6,4.659,5.139
27,51,3,7,5.159,6.179
27,51,4,1,0.199,0.779
27,51,4,2,0.879,1.779
27,51,4,3,1.860,2.559
27,51,4,4,3.179,4.279
27,51,4,5,4.400,5.420
27,51,5,1,0.219,0.359
27,51,5,2,0.399,1.120
27,51,5,3,1.259,1.659
27,51,5,4,1.679,2.139
27,51,5,5,2.759,3.720
27,51,5,6,3.759,4.139
27,51,5,7,4.219,4.940
27,51,6,1,0.259,0.779
27,51,6,2,0.859,1.620
27,51,6,3,1.679,2.359
27,51,6,4,2.980,3.579
27,51,6,5,3.679,4.259
27,51,6,6,4.440,5.039
27,51,6,7,5.819,6.339
27,51,6,8,6.399,7.000
27,51,6,9,7.079,7.980
27,51,6,10,8.559,9.219
27,51,6,11,9.420,10.539
27,51,7,1,0.239,0.500
27,51,7,2,0.519,1.059
27,51,7,3,1.199,1.819
27,51,7,4,2.599,3.259
27,51,7,5,3.699,4.619
27,51,7,6,4.679,5.420
27,51,8,1,0.239,0.479
27,51,8,2,0.500,0.919
27,51,8,3,0.979,1.539
27,51,8,4,1.679,2.480
27,51,8,5,3.139,4.039
27,51,8,6,4.159,4.799
27,51,8,7,4.900,5.900
27,51,9,1,0.340,1.299
27,51,9,2,1.360,2.079
27,51,9,3,2.159,2.939
27,51,9,4,3.879,5.059
27,51,9,5,5.119,6.019
27,51,9,6,6.139,6.900
27,51,10,1,0.199,0.979
27,51,10,2,1.079,1.519
27,51,10,3,1.599,2.319
27,51,10,4,3.019,3.699
27,51,10,5,3.980,4.699
27,51,10,6,4.759,5.719
27,51,11,1,0.179,0.759
27,51,11,2,0.779,1.240
27,51,11,3,1.399,2.279
27,51,11,4,2.779,3.319
27,51,11,5,3.359,4.179
27,51,11,6,4.299,4.940
27,51,12,1,0.340,0.659
27,51,12,2,0.719,1.159
27,51,12,3,1.279,1.620
27,51,12,4,1.639,1.799
27,51,12,5,1.899,2.480
27,51,12,6,3.480,4.039
27,51,12,7,4.119,4.639
27,51,12,8,4.779,5.299
27,51,12,9,5.359,6.139
27,51,13,1,0.280,0.539
27,51,13,2,0.639,1.500
27,51,13,3,1.539,2.519
27,51,13,4,3.359,4.039
27,51,13,5,4.079,5.179
27,51,13,6,5.199,5.420
27,51,13,7,5.559,6.139
27,51,13,8,6.219,7.320
27,51,14,1,0.259,1.000
27,51,14,2,1.019,1.139
27,51,14,3,1.199,1.639
27,51,14,4,1.719,2.500
27,51,14,5,3.299,3.959
27,51,14,6,4.019,4.579
27,51,14,7,4.759,5.900
27,51,15,1,0.159,0.859
27,51,15,2,0.879,1.519
27,51,15,3,1.599,2.379
27,51,15,4,2.980,3.980
27,51,15,5,4.339,4.819
27,51,15,6,5.000,5.840
27,51,16,1,0.199,1.019
27,51,16,2,1.039,1.699
27,51,16,3,1.839,2.440
27,51,16,4,2.599,3.099
27,51,16,5,3.139,3.919
27,51,16,6,5.019,5.639
27,51,16,7,5.699,6.219
27,51,16,8,6.440,7.579
27,51,17,1,0.259,0.979
27,51,17,2,1.079,1.719
27,51,17,3,1.740,2.299
27,51,17,4,3.019,3.799
27,51,17,5,3.899,4.500
27,51,17,6,4.539,5.820
27,51,18,1,0.159,0.299
27,51,18,2,0.340,0.539
27,51,18,3,0.620,1.120
27,51,18,4,1.199,1.719
27,51,18,5,1.799,2.579
27,51,18,6,3.299,3.699
27,51,18,7,3.879,4.019
27,51,18,8,4.119,4.940
27,51,19,1,0.280,0.759
27,51,19,2,0.859,1.399
27,51,19,3,1.480,1.919
27,51,19,4,2.000,2.799
27,51,19,5,3.480,3.819
27,51,19,6,3.939,4.480
27,51,19,7,4.579,5.420
27,51,19,8,6.000,6.859
27,51,19,9,6.980,7.099
27,51,19,10,7.239,7.980
27,51,20,1,0.179,0.979
27,51,20,2,1.079,2.019
27,51,20,3,2.059,2.279
27,51,20,4,2.299,2.899
27,51,20,5,3.639,4.159
27,51,20,6,4.259,4.779
27,51,20,7,4.900,6.059
27,51,21,1,0.280,0.819
27,51,21,2,0.839,1.439
27,51,21,3,1.500,1.899
27,51,21,4,2.059,2.559
27,51,21,5,2.939,3.419
27,51,21,6,3.460,4.079
27,51,21,7,4.679,5.139
27,51,21,8,5.519,6.179
27,51,21,9,6.279,6.379
27,51,21,10,6.539,7.699
27,51,21,11,7.879,8.599
27,52,1,1,0.019,0.759
27,52,1,2,1.139,1.699
27,52,1,3,1.719,2.019
27,52,2,1,0.340,0.620
27,52,2,2,0.639,1.039
27,52,2,3,1.059,1.719
27,52,2,4,1.759,2.519
27,52,2,5,2.559,3.119
27,52,2,6,3.159,3.679
27,52,2,7,3.720,3.899
27,52,2,8,4.559,4.819
27,52,2,9,4.920,5.420
27,52,2,10,5.619,5.799
27,52,2,11,5.879,6.259
27,52,2,12,6.319,7.199
27,52,3,1,0.379,0.699
27,52,3,2,0.719,1.819
27,52,3,3,1.899,2.399
27,52,3,4,2.460,3.259
27,52,3,5,4.000,4.679
27,52,3,6,4.759,5.139
27,52,3,7,5.279,5.480
27,52,3,8,5.519,6.420
27,52,4,1,0.379,1.059
27,52,4,2,1.079,1.480
27,52,4,3,1.539,2.259
27,52,4,4,2.659,3.399
27,52,4,5,3.439,4.259
27,52,4,6,4.279,4.359
27,52,4,7,4.739,5.759
27,52,5,1,0.319,0.819
27,52,5,2,0.939,1.279
27,52,5,3,1.339,2.019
27,52,5,4,2.539,3.139
27,52,5,5,3.439,4.239
27,52,5,6,4.460,5.059
27,52,5,7,5.079,5.559
27,52,6,1,0.419,0.859
27,52,6,2,0.899,1.240
27,52,6,3,1.319,1.799
27,52,6,4,1.979,2.539
27,52,6,5,3.220,3.819
27,52,6,6,3.939,4.880
27,52,7,1,0.399,0.719
27,52,7,2,0.740,1.019
27,52,7,3,1.079,1.899
27,52,7,4,1.919,2.619
27,52,7,5,3.179,4.119
27,52,7,6,4.559,5.779
27,52,7,7,5.859,6.639
27,52,7,8,7.039,8.019
27,52,7,9,8.380,9.079
27,52,7,10,9.139,9.840
27,52,7,11,10.000,10.479
27,52,8,1,0.299,1.100
27,52,8,2,1.240,1.939
27,52,8,3,2.019,3.000
27,52,8,4,3.519,4.199
27,52,8,5,4.400,5.539
27,52,9,1,0.299,0.859
27,52,9,2,0.939,2.039
27,52,9,3,2.119,2.399
27,52,9,4,2.460,3.039
27,52,9,5,3.199,3.759
27,52,9,6,3.799,4.519
27,52,9,7,4.900,5.799
27,52,9,8,5.859,6.259
27,52,9,9,6.299,6.940
27,52,9,10,7.659,8.399
27,52,9,11,8.639,9.840
27,52,10,1,0.179,0.699
27,52,10,2,0.779,1.519
27,52,10,3,1.539,2.159
27,52,10,4,2.259,2.659
27,52,10,5,2.720,3.159
27,52,10,6,3.939,4.659
27,52,10,7,4.779,5.599
27,52,10,8,5.699,6.299
27,52,10,9,6.339,6.739
27,52,10,10,6.819,7.500
27,52,11,1,0.280,0.859
27,52,11,2,0.939,1.620
27,52,11,3,1.699,1.860
27,52,11,4,1.899,2.539
27,52,11,5,3.119,4.019
27,52,11,6,4.119,4.579
27,52,11,7,4.739,4.940
27,52,11,8,4.960,5.339
27,52,11,9,5.859,6.379
27,52,11,10,6.679,7.859
27,53,1,1,0.219,1.139
27,53,1,2,1.159,1.419
27,53,1,3,1.439,1.919
27,53,1,4,2.019,2.480
27,53,1,5,2.519,2.859
27,53,2,1,0.280,0.680
27,53,2,2,0.740,1.139
27,53,2,3,1.179,1.939
27,53,2,4,1.959,2.200
27,53,2,5,2.319,2.839
27,53,2,6,3.679,4.659
27,53,2,7,4.719,5.719
27,53,2,8,5.819,6.379
27,53,2,9,6.859,7.219
27,53,2,10,7.319,7.739
27,53,2,11,7.779,8.319
27,53,3,1,0.419,0.979
27,53,3,2,1.039,1.939
27,53,3,3,2.000,2.599
27,53,3,4,3.039,3.220
27,53,3,5,3.259,3.559
27,53,3,6,3.639,4.039
27,53,3,7,4.559,5.440
27,53,3,8,5.460,6.019
27,53,3,9,6.119,6.759
27,53,3,10,7.299,7.899
27,53,3,11,7.940,8.220
27,53,3,12,8.319,9.000
27,53,4,1,0.379,0.979
27,53,4,2,1.079,1.679
27,53,4,3,1.719,2.319
27,53,4,4,2.419,3.199
27,53,4,5,3.859,4.219
27,53,4,6,4.319,4.659
27,53,4,7,4.799,5.359
27,53,4,8,5.420,5.659
27,53,4,9,5.779,6.119
27,53,4,10,6.179,6.980
27,53,5,1,0.259,0.539
27,53,5,2,0.599,1.199
27,53,5,3,1.360,1.939
27,53,5,4,1.959,2.460
27,53,5,5,3.039,3.619
27,53,5,6,3.679,4.259
27,53,5,7,4.460,5.139
27,53,5,8,5.179,5.679
27,53,5,9,6.279,7.079
27,53,5,10,7.500,7.699
27,53,5,11,7.799,8.559
27,53,6,1,0.340,0.759
27,53,6,2,0.879,1.459
27,53,6,3,1.559,2.159
27,53,6,4,2.480,2.740
27,53,6,5,2.819,3.279
27,53,6,6,3.480,4.039
27,53,6,7,4.679,4.819
27,53,6,8,4.839,5.420
27,53,6,9,5.619,6.559
27,53,6,10,6.599,7.179
27,53,6,11,7.239,7.699
27,53,6,12,8.460,9.319
27,53,6,13,9.779,10.019
27,53,6,14,10.099,10.779
27,53,6,15,11.000,11.899
27,53,7,1,0.319,0.620
27,53,7,2,0.779,1.319
27,53,7,3,1.399,2.299
27,53,7,4,2.359,3.019
27,53,7,5,3.079,3.859
27,53,7,6,4.420,5.000
27,53,7,7,5.099,5.599
27,53,7,8,5.699,6.139
27,53,7,9,6.219,6.759
27,53,7,10,7.480,8.019
27,53,7,11,8.099,8.800
27,53,7,12,9.099,9.880
27,53,7,13,10.059,11.079
27,54,1,1,0.140,1.100
27,54,1,2,1.319,1.979
27,54,1,3,2.079,2.559
27,54,1,4,2.579,3.059
27,54,2,1,0.140,0.539
27,54,2,2,0.579,1.240
27,54,2,3,1.299,1.899
27,54,2,4,1.939,2.539
27,54,2,5,3.019,3.299
27,54,2,6,3.339,3.659
27,54,2,7,3.720,4.480
27,54,2,8,4.539,5.239
27,54,3,1,0.159,0.719
27,54,3,2,0.779,1.500
27,54,3,3,1.539,2.339
27,54,3,4,2.899,4.019
27,54,3,5,4.400,5.300
27,54,4,1,0.280,0.779
27,54,4,2,0.859,1.259
27,54,4,3,1.339,2.200
27,54,4,4,2.799,3.639
27,54,4,5,3.720,4.360
27,54,4,6,4.500,5.059
27,54,5,1,0.159,0.340
27,54,5,2,0.359,0.879
27,54,5,3,1.000,1.379
27,54,5,4,1.419,1.879
27,54,5,5,2.599,3.519
27,54,5,6,3.619,4.239
27,54,5,7,4.279,4.839
27,54,5,8,5.719,5.900
27,54,5,9,6.039,6.519
27,54,5,10,6.619,7.279
27,54,5,11,7.339,8.199
27,54,5,12,8.300,8.699
27,54,6,1,0.219,0.879
27,54,6,2,0.979,1.459
27,54,6,3,1.500,1.879
27,54,6,4,1.959,2.079
27,54,6,5,2.679,3.319
27,54,6,6,3.480,4.420
27,54,6,7,4.519,5.239
27,54,7,1,0.179,0.740
27,54,7,2,0.779,1.220
27,54,7,3,1.279,2.099
27,54,7,4,3.359,4.559
27,54,7,5,4.579,5.659
27,54,8,1,0.319,1.079
27,54,8,2,1.240,1.939
27,54,8,3,1.959,2.279
27,54,8,4,3.359,3.819
27,54,8,5,3.919,4.559
27,54,8,6,4.679,4.980
27,54,8,7,5.799,5.920
27,54,8,8,6.019,6.599
27,54,9,1,0.179,0.340
27,54,9,2,0.359,0.759
27,54,9,3,0.859,1.220
27,54,9,4,1.360,2.299
27,54,9,5,2.919,4.139
27,54,9,6,4.380,5.139
27,54,9,7,5.339,5.819
27,55,1,1,0.299,1.139
27,55,1,2,1.159,1.779
27,55,1,3,1.860,2.299
27,55,1,4,2.319,2.619
27,55,2,1,0.280,1.120
27,55,2,2,1.159,1.599
27,55,2,3,1.699,2.480
27,55,2,4,3.079,3.419
27,55,2,5,3.559,4.460
27,55,2,6,4.480,5.820
27,55,3,1,0.239,0.939
27,55,3,2,0.959,1.139
27,55,3,3,1.240,1.919
27,55,3,4,2.740,3.179
27,55,3,5,3.279,4.000
27,55,3,6,4.460,5.480
27,55,4,1,0.319,0.779
27,55,4,2,0.839,1.339
27,55,4,3,1.399,1.959
27,55,4,4,2.000,2.440
27,55,4,5,2.500,3.000
27,55,4,6,4.039,4.179
27,55,4,7,4.279,4.779
27,55,4,8,4.859,5.239
27,55,4,9,5.480,6.019
27,55,4,10,6.319,7.079
27,55,4,11,7.460,8.520
27,55,5,1,0.319,0.879
27,55,5,2,0.939,1.439
27,55,5,3,1.519,2.180
27,55,5,4,2.700,3.419
27,55,5,5,3.619,4.139
27,55,5,6,4.219,4.779
27,55,5,7,4.839,5.400
27,55,6,1,0.299,0.939
27,55,6,2,1.019,1.679
27,55,6,3,1.759,2.419
27,55,6,4,2.740,2.960
27,55,6,5,3.599,4.859
27,55,6,6,5.039,6.139
27,55,7,1,0.299,1.079
27,55,7,2,1.779,1.959
27,55,7,3,2.000,2.460
27,55,7,4,2.500,2.700
27,55,7,5,2.759,3.199
27,55,7,6,3.339,4.039
27,55,7,7,4.559,5.219
27,55,7,8,5.299,6.480
27,55,8,1,0.179,0.539
27,55,8,2,0.599,1.100
27,55,8,3,1.159,1.360
27,55,8,4,2.220,2.679
27,55,8,5,2.839,3.679
27,55,8,6,3.819,4.279
27,55,9,1,0.299,0.979
27,55,9,2,1.139,1.659
27,55,9,3,1.679,1.860
27,55,9,4,2.659,3.319
27,55,9,5,3.579,4.059
27,55,9,6,4.199,5.300
27,55,10,1,0.280,0.639
27,55,10,2,0.659,1.139
27,55,10,3,1.860,2.379
27,55,10,4,2.419,3.220
27,55,10,5,3.720,3.859
27,55,10,6,3.919,4.420
27,55,10,7,4.539,5.219
27,55,10,8,5.299,5.879
27,55,10,9,5.900,6.559
27,55,11,1,0.259,0.740
27,55,11,2,0.779,1.379
27,55,11,3,1.500,2.579
27,55,11,4,2.700,2.919
27,55,11,5,3.019,3.759
27,55,11,6,4.759,5.679
27,55,11,7,5.779,6.579
27,55,11,8,6.619,7.500
27,55,12,1,0.219,1.019
27,55,12,2,1.079,1.679
27,55,12,3,2.399,2.639
27,55,12,4,2.679,3.359
27,55,12,5,3.579,4.199
27,55,12,6,4.739,5.159
27,55,12,7,5.440,6.420
27,55,13,1,0.259,0.399
27,55,13,2,0.419,0.579
27,55,13,3,0.599,1.120
27,55,13,4,1.179,2.220
27,55,13,5,3.119,3.980
27,55,13,6,4.759,5.039
27,55,13,7,5.159,6.119
27,55,13,8,6.219,6.639
27,55,13,9,6.699,7.319
27,55,13,10,8.079,9.159
27,55,13,11,9.359,10.259
27,55,14,1,0.299,1.319
27,55,14,2,1.379,2.039
27,55,14,3,2.059,2.740
27,55,14,4,3.319,4.119
27,55,14,5,4.519,5.840
27,55,15,1,0.280,0.659
27,55,15,2,0.699,1.299
27,55,15,3,1.399,1.879
27,55,15,4,1.979,2.319
27,55,15,5,3.059,3.480
27,55,15,6,3.599,4.219
27,55,15,7,4.319,4.940
27,55,15,8,4.980,5.960
27,55,16,1,0.299,0.879
27,55,16,2,0.880,0.979
27,55,16,3,1.019,1.599
27,55,16,4,1.639,2.339
27,55,16,5,2.899,3.359
27,55,16,6,3.460,3.980
27,55,16,7,4.039,4.579
27,55,16,8,5.119,5.279
27,55,16,9,5.400,5.920
27,55,16,10,6.019,6.819
27,55,16,11,7.059,8.100
27,55,17,1,0.219,0.680
27,55,17,2,1.299,1.480
27,55,17,3,1.599,2.119
27,55,17,4,2.139,2.659
27,55,17,5,3.079,3.219
27,55,17,6,3.819,5.059
27,55,18,1,0.259,1.240
27,55,18,2,1.259,1.719
27,55,18,3,1.819,2.879
27,55,18,4,3.299,4.139
27,55,18,5,4.199,5.019
27,55,18,6,5.440,6.339
27,55,18,7,6.420,7.019
27,55,19,1,0.159,0.500
27,55,19,2,0.639,1.220
27,55,19,3,1.299,1.879
27,55,19,4,2.240,2.980
27,55,19,5,3.019,3.220
27,55,19,6,3.859,4.079
27,55,19,7,4.179,4.940
27,55,19,8,5.019,5.420
27,55,19,9,5.519,6.260
27,55,20,1,0.159,0.859
27,55,20,2,0.959,1.240
27,55,20,3,1.339,2.099
27,55,20,4,2.759,3.319
27,55,20,5,3.419,3.879
27,55,20,6,4.019,4.420
27,55,20,7,4.940,5.420
27,55,20,8,5.480,5.679
27,55,20,9,5.779,6.420
27,55,20,10,6.500,6.919
27,55,20,11,7.440,7.819
27,55,20,12,7.919,8.699
27,55,20,13,8.939,9.600
27,55,21,1,0.259,0.799
27,55,21,2,0.899,1.599
27,55,21,3,1.799,2.659
27,55,21,4,3.179,3.939
27,55,21,5,4.059,4.880
27,55,22,1,0.259,0.879
27,55,22,2,0.979,1.699
27,55,22,3,1.860,2.200
27,55,22,4,2.559,3.139
27,55,22,5,3.199,3.839
27,55,22,6,4.440,5.139
27,55,22,7,5.559,6.179
27,55,22,8,6.379,7.279
27,55,22,9,7.739,8.380
27,55,22,10,8.479,9.399
27,55,23,1,0.219,1.000
27,55,23,2,1.039,1.319
27,55,23,3,1.379,1.639
27,55,23,4,2.099,2.839
27,55,23,5,3.379,3.740
27,55,23,6,3.799,5.119
27,55,23,7,5.779,5.920
27,55,23,8,5.960,6.559
27,55,23,9,6.659,7.259
27,55,23,10,7.480,7.819
27,55,23,11,7.899,8.880
27,55,24,1,0.239,1.139
27,55,24,2,1.179,1.740
27,55,24,3,1.839,2.379
27,55,24,4,2.440,2.980
27,55,24,5,3.019,3.659
27,55,24,6,4.239,4.779
27,55,24,7,4.839,5.319
27,55,24,8,5.359,6.000
27,55,24,9,6.460,6.699
27,55,24,10,6.779,7.460
27,55,24,11,7.559,8.119
27,55,24,12,8.699,9.399
27,55,24,13,9.840,10.539
27,55,24,14,10.659,11.099
27,56,1,1,0.219,1.179
27,56,1,2,1.199,1.500
27,56,1,3,1.519,1.979
27,56,1,4,2.159,2.659
27,56,1,5,2.720,3.299
27,56,1,6,3.899,4.420
27,56,1,7,4.480,5.000
27,56,1,8,5.699,6.279
27,56,1,9,6.299,6.559
27,56,1,10,6.639,7.239
27,56,1,11,7.319,7.980
27,56,2,1,0.280,0.939
27,56,2,2,0.979,1.679
27,56,2,3,1.719,1.879
27,56,2,4,1.899,2.700
27,56,2,5,2.759,3.240
27,56,2,6,3.980,4.159
27,56,2,7,4.199,4.759
27,56,2,8,4.839,5.319
27,56,2,9,5.420,6.500
27,56,3,1,0.359,0.979
27,56,3,2,1.059,1.659
27,56,3,3,1.759,1.979
27,56,3,4,2.000,2.539
27,56,3,5,3.179,3.379
27,56,3,6,3.460,4.159
27,56,3,7,4.279,4.900
27,56,3,8,4.940,5.099
27,56,3,9,5.239,5.900
27,56,4,1,0.419,0.919
27,56,4,2,0.959,1.419
27,56,4,3,1.779,2.299
27,56,4,4,2.339,3.039
27,56,4,5,3.079,3.920
27,56,5,1,0.219,0.859
27,56,5,2,1.039,1.620
27,56,5,3,1.699,2.220
27,56,5,4,2.720,3.379
27,56,5,5,3.419,4.079
27,56,5,6,4.219,4.440
27,56,5,7,4.559,4.980
27,56,5,8,5.559,5.779
27,56,5,9,5.859,6.599
27,56,5,10,6.739,7.379
27,56,5,11,7.460,7.860
27,56,6,1,0.340,0.579
27,56,6,2,0.599,1.279
27,56,6,3,1.299,1.759
27,56,6,4,1.939,2.879
27,56,6,5,3.500,4.000
27,56,6,6,4.139,4.440
27,56,6,7,4.480,5.559
27,56,6,8,5.599,6.319
27,56,7,1,0.280,1.139
27,56,7,2,1.279,2.299
27,56,7,3,2.740,3.339
27,56,7,4,3.359,4.019
27,56,7,5,4.079,4.980
27,56,7,6,5.460,6.099
27,56,7,7,6.219,6.819
27,56,7,8,6.899,7.719
27,56,8,1,0.340,0.659
27,56,8,2,0.759,1.220
27,56,8,3,1.419,2.000
27,56,8,4,2.059,2.539
27,56,8,5,3.359,4.239
27,56,8,6,4.319,4.940
27,56,8,7,5.019,5.519
27,56,8,8,5.559,6.480
27,56,9,1,0.439,1.019
27,56,9,2,1.120,1.959
27,56,9,3,2.240,2.759
27,56,9,4,3.539,3.959
27,56,9,5,4.119,4.880
27,56,9,6,4.980,5.799
27,56,9,7,7.279,7.899
27,56,9,8,8.359,9.840
27,56,10,1,0.159,0.579
27,56,10,2,0.680,1.439
27,56,10,3,1.579,2.180
27,56,10,4,2.319,2.799
27,56,10,5,3.279,3.799
27,56,10,6,3.859,4.380
27,56,10,7,5.079,5.259
27,56,10,8,5.359,6.059
27,56,10,9,6.299,6.420
27,56,10,10,6.639,7.139
27,56,10,11,7.199,7.579
27,56,11,1,0.219,0.939
27,56,11,2,1.000,1.459
27,56,11,3,1.719,2.139
27,56,11,4,2.659,2.959
27,56,11,5,3.480,3.899
27,56,11,6,4.179,4.819
27,56,12,1,0.219,0.759
27,56,12,2,0.839,1.539
27,56,12,3,2.019,2.279
27,56,12,4,2.379,2.859
27,56,12,5,3.099,3.299
27,56,12,6,3.359,4.019
27,56,12,7,4.199,4.559
27,56,12,8,4.639,5.119
27,56,13,1,0.299,1.039
27,56,13,2,1.139,1.639
27,56,13,3,1.719,2.339
27,56,13,4,3.079,3.859
27,56,13,5,4.019,4.440
27,56,13,6,4.500,5.019
27,56,14,1,0.140,0.500
27,56,14,2,0.519,1.279
27,56,14,3,1.379,1.860
27,56,14,4,1.899,2.720
27,56,14,5,3.240,3.619
27,56,14,6,3.720,4.319
27,56,14,7,4.360,5.059
27,56,14,8,5.639,6.639
27,56,14,9,6.719,7.319
27,56,14,10,7.440,8.079
27,56,14,11,8.699,9.439
27,56,14,12,9.500,10.500
27,57,1,1,0.299,1.220
27,57,1,2,1.279,1.360
27,57,1,3,1.459,2.079
27,57,1,4,2.180,2.619
27,57,1,5,2.679,3.220
27,57,1,6,3.959,4.659
27,57,1,7,4.679,5.199
27,57,1,8,5.279,6.159
27,57,1,9,6.219,6.879
27,57,2,1,0.299,1.120
27,57,2,2,1.259,1.779
27,57,2,3,1.860,2.519
27,57,2,4,3.240,3.460
27,57,2,5,3.480,3.720
27,57,2,6,4.019,4.739
27,57,2,7,4.839,5.299
27,57,2,8,5.879,6.440
27,57,2,9,6.519,7.179
27,57,2,10,7.539,8.179
27,57,2,11,9.039,9.699
27,57,2,12,9.779,10.479
27,57,2,13,10.500,11.259
27,57,3,1,0.199,0.799
27,57,3,2,0.819,1.439
27,57,3,3,1.480,2.019
27,57,3,4,2.619,3.220
27,57,3,5,3.419,4.059
27,57,3,6,4.139,4.880
27,57,4,1,0.259,0.859
27,57,4,2,0.919,1.959
27,57,4,3,2.019,2.980
27,57,4,4,3.639,4.139
27,57,4,5,4.239,4.880
27,57,4,6,4.980,5.480
27,57,4,7,6.159,6.659
27,57,4,8,6.819,7.339
27,57,4,9,7.519,8.199
27,57,4,10,8.319,9.539
27,57,5,1,0.419,1.100
27,57,5,2,1.179,1.679
27,57,5,3,1.719,2.299
27,57,5,4,3.079,3.859
27,57,5,5,3.980,4.679
27,57,5,6,5.440,5.719
27,57,5,7,5.779,6.299
27,57,5,8,6.579,7.419
27,57,5,9,7.579,8.119
27,57,5,10,8.199,8.880
27,57,5,11,9.579,10.579
27,57,5,12,10.739,11.319
27,57,5,13,11.380,12.219
27,57,6,1,0.419,0.939
27,57,6,2,1.019,1.220
27,57,6,3,1.240,2.240
27,57,6,4,2.339,2.879
27,57,6,5,3.399,3.599
27,57,6,6,3.679,3.879
27,57,6,7,3.959,4.759
27,57,6,8,4.859,5.840
27,57,7,1,0.319,0.939
27,57,7,2,0.979,1.559
27,57,7,3,1.599,2.319
27,57,7,4,2.740,3.299
27,57,7,5,3.399,3.939
27,57,7,6,4.619,5.000
27,57,7,7,5.079,5.819
27,57,7,8,6.199,6.799
27,57,7,9,7.179,7.839
27,57,7,10,7.940,8.559
27,57,7,11,8.859,9.340
27,57,8,1,0.340,0.819
27,57,8,2,0.879,1.439
27,57,8,3,1.519,2.059
27,57,8,4,2.399,2.859
27,57,8,5,2.879,3.419
27,57,8,6,3.779,4.779
27,57,8,7,4.880,6.420
27,57,9,1,0.319,0.839
27,57,9,2,0.979,1.639
27,57,9,3,1.759,2.220
27,57,9,4,2.559,3.460
27,57,9,5,3.500,4.179
27,57,9,6,4.679,5.359
27,57,9,7,5.519,6.480
27,57,10,1,0.340,0.759
27,57,10,2,1.100,1.879
27,57,10,3,1.979,2.579
27,57,10,4,3.019,3.759
27,57,10,5,4.159,4.440
27,57,10,6,4.539,5.240
27,57,11,1,0.280,0.519
27,57,11,2,0.560,1.159
27,57,11,3,1.240,1.459
27,57,11,4,1.539,2.259
27,57,11,5,2.319,3.099
27,57,11,6,3.639,4.079
27,57,11,7,4.179,4.900
27,57,11,8,5.219,6.260
27,57,12,1,0.419,0.979
27,57,12,2,1.039,1.179
27,57,12,3,1.360,2.200
27,57,12,4,2.299,2.839
27,57,12,5,3.359,3.659
27,57,12,6,3.720,3.980
27,57,12,7,4.039,4.980
27,57,12,8,5.019,6.000
27,58,1,1,0.140,1.079
27,58,1,2,1.120,1.220
27,58,1,3,1.319,1.819
27,58,1,4,1.860,2.339
27,58,1,5,2.419,2.960
27,58,2,1,0.219,1.179
27,58,2,2,1.240,1.919
27,58,2,3,2.059,2.599
27,58,2,4,2.679,3.519
27,58,2,5,4.339,5.139
27,58,2,6,5.199,6.019
27,58,2,7,6.099,6.359
27,58,2,8,6.500,7.099
27,58,3,1,0.319,0.799
27,58,3,2,0.839,1.379
27,58,3,3,1.399,1.939
27,58,3,4,1.979,2.859
27,58,3,5,3.319,4.199
27,58,3,6,4.659,5.259
27,58,3,7,5.339,6.039
27,58,3,8,6.379,7.579
27,58,4,1,0.259,0.740
27,58,4,2,0.779,1.399
27,58,4,3,1.439,2.159
27,58,4,4,2.859,3.339
27,58,4,5,3.359,4.179
27,58,4,6,4.360,4.739
27,58,4,7,4.819,5.639
27,58,5,1,0.299,0.839
27,58,5,2,0.899,1.439
27,58,5,3,1.459,2.099
27,58,5,4,2.139,2.559
27,58,5,5,2.619,3.199
27,58,5,6,3.980,4.339
27,58,5,7,4.360,5.179
27,58,5,8,5.239,5.799
27,58,5,9,6.319,7.259
27,58,5,10,7.299,8.039
27,58,6,1,0.280,0.740
27,58,6,2,0.799,0.939
27,58,6,3,1.019,1.539
27,58,6,4,1.699,2.099
27,58,6,5,2.240,3.000
27,58,6,6,3.939,4.519
27,58,6,7,4.699,5.319
27,58,6,8,5.359,6.259
27,58,7,1,0.199,0.799
27,58,7,2,0.879,1.360
27,58,7,3,1.379,2.139
27,58,7,4,2.180,2.779
27,58,7,5,3.500,4.179
27,58,7,6,4.219,4.839
27,58,7,7,4.900,5.579
27,58,7,8,5.639,6.419
27,58,8,1,0.319,1.279
27,58,8,2,1.360,1.759
27,58,8,3,1.819,2.319
27,58,8,4,2.859,3.919
27,58,8,5,3.980,4.500
27,58,8,6,5.159,5.779
27,58,8,7,5.819,6.619
27,58,8,8,6.980,7.359
27,58,8,9,7.500,8.640
27,58,9,1,0.159,0.459
27,58,9,2,0.539,1.199
27,58,9,3,1.599,2.180
27,58,9,4,2.399,2.980
27,58,9,5,3.879,4.519
27,58,9,6,4.579,5.079
27,58,9,7,5.440,5.739
27,58,9,8,5.980,6.559
27,58,9,9,6.659,7.379
27,58,10,1,0.140,0.839
27,58,10,2,0.899,1.539
27,58,10,3,1.699,2.599
27,58,10,4,2.799,3.339
27,58,10,5,3.959,4.339
27,58,10,6,4.400,4.759
27,58,10,7,4.859,5.199
27,58,10,8,5.239,5.779
27,58,10,9,6.199,7.379
27,58,11,1,0.199,0.799
27,58,11,2,0.839,1.459
27,58,11,3,1.480,1.799
27,58,11,4,1.839,2.200
27,58,11,5,2.379,2.819
27,58,11,6,3.699,4.500
27,58,11,7,4.579,5.179
27,58,11,8,5.319,5.739
27,58,11,9,5.779,6.500
27,58,12,1,0.199,0.899
27,58,12,2,1.360,2.019
27,58,12,3,2.240,2.559
27,58,12,4,2.599,2.960
27,58,12,5,3.039,3.980
27,58,12,6,4.519,4.719
27,58,12,7,4.819,5.159
27,58,12,8,5.219,5.839
27,58,12,9,6.219,6.859
27,58,12,10,7.000,7.940
27,59,1,1,0.079,0.939
27,59,1,2,0.959,1.039
27,59,1,3,1.139,1.639
27,59,1,4,1.699,2.139
27,59,1,5,2.200,2.759
27,59,1,6,3.439,4.079
27,59,1,7,4.139,4.579
27,59,1,8,4.619,5.319
27,59,1,9,5.359,5.519
27,59,1,10,5.539,6.179
27,59,1,11,6.219,6.839
27,59,2,1,0.239,1.240
27,59,2,2,1.319,2.200
27,59,2,3,2.240,2.919
27,59,2,4,3.399,4.639
27,59,2,5,4.719,5.899
27,59,3,1,0.199,1.079
27,59,3,2,1.159,2.019
27,59,3,3,2.079,2.559
27,59,3,4,3.119,4.019
27,59,3,5,4.059,4.679
27,59,3,6,4.839,5.900
27,59,4,1,0.219,0.399
27,59,4,2,0.419,0.899
27,59,4,3,1.039,1.599
27,59,4,4,1.659,2.279
27,59,4,5,3.000,3.599
27,59,4,6,3.679,4.159
27,59,4,7,4.239,4.739
27,59,4,8,5.460,5.619
27,59,4,9,5.719,6.299
27,59,4,10,6.399,6.699
27,59,4,11,6.819,7.480
27,59,4,12,7.500,8.399
27,59,5,1,0.219,0.560
27,59,5,2,0.599,1.139
27,59,5,3,1.399,2.159
27,59,5,4,2.639,4.000
27,59,5,5,4.659,5.159
27,59,5,6,5.219,6.039
27,59,5,7,6.259,6.980
27,59,6,1,0.179,0.680
27,59,6,2,0.719,1.019
27,59,6,3,1.559,1.919
27,59,6,4,2.099,2.759
27,59,6,5,2.779,3.199
27,59,6,6,3.259,3.980
27,59,6,7,4.420,5.219
27,59,6,8,5.539,6.219
27,59,6,9,6.359,6.599
27,59,6,10,6.659,7.339
27,59,6,11,7.980,8.220
27,59,6,12,8.340,8.840
27,59,6,13,8.979,9.519
27,59,6,14,9.579,10.119
27,59,6,15,10.340,10.880
27,59,6,16,11.099,11.500
27,59,7,1,0.140,0.959
27,59,7,2,1.039,1.679
27,59,7,3,2.339,2.879
27,59,7,4,3.000,3.899
27,59,7,5,4.239,5.179
27,59,7,6,5.239,5.759
27,59,8,1,0.199,0.699
27,59,8,2,0.819,1.579
27,59,8,3,1.639,2.180
27,59,8,4,3.059,3.740
27,59,8,5,3.799,4.859
27,59,8,6,5.500,5.619
27,59,8,7,5.759,5.960
27,59,8,8,6.059,6.839
27,59,9,1,0.179,0.899
27,59,9,2,0.919,1.379
27,59,9,3,1.559,2.159
27,59,9,4,2.180,2.599
27,59,9,5,3.179,3.740
27,59,9,6,3.819,4.299
27,59,9,7,4.360,4.980
27,59,10,1,0.239,0.859
27,59,10,2,1.019,1.480
27,59,10,3,1.679,2.500
27,59,10,4,3.139,3.419
27,59,10,5,3.559,4.219
27,59,10,6,4.299,5.420
27,59,11,1,0.140,0.680
27,59,11,2,0.779,1.379
27,59,11,3,1.419,2.519
27,59,11,4,3.179,3.819
27,59,11,5,4.019,4.819
27,59,11,6,4.940,6.059
27,59,12,1,0.259,0.519
27,59,12,2,0.620,1.259
27,59,12,3,1.360,1.599
27,59,12,4,1.659,2.240
27,59,12,5,2.299,2.839
27,59,12,6,3.439,4.219
27,59,12,7,4.339,5.239
27,59,12,8,5.739,6.759
27,59,12,9,7.179,8.159
27,59,12,10,8.359,9.239
27,59,13,1,0.199,0.899
27,59,13,2,0.939,1.399
27,59,13,3,1.519,1.899
27,59,13,4,2.000,2.839
27,59,13,5,3.359,4.719
27,59,13,6,4.920,5.739
27,59,13,7,6.319,7.239
27,59,13,8,7.739,8.979
27,59,13,9,9.039,10.179
27,59,14,1,0.199,0.819
27,59,14,2,0.919,1.639
27,59,14,3,1.879,2.519
27,59,14,4,2.879,3.679
27,59,14,5,4.219,4.960
27,59,14,6,5.339,5.679
27,59,14,7,5.739,6.399
27,59,14,8,6.440,6.980
27,59,14,9,7.039,7.839
27,59,14,10,8.319,9.099
27,59,14,11,9.159,9.920
27,59,14,12,10.059,10.500
27,59,15,1,0.159,0.959
27,59,15,2,1.000,1.659
27,59,15,3,2.079,2.639
27,59,15,4,2.740,3.679
27,59,15,5,4.099,5.199
27,59,15,6,5.299,5.900
27,59,16,1,0.259,0.919
27,59,16,2,0.979,1.539
27,59,16,3,1.599,2.220
27,59,16,4,2.899,3.039
27,59,16,5,3.159,3.339
27,59,16,6,3.460,4.259
27,59,16,7,4.339,5.420
27,59,17,1,0.159,0.759
27,59,17,2,0.779,1.759
27,59,17,3,1.899,2.700
27,59,17,4,3.199,4.319
27,59,17,5,4.440,5.559
27,59,17,6,5.619,6.399
27,59,17,7,7.019,7.259
27,59,17,8,7.319,7.940
27,59,17,9,8.260,8.920
27,59,17,10,9.000,9.179
27,59,17,11,9.760,10.559
27,59,17,12,10.639,11.139
27,59,17,13,11.279,11.559
27,59,17,14,11.619,12.039
27,59,18,1,0.159,0.819
27,59,18,2,0.979,1.579
27,59,18,3,1.759,2.700
27,59,18,4,3.259,3.559
27,59,18,5,3.639,4.339
27,59,18,6,4.460,5.460
27,59,18,7,5.859,6.440
27,59,18,8,6.559,7.340
27,60,1,1,0.159,0.979
27,60,1,2,0.999,1.120
27,60,1,3,1.220,1.659
27,60,1,4,1.699,2.159
27,60,1,5,2.899,3.559
27,60,1,6,3.619,4.239
27,60,1,7,4.299,4.839
27,60,2,1,0.299,1.079
27,60,2,2,1.299,1.579
27,60,2,3,1.639,1.979
27,60,2,4,2.079,2.720
27,60,2,5,3.399,3.799
27,60,2,6,3.839,4.139
27,60,2,7,4.279,4.739
27,60,2,8,5.179,5.980
27,60,2,9,6.019,6.519
27,60,2,10,6.960,7.480
27,60,2,11,7.500,7.639
27,60,2,12,7.719,8.079
27,60,2,13,8.179,8.519
27,60,2,14,8.699,9.179
27,60,2,15,9.639,10.019
27,60,2,16,10.059,10.539
27,60,2,17,10.760,11.439
27,60,3,1,0.319,1.079
27,60,3,2,1.159,2.139
27,60,3,3,2.359,3.299
27,60,3,4,4.019,4.739
27,60,3,5,5.000,6.019
27,60,3,6,6.039,6.839
27,60,4,1,0.319,1.100
27,60,4,2,1.220,1.779
27,60,4,3,1.919,2.679
27,60,4,4,3.539,4.039
27,60,4,5,4.119,4.939
27,60,4,6,5.319,5.639
27,60,4,7,5.819,6.679
27,60,5,1,0.299,1.159
27,60,5,2,1.279,1.919
27,60,5,3,2.099,2.659
27,60,5,4,3.339,4.339
27,60,5,5,4.440,4.960
27,60,5,6,5.139,6.179
27,60,6,1,0.359,1.139
27,60,6,2,1.259,2.339
27,60,6,3,2.460,2.899
27,60,6,4,2.939,4.019
27,60,6,5,4.719,5.440
27,60,6,6,5.480,6.279
27,60,6,7,6.299,6.679
27,60,7,1,0.280,1.159
27,60,7,2,1.199,2.059
27,60,7,3,2.159,2.879
27,60,7,4,3.579,4.460
27,60,7,5,4.900,5.539
27,60,7,6,5.900,6.920
27,60,8,1,0.219,0.759
27,60,8,2,0.839,1.519
27,60,8,3,1.639,2.440
27,60,8,4,3.119,4.079
27,60,8,5,4.319,5.259
27,60,8,6,5.339,5.819
27,60,8,7,6.500,7.480
27,60,8,8,7.559,8.220
27,60,8,9,8.460,9.419
27,60,9,1,0.399,0.680
27,60,9,2,0.740,1.360
27,60,9,3,1.399,1.719
27,60,9,4,1.779,2.460
27,60,9,5,3.179,4.139
27,60,9,6,4.199,4.719
27,60,9,7,4.779,5.259
27,60,9,8,5.819,6.460
27,60,9,9,6.619,7.759
27,60,10,1,0.359,1.120
27,60,10,2,1.179,1.659
27,60,10,3,1.679,2.359
27,60,10,4,3.099,3.299
27,60,10,5,3.379,3.919
27,60,10,6,4.079,4.699
27,60,10,7,4.839,5.440
27,60,10,8,6.179,6.859
27,60,10,9,7.139,7.919
27,60,10,10,8.000,9.399
27,60,11,1,0.439,0.779
27,60,11,2,0.839,1.620
27,60,11,3,1.679,1.939
27,60,11,4,2.059,2.700
27,60,11,5,3.399,3.679
27,60,11,6,3.699,4.480
27,60,11,7,4.539,4.839
27,60,11,8,4.880,5.639
27,60,12,1,0.259,0.560
27,60,12,2,0.599,1.179
27,60,12,3,1.259,1.779
27,60,12,4,1.839,2.859
27,60,12,5,3.539,3.859
27,60,12,6,4.000,4.639
27,60,12,7,4.739,5.179
27,60,12,8,5.299,6.839
27,60,13,1,0.439,1.100
27,60,13,2,1.120,1.639
27,60,13,3,1.779,2.359
27,60,13,4,2.480,3.159
27,60,13,5,3.899,4.619
27,60,13,6,4.779,5.539
27,60,13,7,5.599,6.419
27,60,14,1,0.319,1.019
27,60,14,2,1.059,1.639
27,60,14,3,1.679,2.240
27,60,14,4,2.919,3.779
27,60,14,5,3.899,4.440
27,60,14,6,4.579,5.579
27,61,1,1,0.059,0.899
27,61,1,2,1.019,1.360
27,61,1,3,1.500,2.079
27,61,1,4,2.119,2.659
27,61,2,1,0.280,1.079
27,61,2,2,1.199,1.819
27,61,2,3,1.899,2.579
27,61,2,4,3.019,3.819
27,61,2,5,3.959,5.019
27,61,3,1,0.340,0.939
27,61,3,2,0.959,1.759
27,61,3,3,1.819,2.220
27,61,3,4,2.519,3.099
27,61,3,5,3.500,4.179
27,61,3,6,4.239,4.719
27,61,3,7,5.339,6.000
27,61,3,8,6.159,6.619
27,61,3,9,6.759,7.599
27,61,3,10,7.960,9.059
27,61,4,1,0.319,0.500
27,61,4,2,0.519,1.059
27,61,4,3,1.379,1.959
27,61,4,4,2.039,2.180
27,61,4,5,2.859,3.379
27,61,4,6,3.500,3.899
27,61,4,7,4.019,4.739
27,61,4,8,4.799,5.639
27,61,5,1,0.259,1.139
27,61,5,2,1.240,2.399
27,61,5,3,2.460,3.039
27,61,5,4,3.839,4.440
27,61,5,5,4.519,5.279
27,61,5,6,5.400,6.079
27,61,5,7,6.239,6.799
27,61,6,1,0.419,0.579
27,61,6,2,0.620,1.159
27,61,6,3,1.279,1.879
27,61,6,4,2.019,2.579
27,61,6,5,2.779,3.559
27,61,6,6,4.279,4.619
27,61,6,7,5.079,5.940
27,61,6,8,6.019,6.480
27,61,6,9,6.559,7.519
27,61,7,1,0.359,0.939
27,61,7,2,1.000,1.179
27,61,7,3,1.240,1.639
27,61,7,4,1.699,2.220
27,61,7,5,2.259,2.759
27,61,7,6,3.399,4.319
27,61,7,7,4.360,4.739
27,61,7,8,4.799,5.159
27,61,7,9,5.279,6.079
27,61,8,1,0.359,1.000
27,61,8,2,1.039,1.500
27,61,8,3,1.599,2.119
27,61,8,4,2.200,2.759
27,61,8,5,3.439,4.039
27,61,8,6,4.079,4.819
27,61,8,7,5.019,5.440
27,61,8,8,5.599,6.919
27,61,9,1,0.280,0.799
27,61,9,2,0.819,1.719
27,61,9,3,1.819,2.220
27,61,9,4,2.379,2.859
27,61,9,5,3.619,4.599
27,61,9,6,4.679,5.500
27,61,9,7,5.599,6.059
27,61,9,8,6.099,6.739
27,62,1,1,0.099,0.779
27,62,1,2,1.059,1.279
27,62,1,3,1.319,1.919
27,62,1,4,1.959,2.359
27,62,1,5,2.379,2.639
27,62,2,1,0.479,0.919
27,62,2,2,0.959,1.179
27,62,2,3,1.319,1.879
27,62,2,4,1.979,2.519
27,62,2,5,2.659,3.179
27,62,2,6,3.639,4.380
27,62,2,7,4.440,5.539
27,62,3,1,0.340,0.599
27,62,3,2,0.620,0.819
27,62,3,3,0.939,1.360
27,62,3,4,1.459,2.259
27,62,3,5,2.839,3.839
27,62,3,6,4.239,4.500
27,62,3,7,4.659,5.299
27,62,3,8,5.380,6.179
27,62,4,1,0.280,0.579
27,62,4,2,0.639,1.220
27,62,4,3,1.319,2.059
27,62,4,4,2.139,2.399
27,62,4,5,2.440,2.779
27,62,4,6,3.339,4.139
27,62,4,7,4.239,5.079
27,62,4,8,5.199,5.659
27,62,4,9,5.699,6.199
27,62,4,10,6.879,7.619
27,62,4,11,7.699,8.940
27,62,5,1,0.340,0.699
27,62,5,2,0.799,1.659
27,62,5,3,1.740,2.419
27,62,5,4,2.480,3.319
27,62,5,5,4.079,4.739
27,62,5,6,4.839,5.480
27,62,5,7,6.000,6.619
27,62,5,8,6.659,7.419
27,62,5,9,7.899,8.960
27,62,5,10,9.460,10.439
27,62,5,11,10.599,11.099
27,62,6,1,0.359,0.699
27,62,6,2,0.740,1.339
27,62,6,3,1.519,2.000
27,62,6,4,2.079,2.639
27,62,6,5,3.399,3.639
27,62,6,6,3.699,4.539
27,62,6,7,4.659,5.659
27,62,7,1,0.340,0.620
27,62,7,2,0.680,0.879
27,62,7,3,1.019,1.439
27,62,7,4,1.519,2.299
27,62,7,5,2.899,3.839
27,62,7,6,3.959,4.279
27,62,7,7,4.339,5.159
27,62,8,1,0.319,0.620
27,62,8,2,0.680,1.259
27,62,8,3,1.299,1.899
27,62,8,4,2.039,2.759
27,62,8,5,3.480,3.899
27,62,8,6,4.019,4.719
27,62,8,7,4.839,5.480
27,62,8,8,5.579,6.500
27,62,9,1,0.340,0.979
27,62,9,2,1.319,1.519
27,62,9,3,1.539,1.879
27,62,9,4,1.939,2.279
27,62,9,5,2.579,2.899
27,62,9,6,3.720,4.299
27,62,9,7,4.360,5.059
27,62,9,8,5.159,5.859
27,62,9,9,6.639,7.339
27,62,9,10,7.699,8.399
27,62,9,11,8.519,8.920
27,62,9,12,9.079,9.579
27,62,10,1,0.419,0.859
27,62,10,2,0.879,1.480
27,62,10,3,1.559,1.879
27,62,10,4,2.019,2.579
27,62,10,5,3.220,3.859
27,62,10,6,3.959,4.339
27,62,10,7,4.480,4.819
27,62,10,8,5.259,6.359
27,62,10,9,6.460,7.059
27,62,10,10,7.599,8.099
27,62,10,11,8.500,9.079
27,62,10,12,9.399,10.079
27,62,11,1,0.340,0.659
27,62,11,2,0.799,1.500
27,62,11,3,1.579,2.319
27,62,11,4,2.899,3.859
27,62,11,5,4.019,4.239
27,62,11,6,4.319,5.099
27,62,11,7,5.879,6.399
27,62,11,8,6.519,6.719
27,62,11,9,6.739,7.239
27,62,11,10,7.659,7.859
27,62,11,11,8.019,8.720
27,62,11,12,8.760,9.339
27,62,12,1,0.299,0.939
27,62,12,2,1.000,1.659
27,62,12,3,1.719,2.259
27,62,12,4,2.899,3.859
27,62,12,5,3.899,4.099
27,62,12,6,4.219,4.920
27,62,12,7,5.619,5.799
27,62,12,8,5.839,6.319
27,62,12,9,6.399,7.319
27,62,13,1,0.259,0.899
27,62,13,2,0.919,1.539
27,62,13,3,1.599,2.220
27,62,13,4,2.779,2.899
27,62,13,5,3.079,3.639
27,62,13,6,3.819,4.619
27,62,13,7,4.699,5.299
27,62,13,8,5.659,7.019
27,63,1,1,0.319,0.799
27,63,1,2,0.839,1.459
27,63,1,3,1.480,1.939
27,63,1,4,2.039,2.639
27,63,1,5,2.700,3.240
27,63,2,1,0.259,1.059
27,63,2,2,1.279,1.699
27,63,2,3,1.979,2.619
27,63,2,4,2.779,3.679
27,63,2,5,4.380,4.900
27,63,2,6,4.940,5.279
27,63,2,7,5.400,5.940
27,63,2,8,6.420,6.719
27,63,2,9,6.960,7.399
27,63,2,10,7.500,8.039
27,63,2,11,8.619,9.479
27,63,2,12,9.500,10.059
27,63,2,13,10.179,10.799
27,63,2,14,11.340,11.659
27,63,2,15,11.840,12.640
27,63,3,1,0.259,0.620
27,63,3,2,0.680,1.500
27,63,3,3,1.639,2.500
27,63,3,4,3.240,3.799
27,63,3,5,3.899,4.619
27,63,3,6,4.819,6.139
27,63,4,1,0.239,0.379
27,63,4,2,0.459,0.939
27,63,4,3,0.979,1.579
27,63,4,4,2.000,2.759
27,63,4,5,3.599,4.759
27,63,4,6,4.839,6.380
27,63,5,1,0.280,0.759
27,63,5,2,0.779,1.799
27,63,5,3,1.959,2.740
27,63,5,4,3.299,4.159
27,63,5,5,4.480,5.179
27,63,5,6,5.259,6.259
27,63,6,1,0.280,0.680
27,63,6,2,0.719,1.299
27,63,6,3,1.319,2.039
27,63,6,4,2.119,2.659
27,63,6,5,2.700,3.159
27,63,6,6,3.980,4.719
27,63,6,7,4.799,5.539
27,63,6,8,5.639,6.379
27,63,6,9,6.519,7.079
27,63,7,1,0.340,0.560
27,63,7,2,0.620,1.379
27,63,7,3,1.559,1.740
27,63,7,4,1.799,2.460
27,63,7,5,3.059,4.299
27,63,7,6,4.339,4.859
27,63,7,7,4.960,5.480
27,63,8,1,0.280,0.419
27,63,8,2,0.439,1.100
27,63,8,3,1.179,1.959
27,63,8,4,2.000,2.159
27,63,8,5,2.799,3.379
27,63,8,6,3.500,4.139
27,63,8,7,4.579,5.539
27,63,9,1,0.340,0.959
27,63,9,2,1.019,1.740
27,63,9,3,1.799,2.500
27,63,9,4,3.339,3.539
27,63,9,5,3.659,4.400
27,63,9,6,4.500,5.480
27,63,10,1,0.439,1.120
27,63,10,2,1.220,1.959
27,63,10,3,2.019,2.859
27,63,10,4,2.899,3.359
27,63,10,5,4.199,4.779
27,63,10,6,4.839,6.239
27,63,10,7,6.339,7.319
27,63,11,1,0.259,1.100
27,63,11,2,1.559,1.699
27,63,11,3,1.759,2.119
27,63,11,4,2.200,2.799
27,63,11,5,3.439,3.959
27,63,11,6,4.000,4.679
27,63,11,7,4.739,5.579
27,63,12,1,0.259,1.279
27,63,12,2,1.319,1.899
27,63,12,3,1.939,2.539
27,63,12,4,3.139,4.079
27,63,12,5,4.219,4.539
27,63,12,6,4.599,5.480
27,63,12,7,5.519,5.779
27,63,12,8,6.480,6.839
27,63,12,9,7.019,7.940
27,63,12,10,8.359,8.599
27,63,12,11,8.760,9.260
27,63,12,12,9.279,10.180
27,64,1,1,0.099,1.179
27,64,1,2,1.199,1.659
27,64,1,3,1.719,2.039
27,64,2,1,0.340,0.919
27,64,2,2,0.939,1.599
27,64,2,3,1.779,2.119
27,64,2,4,2.200,2.839
27,64,2,5,3.480,4.279
27,64,2,6,4.319,4.859
27,64,2,7,5.039,5.719
27,64,2,8,5.779,6.739
27,64,3,1,0.359,1.360
27,64,3,2,1.399,1.959
27,64,3,3,2.039,2.679
27,64,3,4,3.559,4.440
27,64,3,5,4.480,5.019
27,64,3,6,5.079,5.840
27,64,4,1,0.359,0.899
27,64,4,2,1.059,1.740
27,64,4,3,1.779,2.559
27,64,4,4,2.619,3.299
27,64,4,5,4.079,4.579
27,64,4,6,4.659,5.420
27,64,4,7,5.599,5.960
27,64,4,8,6.119,6.679
27,64,5,1,0.280,0.819
27,64,5,2,0.899,1.879
27,64,5,3,2.079,2.460
27,64,5,4,3.399,4.239
27,64,5,5,4.400,4.859
27,64,5,6,5.239,5.639
27,64,5,7,5.739,6.739
27,64,6,1,0.359,1.220
27,64,6,2,1.240,1.759
27,64,6,3,1.839,2.359
27,64,6,4,2.379,2.639
27,64,6,5,3.639,4.420
27,64,6,6,4.440,5.059
27,64,6,7,5.099,5.679
27,64,6,8,6.500,7.059
27,64,6,9,7.460,7.739
27,64,6,10,7.839,8.359
27,64,6,11,8.439,9.239
27,64,7,1,0.379,1.379
27,64,7,2,1.439,1.959
27,64,7,3,2.839,3.579
27,64,7,4,3.740,4.619
27,64,7,5,5.239,6.219
27,64,7,6,6.719,7.500
27,64,7,7,7.539,7.960
27,64,7,8,8.319,8.779
27,64,7,9,8.840,9.539
27,64,8,1,0.379,1.360
27,64,8,2,1.439,2.139
27,64,8,3,2.200,2.659
27,64,8,4,2.700,3.299
27,64,8,5,3.939,4.500
27,64,8,6,4.679,5.819
27,64,9,1,0.239,1.539
27,64,9,2,1.679,2.139
27,64,9,3,2.159,2.759
27,64,9,4,3.359,4.400
27,64,9,5,4.440,4.719
27,64,9,6,4.779,5.239
27,64,9,7,5.279,5.820
27,64,10,1,0.299,0.979
27,64,10,2,1.079,1.379
27,64,10,3,1.439,1.860
27,64,10,4,2.319,3.500
27,64,10,5,3.559,4.059
27,64,10,6,4.119,4.659
27,64,10,7,5.159,6.319
27,64,10,8,6.539,7.519
27,64,11,1,0.319,1.079
27,64,11,2,1.159,1.779
27,64,11,3,1.839,2.579
27,64,11,4,3.259,3.899
27,64,11,5,3.939,4.219
27,64,11,6,4.779,5.980
27,64,11,7,6.099,6.339
27,64,11,8,6.420,6.920
27,64,11,9,6.960,7.519
27,65,1,1,0.239,0.819
27,65,1,2,1.100,1.559
27,65,1,3,1.620,2.139
27,65,1,4,2.180,2.519
27,65,2,1,0.340,0.699
27,65,2,2,1.079,1.759
27,65,2,3,1.919,2.599
27,65,2,4,2.720,3.319
27,65,2,5,3.359,4.119
27,65,2,6,4.639,5.259
27,65,2,7,5.319,6.179
27,65,2,8,6.239,6.920
27,65,3,1,0.419,0.779
27,65,3,2,1.019,1.779
27,65,3,3,2.319,2.859
27,65,3,4,3.039,3.339
27,65,3,5,3.379,3.879
27,65,3,6,3.980,4.699
27,65,4,1,0.219,0.879
27,65,4,2,0.959,1.679
27,65,4,3,1.740,2.339
27,65,4,4,2.379,2.839
27,65,4,5,3.460,4.279
27,65,4,6,4.440,5.019
27,65,4,7,5.139,6.319
27,65,5,1,0.340,0.899
27,65,5,2,1.000,1.759
27,65,5,3,1.799,2.539
27,65,5,4,3.299,3.859
27,65,5,5,3.980,4.759
27,65,5,6,5.539,6.339
27,65,5,7,6.460,6.980
27,65,5,8,7.019,7.619
27,65,5,9,8.300,9.079
27,65,5,10,9.139,10.239
27,65,6,1,0.439,1.139
27,65,6,2,1.279,2.079
27,65,6,3,2.220,2.980
27,65,6,4,3.199,3.759
27,65,6,5,3.819,4.539
27,65,6,6,5.380,6.099
27,65,6,7,6.159,6.339
27,65,6,8,6.500,7.039
27,65,6,9,7.099,7.659
27,65,6,10,8.159,8.679
27,65,6,11,8.779,9.719
27,65,7,1,0.219,0.719
27,65,7,2,0.740,1.299
27,65,7,3,1.360,1.679
27,65,7,4,2.579,3.279
27,65,7,5,3.460,4.339
27,65,8,1,0.299,1.159
27,65,8,2,1.240,1.699
27,65,8,3,1.779,2.460
27,65,8,4,2.960,3.399
27,65,8,5,3.539,4.360
27,65,8,6,4.639,5.259
27,65,8,7,5.380,6.420
27,65,9,1,0.379,1.399
27,65,9,2,1.599,2.259
27,65,9,3,2.379,3.079
27,65,9,4,3.179,4.119
27,65,9,5,5.079,5.799
27,65,9,6,5.859,6.659
27,65,9,7,6.779,7.639
27,65,9,8,7.699,8.520
27,65,10,1,0.280,0.879
27,65,10,2,0.899,1.759
27,65,10,3,1.779,3.119
27,65,10,4,3.519,4.039
27,65,10,5,4.299,5.400
27,65,10,6,6.059,6.579
27,65,10,7,6.619,7.219
27,65,10,8,7.319,7.699
27,65,10,9,7.759,8.300
27,65,10,10,8.659,9.199
27,65,10,11,9.300,10.059
27,65,10,12,10.399,10.599
27,65,10,13,10.639,11.079
27,65,10,14,11.219,12.279
27,65,11,1,0.319,1.059
27,65,11,2,1.299,2.039
27,65,11,3,2.619,3.240
27,65,11,4,3.299,4.139
27,65,11,5,4.799,5.679
27,65,11,6,5.719,6.759
27,65,11,7,7.219,7.839
27,65,11,8,8.239,9.059
27,65,12,1,0.219,1.120
27,65,12,2,1.339,1.839
27,65,12,3,1.899,2.619
27,65,12,4,3.220,4.500
27,65,12,5,4.880,5.699
27,65,12,6,5.859,6.659
27,65,13,1,0.359,0.979
27,65,13,2,1.059,1.480
27,65,13,3,1.559,2.159
27,65,13,4,2.759,3.279
27,65,13,5,3.379,4.159
27,65,13,6,4.679,6.000
27,65,14,1,0.299,1.039
27,65,14,2,1.079,1.519
27,65,14,3,1.599,2.200
27,65,14,4,2.879,3.699
27,65,14,5,3.799,4.539
27,65,14,6,4.619,4.940
27,65,14,7,5.679,6.859
27,65,14,8,7.279,7.619
27,65,14,9,7.639,8.640
27,66,1,1,0.239,1.000
27,66,1,2,1.079,1.379
27,66,1,3,1.439,1.979
27,66,1,4,2.960,3.579
27,66,1,5,3.599,4.259
27,66,1,6,4.559,4.779
27,66,1,7,4.859,5.720
27,66,2,1,0.319,0.919
27,66,2,2,0.939,1.399
27,66,2,3,1.439,1.939
27,66,2,4,2.639,3.179
27,66,2,5,3.199,3.819
27,66,2,6,3.859,4.980
27,66,3,1,0.399,0.819
27,66,3,2,0.839,1.500
27,66,3,3,1.959,2.139
27,66,3,4,2.440,2.899
27,66,3,5,3.019,3.779
27,66,3,6,4.440,4.880
27,66,3,7,4.940,6.099
27,66,3,8,6.179,6.980
27,66,3,9,7.019,7.759
27,66,3,10,7.819,8.819
27,66,4,1,0.319,0.740
27,66,4,2,0.819,1.539
27,66,4,3,1.599,2.379
27,66,4,4,2.419,2.859
27,66,4,5,3.299,4.139
27,66,4,6,4.199,4.460
27,66,4,7,5.259,6.239
27,66,4,8,6.339,7.099
27,66,4,9,7.319,8.099
27,66,5,1,0.359,1.079
27,66,5,2,1.099,1.659
27,66,5,3,1.740,2.500
27,66,5,4,2.639,3.179
27,66,5,5,3.980,4.460
27,66,5,6,4.599,5.179
27,66,5,7,5.319,5.519
27,66,5,8,5.619,5.920
27,66,5,9,6.059,6.779
27,66,6,1,0.379,1.039
27,66,6,2,1.079,1.439
27,66,6,3,1.500,2.299
27,66,6,4,3.480,4.179
27,66,6,5,4.299,4.980
27,66,6,6,5.119,5.819
27,66,6,7,7.500,8.019
27,66,6,8,8.119,8.760
27,66,6,9,8.859,9.399
27,66,7,1,0.399,0.919
27,66,7,2,1.000,1.819
27,66,7,3,1.839,2.259
27,66,7,4,4.000,4.579
27,66,7,5,4.679,5.339
27,66,7,6,5.460,6.279
27,66,7,7,6.920,8.239
27,66,7,8,8.319,8.619
27,66,7,9,8.659,9.340
27,66,7,10,9.380,9.899
27,66,7,11,10.139,10.619
27,66,8,1,0.539,1.000
27,66,8,2,1.059,1.620
27,66,8,3,1.679,2.339
27,66,8,4,2.859,3.759
27,66,8,5,3.799,4.079
27,66,8,6,4.219,5.219
27,66,9,1,0.199,0.740
27,66,9,2,0.819,1.659
27,66,9,3,1.679,2.399
27,66,9,4,3.019,3.279
27,66,9,5,3.339,3.819
27,66,9,6,3.959,4.519
27,66,9,7,4.579,5.539
27,66,10,1,0.259,0.419
27,66,10,2,0.539,1.579
27,66,10,3,1.639,2.159
27,66,10,4,2.799,3.759
27,66,10,5,3.879,4.559
27,66,10,6,4.599,5.420
27,66,11,1,0.319,1.279
27,66,11,2,1.620,2.599
27,66,11,3,3.279,3.720
27,66,11,4,3.959,4.599
27,66,11,5,4.699,5.840
27,66,12,1,0.199,0.939
27,66,12,2,1.120,1.799
27,66,12,3,1.860,2.799
27,66,12,4,3.500,4.259
27,66,12,5,4.380,5.099
27,66,12,6,5.259,6.339
27,66,12,7,7.039,8.380
27,66,12,8,8.519,9.599
27,66,13,1,0.280,0.719
27,66,13,2,0.839,1.679
27,66,13,3,1.759,2.399
27,66,13,4,3.259,3.959
27,66,13,5,4.019,4.500
27,66,13,6,4.619,5.480
27,66,14,1,0.219,0.659
27,66,14,2,0.839,1.379
27,66,14,3,1.419,2.079
27,66,14,4,2.779,3.460
27,66,14,5,3.659,3.919
27,66,14,6,4.079,4.639
27,66,14,7,4.659,5.219
27,66,15,1,0.340,0.819
27,66,15,2,0.859,1.360
27,66,15,3,1.579,2.079
27,66,15,4,2.139,2.460
27,66,15,5,2.939,3.099
27,66,15,6,3.179,3.819
27,66,15,7,4.000,4.460
27,66,15,8,4.980,5.480
27,66,15,9,5.539,6.059
27,66,15,10,6.199,6.399
27,66,15,11,6.480,7.219
27,66,15,12,7.599,8.019
27,66,16,1,0.299,0.759
27,66,16,2,0.959,1.539
27,66,16,3,1.559,2.659
27,66,16,4,3.000,3.240
27,66,16,5,3.359,3.959
27,66,16,6,4.099,4.619
27,66,16,7,5.059,5.579
27,66,16,8,5.659,6.139
27,66,16,9,6.179,7.099
27,66,17,1,0.159,0.779
27,66,17,2,0.939,1.220
27,66,17,3,1.240,1.939
27,66,17,4,2.619,3.379
27,66,17,5,3.639,4.119
27,66,17,6,4.179,4.980
27,66,18,1,0.399,0.959
27,66,18,2,1.000,1.220
27,66,18,3,1.259,1.860
27,66,18,4,2.000,2.639
27,66,18,5,3.519,3.659
27,66,18,6,3.819,4.639
27,66,18,7,4.839,5.719
27,66,19,1,0.219,0.659
27,66,19,2,0.719,1.319
27,66,19,3,1.379,2.339
27,66,19,4,2.399,3.079
27,66,19,5,3.139,3.579
27,66,19,6,3.639,4.759
27,66,20,1,0.239,0.959
27,66,20,2,1.019,1.559
27,66,20,3,2.099,2.519
27,66,20,4,2.579,2.779
27,66,20,5,2.839,3.359
27,66,20,6,3.500,4.339
27,66,20,7,4.900,5.759
27,66,20,8,6.079,7.079
27,67,1,1,0.259,1.220
27,67,1,2,1.240,1.959
27,67,1,3,2.059,2.539
27,67,1,4,2.559,2.879
27,67,2,1,0.319,1.259
27,67,2,2,1.319,2.240
27,67,2,3,2.299,3.259
27,67,2,4,3.959,4.500
27,67,2,5,4.679,5.239
27,67,2,6,5.359,6.059
27,67,2,7,6.199,6.639
27,67,3,1,0.280,0.959
27,67,3,2,0.979,1.579
27,67,3,3,1.620,2.339
27,67,3,4,2.779,3.199
27,67,3,5,3.220,3.859
27,67,3,6,3.919,5.059
27,67,4,1,0.319,0.839
27,67,4,2,0.979,1.559
27,67,4,3,1.620,2.099
27,67,4,4,2.539,3.019
27,67,4,5,3.259,3.699
27,67,4,6,3.859,4.639
27,67,5,1,0.239,0.919
27,67,5,2,0.959,1.719
27,67,5,3,1.759,2.440
27,67,5,4,2.919,3.059
27,67,5,5,3.099,3.740
27,67,5,6,3.799,4.299
27,67,5,7,4.339,4.900
27,67,5,8,5.359,6.279
27,67,5,9,6.639,7.500
27,67,5,10,7.579,8.239
27,67,5,11,8.359,8.739
27,67,6,1,0.199,0.759
27,67,6,2,0.939,1.519
27,67,6,3,1.579,2.079
27,67,6,4,2.559,3.059
27,67,6,5,3.199,3.639
27,67,6,6,3.779,4.699
27,67,7,1,0.259,0.899
27,67,7,2,0.979,1.519
27,67,7,3,1.639,2.159
27,67,7,4,2.799,3.799
27,67,7,5,3.859,4.559
27,67,7,6,4.619,5.479
27,67,8,1,0.219,1.139
27,67,8,2,1.159,1.779
27,67,8,3,2.319,3.099
27,67,8,4,3.299,3.859
27,67,8,5,4.299,4.719
27,67,8,6,4.759,5.219
27,67,8,7,5.380,6.179
27,68,1,1,0.359,1.120
27,68,1,2,1.159,1.679
27,68,1,3,1.740,2.220
27,68,1,4,2.240,2.559
27,68,2,1,0.239,0.839
27,68,2,2,0.979,1.599
27,68,2,3,1.659,2.339
27,68,2,4,2.440,3.139
27,68,2,5,3.819,4.659
27,68,2,6,4.739,5.619
27,68,2,7,5.719,6.739
27,68,3,1,0.259,0.919
27,68,3,2,0.959,1.419
27,68,3,3,1.519,2.079
27,68,3,4,3.000,3.679
27,68,3,5,3.699,4.199
27,68,3,6,4.259,4.819
27,68,3,7,4.859,5.219
27,68,3,8,5.839,6.379
27,68,3,9,6.420,7.099
27,68,3,10,7.199,7.839
27,68,3,11,7.919,8.739
27,68,4,1,0.259,1.199
27,68,4,2,1.259,1.899
27,68,4,3,2.679,3.299
27,68,4,4,3.359,3.819
27,68,4,5,3.919,4.559
27,68,4,6,4.619,5.699
27,68,4,7,5.799,6.899
27,68,5,1,0.319,0.879
27,68,5,2,0.919,1.500
27,68,5,3,1.599,2.159
27,68,5,4,2.259,2.759
27,68,5,5,3.639,4.360
27,68,5,6,4.400,5.139
27,68,5,7,5.199,5.940
27,68,5,8,6.139,6.279
27,68,5,9,6.779,7.259
27,68,5,10,7.960,8.840
27,68,5,11,8.920,9.819
27,68,6,1,0.319,0.740
27,68,6,2,0.799,1.480
27,68,6,3,1.620,2.440
27,68,6,4,2.480,3.119
27,68,6,5,3.980,4.500
27,68,6,6,4.599,5.079
27,68,6,7,5.179,6.000
27,68,7,1,0.299,0.919
27,68,7,2,1.259,1.819
27,68,7,3,1.860,2.480
27,68,7,4,2.919,3.439
27,68,7,5,4.099,4.619
27,68,7,6,4.799,5.400
27,68,7,7,5.759,6.719
27,68,7,8,7.399,7.679
27,68,7,9,7.879,8.460
27,68,7,10,8.840,9.519
27,68,7,11,9.659,10.659
27,68,8,1,0.239,0.819
27,68,8,2,1.459,2.180
27,68,8,3,2.220,2.579
27,68,8,4,2.639,3.339
27,68,8,5,4.380,5.480
27,68,8,6,5.779,6.440
27,68,8,7,6.579,7.039
27,68,9,1,0.319,1.079
27,68,9,2,1.199,1.839
27,68,9,3,2.299,2.539
27,68,9,4,2.559,3.179
27,68,9,5,3.279,3.939
27,68,9,6,4.019,4.599
27,68,9,7,4.639,5.139
27,68,9,8,5.900,6.199
27,68,9,9,6.399,6.960
27,68,9,10,7.480,8.220
27,68,9,11,8.380,9.059
27,68,9,12,9.119,9.559
27,68,9,13,9.679,10.679
27,68,10,1,0.219,0.819
27,68,10,2,0.899,1.599
27,68,10,3,1.740,2.220
27,68,10,4,2.259,2.779
27,68,10,5,3.639,4.559
27,68,10,6,4.679,5.420
27,68,10,7,5.819,6.379
27,68,10,8,6.500,7.579
27,68,11,1,0.419,1.319
27,68,11,2,1.379,2.039
27,68,11,3,2.079,2.319
27,68,11,4,3.019,3.519
27,68,11,5,3.639,4.880
27,68,11,6,5.000,5.719
27,68,11,7,5.980,6.739
27,68,12,1,0.299,0.899
27,68,12,2,0.939,1.659
27,68,12,3,1.719,2.180
27,68,12,4,2.879,4.099
27,68,12,5,4.139,4.480
27,68,12,6,4.579,5.219
27,68,13,1,0.359,0.859
27,68,13,2,0.959,1.779
27,68,13,3,1.860,2.700
27,68,13,4,2.899,3.659
27,68,13,5,4.259,4.940
27,68,13,6,4.960,5.659
27,68,13,7,5.679,6.359
27,68,13,8,6.440,7.319
27,68,14,1,0.439,0.699
27,68,14,2,0.819,1.620
27,68,14,3,1.719,2.000
27,68,14,4,2.339,3.319
27,68,14,5,4.099,4.619
27,68,14,6,4.699,5.159
27,68,14,7,5.400,6.000
27,68,14,8,6.279,7.219
27,68,14,9,7.839,9.000
27,68,14,10,9.159,9.939
27,68,14,11,10.039,10.839
27,68,15,1,0.199,0.819
27,68,15,2,0.919,1.679
27,68,15,3,2.119,2.779
27,68,15,4,2.899,3.199
27,68,15,5,3.839,4.799
27,68,15,6,4.839,5.900
27,68,16,1,0.219,0.759
27,68,16,2,0.839,1.399
27,68,16,3,1.459,1.779
27,68,16,4,1.819,2.359
27,68,16,5,3.079,3.339
27,68,16,6,3.460,4.480
27,68,16,7,4.519,4.799
27,68,16,8,4.839,5.639
27,68,17,1,0.319,0.919
27,68,17,2,1.000,2.159
27,68,17,3,2.599,3.139
27,68,17,4,3.279,4.279
27,68,17,5,4.960,5.599
27,68,17,6,5.659,6.099
27,68,17,7,6.219,6.719
27,68,17,8,6.779,7.599
27,68,17,9,8.179,8.639
27,68,17,10,8.699,8.979
27,68,17,11,9.359,10.099
27,68,17,12,10.199,11.019
27,68,18,1,0.319,0.799
27,68,18,2,1.120,1.639
27,68,18,3,1.759,2.759
27,68,18,4,2.919,3.480
27,68,18,5,3.500,4.099
27,68,18,6,5.259,5.940
27,68,18,7,6.059,6.500
27,68,18,8,6.779,7.339
27,68,18,9,7.480,8.519
27,68,19,1,0.319,0.919
27,68,19,2,1.139,1.919
27,68,19,3,2.119,2.799
27,68,19,4,3.019,3.539
27,68,19,5,4.299,4.960
27,68,19,6,5.279,6.159
27,68,19,7,6.219,6.799
27,68,19,8,7.599,8.220
27,68,19,9,8.279,8.920
27,68,19,10,9.420,10.119
27,68,19,11,10.279,10.920
27,68,19,12,11.039,11.859
27,68,20,1,0.340,0.959
27,68,20,2,1.019,1.899
27,68,20,3,1.979,2.279
27,68,20,4,2.379,2.720
27,68,20,5,3.299,4.079
27,68,20,6,4.159,4.659
27,68,20,7,5.299,5.940
27,68,20,8,6.039,7.119
27,68,20,9,7.319,7.779
27,68,21,1,0.340,0.879
27,68,21,2,0.959,1.419
27,68,21,3,1.599,1.959
27,68,21,4,1.979,2.819
27,68,21,5,3.519,4.179
27,68,21,6,4.559,5.440
27,68,21,7,5.559,6.440
27,68,21,8,6.460,7.440
27,68,22,1,0.319,0.659
27,68,22,2,0.719,1.299
27,68,22,3,1.360,2.079
27,68,22,4,2.159,2.579
27,68,22,5,2.619,3.379
27,68,22,6,4.039,4.859
27,68,22,7,4.940,5.539
27,68,22,8,6.199,7.079
27,68,22,9,7.199,8.399
27,68,23,1,0.319,0.819
27,68,23,2,0.899,1.819
27,68,23,3,1.899,2.819
27,68,23,4,2.879,3.299
27,68,23,5,3.879,4.500
27,68,23,6,4.539,5.579
27,68,23,7,5.659,6.319
27,68,24,1,0.219,0.939
27,68,24,2,1.120,2.059
27,68,24,3,2.119,2.879
27,68,24,4,3.460,3.980
27,68,24,5,4.039,4.480
27,68,24,6,4.639,5.980
27,68,24,7,6.119,7.139
27,68,24,8,7.219,8.319
27,68,25,1,0.399,0.879
27,68,25,2,0.979,1.819
27,68,25,3,1.899,2.679
27,68,25,4,3.379,4.079
27,68,25,5,4.299,4.659
27,68,25,6,4.839,5.299
27,68,25,7,5.420,6.659
27,68,26,1,0.280,1.100
27,68,26,2,1.120,1.699
27,68,26,3,2.079,2.659
27,68,26,4,3.059,3.639
27,68,26,5,4.299,4.779
27,68,26,6,4.880,5.559
27,68,26,7,5.719,6.659
27,68,27,1,0.340,1.500
27,68,27,2,1.519,2.180
27,68,27,3,2.279,2.799
27,68,27,4,3.419,3.720
27,68,27,5,4.239,4.859
27,68,27,6,4.920,6.079
27,68,28,1,0.419,0.799
27,68,28,2,0.899,1.539
27,68,28,3,1.679,2.180
27,68,28,4,2.200,2.639
27,68,28,5,3.339,3.720
27,68,28,6,3.859,4.500
27,68,28,7,4.599,5.519
27,68,28,8,6.299,6.659
27,68,28,9,6.779,7.460
27,68,28,10,7.919,8.380
27,68,28,11,8.479,9.479
27,68,29,1,0.340,1.039
27,68,29,2,1.179,1.860
27,68,29,3,2.200,3.019
27,68,29,4,4.199,4.960
27,68,29,5,5.079,5.719
27,68,29,6,6.619,7.019
27,68,29,7,7.099,7.699
27,68,29,8,7.799,8.460
27,68,30,1,0.340,1.319
27,68,30,2,1.419,1.539
27,68,30,3,1.599,2.460
27,68,30,4,2.919,3.259
27,68,30,5,3.339,3.959
27,68,30,6,3.980,4.559
27,68,30,7,4.699,5.419
27,68,31,1,0.379,0.899
27,68,31,2,1.019,1.740
27,68,31,3,1.860,2.240
27,68,31,4,3.079,3.579
27,68,31,5,3.720,4.460
27,68,31,6,4.539,5.119
27,68,31,7,5.179,5.699
27,68,31,8,6.420,7.319
27,68,31,9,7.379,8.099
27,68,31,10,8.159,8.979
27,68,31,11,9.639,10.300
27,68,31,12,10.380,10.960
27,68,31,13,11.420,12.519
27,68,31,14,12.659,13.839
27,68,32,1,0.379,1.480
27,68,32,2,1.620,2.679
27,68,32,3,2.740,3.119
27,68,32,4,3.139,4.000
27,68,32,5,4.739,5.079
27,68,32,6,5.420,5.920
27,68,32,7,5.960,6.619
27,68,32,8,6.920,7.759
27,68,33,1,0.299,0.939
27,68,33,2,1.000,1.639
27,68,33,3,1.740,2.159
27,68,33,4,2.200,2.759
27,68,33,5,3.399,4.219
27,68,33,6,4.279,4.920
27,68,33,7,5.159,5.639
27,68,34,1,0.399,1.039
27,68,34,2,1.100,1.519
27,68,34,3,1.699,1.939
27,68,34,4,2.059,2.559
27,68,34,5,3.299,3.559
27,68,34,6,3.639,4.199
27,68,34,7,4.259,4.779
27,68,34,8,4.900,5.159
27,68,34,9,5.259,5.960
27,68,35,1,0.280,0.639
27,68,35,2,0.740,1.179
27,68,35,3,1.240,1.899
27,68,35,4,2.339,2.579
27,68,35,5,2.639,3.460
27,68,35,6,3.559,4.319
27,68,35,7,4.739,5.500
27,68,35,8,5.940,7.199
27,68,36,1,0.419,0.919
27,68,36,2,1.100,1.639
27,68,36,3,1.719,2.960
27,68,36,4,3.819,4.079
27,68,36,5,4.219,5.139
27,68,36,6,5.579,5.839
27,68,36,7,5.900,6.440
27,68,36,8,6.500,6.920
27,68,36,9,6.980,8.000
27,68,36,10,8.079,8.559
27,68,36,11,9.220,10.000
27,68,36,12,10.099,10.859
27,69,1,1,0.379,1.559
27,69,1,2,1.620,1.699
27,69,1,3,1.819,2.440
27,69,1,4,2.500,2.980
27,69,2,1,0.259,1.039
27,69,2,2,1.059,2.119
27,69,2,3,2.159,2.339
27,69,2,4,2.399,2.759
27,69,2,5,2.779,3.399
27,69,2,6,3.439,3.639
27,69,2,7,3.659,4.519
27,69,3,1,0.319,0.959
27,69,3,2,1.059,1.500
27,69,3,3,1.539,2.200
27,69,3,4,2.639,3.159
27,69,3,5,3.339,4.079
27,69,3,6,5.019,5.539
27,69,3,7,5.619,6.639
27,69,3,8,6.759,7.219
27,69,3,9,7.799,8.939
27,69,3,10,9.340,10.359
27,69,4,1,0.359,1.079
27,69,4,2,1.159,2.000
27,69,4,3,2.639,3.259
27,69,4,4,3.460,4.059
27,69,4,5,4.579,5.019
27,69,4,6,5.099,5.759
27,69,4,7,5.960,6.619
27,69,4,8,6.659,7.679
27,69,5,1,0.579,1.059
27,69,5,2,1.100,2.059
27,69,5,3,2.099,2.639
27,69,5,4,3.000,3.740
27,69,5,5,3.799,4.440
27,69,5,6,5.079,5.859
27,69,5,7,5.960,7.000
27,69,5,8,7.339,8.000
27,69,5,9,8.119,8.659
27,69,5,10,9.260,9.739
27,69,5,11,9.800,9.979
27,69,5,12,10.079,10.779
27,69,5,13,11.239,11.639
27,69,5,14,11.679,12.399
27,69,6,1,0.239,0.919
27,69,6,2,1.519,2.079
27,69,6,3,2.220,2.759
27,69,6,4,2.980,3.919
27,69,6,5,4.659,5.699
27,69,6,6,5.940,6.980
27,69,6,7,7.099,7.199
27,69,6,8,7.299,8.519
27,69,7,1,0.459,0.699
27,69,7,2,0.759,1.459
27,69,7,3,1.500,1.699
27,69,7,4,1.779,2.379
27,69,7,5,2.919,3.679
27,69,7,6,3.699,4.139
27,69,7,7,4.380,5.000
27,69,7,8,5.719,5.920
27,69,7,9,6.039,7.000
27,69,7,10,7.039,7.219
27,69,7,11,7.339,8.139
27,69,7,12,8.199,9.559
27,69,7,13,9.639,10.659
27,69,8,1,0.379,0.539
27,69,8,2,0.579,1.039
27,69,8,3,1.179,1.799
27,69,8,4,1.939,2.519
27,69,8,5,3.419,4.219
27,69,8,6,4.360,5.119
27,69,8,7,5.299,6.139
27,69,9,1,0.299,0.859
27,69,9,2,0.879,1.399
27,69,9,3,1.459,2.099
27,69,9,4,2.579,3.399
27,69,9,5,3.500,4.179
27,69,9,6,4.219,5.019
27,69,10,1,0.219,0.359
27,69,10,2,0.439,0.939
27,69,10,3,1.039,1.699
27,69,10,4,1.719,2.480
27,69,10,5,3.379,4.179
27,69,10,6,4.199,4.819
27,69,10,7,5.299,6.079
27,69,10,8,6.139,6.839
27,69,11,1,0.319,1.120
27,69,11,2,1.179,1.719
27,69,11,3,1.799,2.220
27,69,11,4,2.960,3.639
27,69,11,5,3.699,4.559
27,69,11,6,4.599,5.059
27,69,12,1,0.299,1.319
27,69,12,2,1.379,1.879
27,69,12,3,1.979,2.359
27,69,12,4,3.139,3.879
27,69,12,5,3.939,4.559
27,69,12,6,4.900,5.840
27,69,13,1,0.259,1.019
27,69,13,2,1.120,1.339
27,69,13,3,1.360,1.979
27,69,13,4,2.000,2.579
27,69,13,5,3.259,4.099
27,69,13,6,4.259,4.699
27,69,13,7,4.779,5.659
27,69,14,1,0.259,0.879
27,69,14,2,0.959,1.759
27,69,14,3,1.799,2.419
27,69,14,4,2.440,2.759
27,69,14,5,3.720,4.019
27,69,14,6,4.079,4.699
27,69,14,7,5.179,5.759
27,69,14,8,5.839,6.259
27,69,14,9,6.299,7.519
27,69,14,10,7.599,8.319
27,69,14,11,8.460,9.119
27,69,14,12,9.260,10.259
27,69,15,1,0.299,1.299
27,69,15,2,1.319,1.899
27,69,15,3,2.299,2.879
27,69,15,4,2.960,3.759
27,69,15,5,4.480,5.500
27,69,15,6,5.619,6.759
27,69,15,7,7.299,8.899
27,69,15,8,9.079,9.899
27,69,16,1,0.280,0.539
27,69,16,2,0.659,1.500
27,69,16,3,1.519,2.240
27,69,16,4,2.379,2.899
27,69,16,5,3.899,4.279
27,69,16,6,4.420,5.199
27,69,16,7,5.239,5.960
27,69,16,8,6.739,7.339
27,69,16,9,7.500,8.159
27,69,16,10,8.239,8.759
27,69,16,11,8.819,9.340
27,69,16,12,9.559,10.260
27,69,17,1,0.319,0.979
27,69,17,2,1.039,1.360
27,69,17,3,1.819,1.959
27,69,17,4,1.979,2.259
27,69,17,5,2.299,3.159
27,69,17,6,3.819,4.239
27,69,17,7,4.279,5.000
27,69,17,8,5.119,5.480
27,69,17,9,5.539,6.239
27,69,18,1,0.280,0.579
27,69,18,2,0.680,1.139
27,69,18,3,1.299,1.740
27,69,18,4,1.899,2.819
27,69,18,5,3.460,3.679
27,69,18,6,3.779,4.039
27,69,18,7,4.099,4.279
27,69,18,8,4.779,5.420
27,69,18,9,5.480,6.320
27,69,19,1,0.340,0.959
27,69,19,2,0.979,1.120
27,69,19,3,1.199,1.699
27,69,19,4,1.779,2.339
27,69,19,5,3.159,4.000
27,69,19,6,4.039,4.880
27,69,19,7,4.920,5.820
27,69,20,1,0.299,0.899
27,69,20,2,0.959,1.480
27,69,20,3,1.679,2.480
27,69,20,4,3.079,4.000
27,69,20,5,4.219,5.299
27,69,20,6,6.059,6.559
27,69,20,7,6.879,7.179
27,69,20,8,7.259,8.180
27,69,21,1,0.479,1.299
27,69,21,2,1.639,2.240
27,69,21,3,2.419,2.980
27,69,21,4,3.579,4.519
27,69,21,5,5.000,5.940
27,69,21,6,6.059,6.679
27,69,21,7,6.899,7.719
27,69,21,8,8.340,9.579
27,69,21,9,9.699,10.059
27,69,21,10,10.159,11.159
27,69,22,1,0.319,1.480
27,69,22,2,1.539,3.039
27,69,22,3,3.139,3.519
27,69,22,4,4.179,5.239
27,69,22,5,5.299,6.059
27,69,22,6,6.179,7.019
27,69,23,1,0.299,0.560
27,69,23,2,0.719,1.480
27,69,23,3,1.579,2.119
27,69,23,4,2.180,2.599
27,69,23,5,3.359,4.380
27,69,23,6,4.679,5.639
27,69,24,1,0.439,1.579
27,69,24,2,1.699,2.220
27,69,24,3,2.240,2.859
27,69,24,4,3.720,4.839
27,69,24,5,4.980,5.400
27,69,24,6,5.460,6.379
27,69,25,1,0.439,0.879
27,69,25,2,0.919,1.599
27,69,25,3,1.639,2.379
27,69,25,4,3.199,4.059
27,69,25,5,4.099,4.579
27,69,25,6,5.179,6.239
27,69,26,1,0.379,0.639
27,69,26,2,0.719,1.379
27,69,26,3,1.480,2.220
27,69,26,4,3.220,4.360
27,69,26,5,4.559,4.759
27,69,26,6,4.799,5.059
27,69,26,7,5.139,5.900
27,69,27,1,0.319,0.500
27,69,27,2,0.519,0.979
27,69,27,3,1.100,1.599
27,69,27,4,1.620,2.259
27,69,27,5,2.359,3.119
27,69,27,6,3.919,4.319
27,69,27,7,4.420,5.019
27,69,27,8,5.119,5.839
27,69,27,9,6.179,7.500
27,69,28,1,0.280,0.759
27,69,28,2,0.779,1.319
27,69,28,3,1.439,1.559
27,69,28,4,1.679,2.180
27,69,28,5,2.899,3.319
27,69,28,6,3.379,3.899
27,69,28,7,3.919,5.659
27,69,29,1,0.340,1.480
27,69,29,2,1.679,2.480
27,69,29,3,2.599,3.240
27,69,29,4,3.879,4.360
27,69,29,5,4.500,5.359
27,69,29,6,5.619,5.819
27,69,29,7,5.940,7.199
27,69,30,1,0.459,1.039
27,69,30,2,1.100,1.500
27,69,30,3,1.539,2.220
27,69,30,4,2.960,4.139
27,69,30,5,4.219,4.799
27,69,30,6,5.119,6.500
27,69,31,1,0.219,0.959
27,69,31,2,1.039,1.379
27,69,31,3,1.459,1.959
27,69,31,4,2.000,2.519
27,69,31,5,3.379,4.900
27,69,31,6,5.019,6.059
27,69,32,1,0.259,1.000
27,69,32,2,1.019,1.620
27,69,32,3,1.679,2.440
27,69,32,4,3.119,3.539
27,69,32,5,3.980,4.599
27,69,32,6,4.719,5.579
27,69,33,1,0.299,0.740
27,69,33,2,0.859,1.559
27,69,33,3,1.579,2.539
27,69,33,4,3.299,3.899
27,69,33,5,4.000,4.980
27,69,33,6,5.079,5.619
27,69,33,7,5.679,6.559
27,69,34,1,0.259,0.439
27,69,34,2,0.459,0.819
27,69,34,3,1.279,1.500
27,69,34,4,1.599,2.139
27,69,34,5,2.200,2.480
27,69,34,6,2.500,3.939
27,69,34,7,4.079,4.900
27,69,34,8,5.319,5.500
27,69,34,9,5.619,6.319
27,69,35,1,0.340,1.240
27,69,35,2,1.279,1.939
27,69,35,3,2.000,2.619
27,69,35,4,3.139,3.799
27,69,35,5,3.859,4.279
27,69,35,6,4.319,4.859
27,69,35,7,4.900,5.539
27,69,36,1,0.239,0.379
27,69,36,2,0.419,0.899
27,69,36,3,0.939,1.519
27,69,36,4,1.659,2.220
27,69,36,5,2.799,3.460
27,69,36,6,3.500,3.779
27,69,36,7,3.919,4.539
27,69,36,8,5.339,6.279
27,69,36,9,6.399,6.759
27,69,36,10,7.119,8.319
27,69,37,1,0.239,0.879
27,69,37,2,0.979,1.639
27,69,37,3,2.119,3.240
27,69,37,4,3.799,4.679
27,69,37,5,4.799,5.299
27,69,37,6,5.779,6.599
27,69,37,7,6.739,7.339
27,70,1,1,0.219,1.139
27,70,1,2,1.419,1.899
27,70,1,3,1.959,2.799
27,70,2,1,0.319,1.039
27,70,2,2,1.100,2.220
27,70,2,3,2.980,3.319
27,70,2,4,4.019,4.960
27,70,2,5,5.099,5.900
27,70,3,1,0.319,1.279
27,70,3,2,1.360,2.419
27,70,3,3,2.500,3.159
27,70,3,4,3.299,3.819
27,70,3,5,4.460,5.239
27,70,3,6,5.319,5.859
27,70,3,7,5.940,7.039
27,70,3,8,7.480,8.260
27,70,3,9,8.340,9.199
27,70,4,1,0.319,0.979
27,70,4,2,1.039,1.220
27,70,4,3,1.279,1.740
27,70,4,4,1.759,2.500
27,70,4,5,3.019,3.879
27,70,4,6,3.919,4.519
27,70,4,7,4.599,5.480
27,70,5,1,0.359,1.139
27,70,5,2,1.159,2.079
27,70,5,3,2.200,2.720
27,70,5,4,3.199,3.599
27,70,5,5,3.679,4.599
27,70,5,6,5.159,5.799
27,70,5,7,5.900,6.399
27,70,5,8,7.019,7.699
27,70,5,9,7.759,8.340
27,70,5,10,8.779,9.339
27,70,5,11,9.439,10.659
27,70,6,1,0.340,1.139
27,70,6,2,1.199,1.659
27,70,6,3,1.719,2.559
27,70,6,4,3.119,3.740
27,70,6,5,3.859,4.400
27,70,6,6,4.420,4.679
27,70,6,7,5.339,5.940
27,70,6,8,6.039,7.019
27,70,6,9,7.199,7.779
27,70,6,10,9.460,9.800
27,70,6,11,9.819,10.099
27,70,6,12,10.239,11.379
27,71,1,1,0.340,0.680
27,71,1,2,0.699,0.919
27,71,1,3,1.759,2.559
27,71,1,4,3.259,3.460
27,71,1,5,3.599,4.319
27,71,1,6,4.360,5.159
27,71,2,1,0.379,1.399
27,71,2,2,1.599,2.519
27,71,2,3,2.559,3.699
27,71,2,4,4.319,4.719
27,71,2,5,4.759,5.239
27,71,2,6,5.259,6.000
27,71,2,7,6.079,7.199
27,71,3,1,0.239,0.579
27,71,3,2,0.599,0.719
27,71,3,3,0.759,1.279
27,71,3,4,1.399,1.939
27,71,3,5,2.220,2.679
27,71,3,6,3.299,3.740
27,71,3,7,3.819,4.440
27,71,3,8,4.539,5.460
27,71,3,9,6.179,6.359
27,71,3,10,6.420,7.039
27,71,3,11,7.399,8.519
27,71,3,12,8.619,9.239
27,71,4,1,0.319,1.019
27,71,4,2,1.839,2.720
27,71,4,3,2.759,3.220
27,71,4,4,3.259,3.819
27,71,4,5,4.519,5.099
27,71,4,6,5.219,5.940
27,71,4,7,6.000,6.920
27,71,5,1,0.340,0.599
27,71,5,2,0.740,1.179
27,71,5,3,1.360,2.039
27,71,5,4,2.759,3.419
27,71,5,5,3.579,4.079
27,71,5,6,4.759,5.599
27,71,5,7,5.619,6.899
27,71,6,1,0.359,0.839
27,71,6,2,0.979,1.740
27,71,6,3,1.779,2.639
27,71,6,4,3.379,4.139
27,71,6,5,4.400,5.039
27,71,6,6,5.339,5.879
27,71,6,7,6.000,6.500
27,71,6,8,7.639,7.899
27,71,6,9,8.159,8.939
27,71,6,10,9.199,10.000
27,71,7,1,0.340,0.979
27,71,7,2,0.999,1.500
27,71,7,3,1.519,2.159
27,71,7,4,3.000,3.839
27,71,7,5,4.259,4.940
27,71,7,6,5.000,5.659
27,71,8,1,0.419,1.000
27,71,8,2,1.159,1.399
27,71,8,3,1.519,2.559
27,71,8,4,3.079,3.259
27,71,8,5,3.339,3.899
27,71,8,6,4.099,5.579
27,71,9,1,0.340,0.620
27,71,9,2,0.719,1.539
27,71,9,3,1.559,1.939
27,71,9,4,2.000,2.500
27,71,9,5,3.159,3.779
27,71,9,6,3.819,4.360
27,71,9,7,4.420,4.619
27,71,9,8,4.739,6.000
27,71,10,1,0.280,0.399
27,71,10,2,0.500,1.039
27,71,10,3,1.179,1.740
27,71,10,4,1.819,2.119
27,71,10,5,2.740,3.359
27,71,10,6,3.399,3.959
27,71,10,7,4.059,4.639
27,71,10,8,4.699,5.659
27,71,11,1,0.239,0.839
27,71,11,2,1.459,2.099
27,71,11,3,2.180,2.720
27,71,11,4,3.199,3.720
27,71,11,5,3.740,4.980
27,71,11,6,5.059,5.319
27,71,11,7,5.440,5.759
27,71,11,8,5.799,6.839
27,71,12,1,0.439,1.039
27,71,12,2,1.439,1.639
27,71,12,3,1.740,2.279
27,71,12,4,2.339,3.099
27,71,12,5,3.759,4.420
27,71,12,6,4.539,5.579
27,71,12,7,5.639,6.480
27,71,13,1,0.299,1.139
27,71,13,2,1.279,2.180
27,71,13,3,2.220,2.919
27,71,13,4,2.960,3.519
27,71,13,5,4.339,4.940
27,71,13,6,4.980,5.579
27,71,13,7,5.699,6.859
27,71,13,8,6.940,7.739
27,71,13,9,7.799,8.599
27,71,14,1,0.299,0.819
27,71,14,2,1.019,1.620
27,71,14,3,1.659,2.299
27,71,14,4,2.839,3.959
27,71,14,5,4.039,4.179
27,71,14,6,4.319,4.539
27,71,14,7,4.699,6.000
27,71,15,1,0.299,0.579
27,71,15,2,0.779,1.500
27,71,15,3,1.679,2.579
27,71,15,4,3.059,3.299
27,71,15,5,3.339,4.039
27,71,15,6,4.079,5.000
27,71,15,7,5.579,5.679
27,71,15,8,5.739,5.900
27,71,15,9,6.059,6.719
27,71,15,10,6.819,7.679
27,71,16,1,0.319,0.740
27,71,16,2,0.839,1.740
27,71,16,3,1.839,2.440
27,71,16,4,2.460,3.019
27,71,16,5,3.599,4.179
27,71,16,6,4.319,5.359
27,71,16,7,5.380,6.659
27,71,17,1,0.359,1.019
27,71,17,2,1.659,2.619
27,71,17,3,2.679,3.379
27,71,17,4,3.899,4.279
27,71,17,5,4.380,5.059
27,71,17,6,5.079,5.579
27,71,17,7,5.699,7.019
27,71,18,1,0.340,0.740
27,71,18,2,0.759,0.979
27,71,18,3,1.000,1.480
27,71,18,4,1.559,2.220
27,71,18,5,2.700,3.319
27,71,18,6,3.460,3.679
27,71,18,7,3.799,4.719
27,71,18,8,5.259,5.719
27,71,18,9,5.859,6.440
27,71,18,10,6.519,7.079
27,71,18,11,7.319,7.859
27,71,18,12,8.359,9.019
27,71,18,13,9.119,9.699
27,71,18,14,9.739,10.920
27,71,19,1,0.319,1.220
27,71,19,2,1.240,2.019
27,71,19,3,2.059,2.279
27,71,19,4,2.339,2.799
27,71,19,5,3.339,3.899
27,71,19,6,3.959,4.519
27,71,19,7,4.739,5.299
27,71,19,8,5.900,6.960
27,71,19,9,7.039,7.319
27,71,19,10,7.440,8.319
27,71,20,1,0.379,0.879
27,71,20,2,0.899,2.180
27,71,20,3,2.279,2.720
27,71,20,4,2.759,3.339
27,71,20,5,4.000,4.699
27,71,20,6,5.259,5.960
27,71,20,7,6.059,7.019
27,71,20,8,7.619,8.479
27,71,20,9,8.539,9.279
27,71,20,10,9.719,10.439
27,71,20,11,10.599,11.559
27,71,21,1,0.299,0.879
27,71,21,2,0.939,1.799
27,71,21,3,1.879,2.679
27,71,21,4,2.740,3.920
27,71,22,1,0.399,0.599
27,71,22,2,0.620,0.899
27,71,22,3,0.979,1.719
27,71,22,4,1.879,2.819
27,71,22,5,2.960,3.500
27,71,22,6,3.959,4.559
27,71,22,7,5.059,6.119
27,71,22,8,6.159,6.960
27,71,22,9,7.099,7.499
27,71,22,10,7.579,8.299
27,71,22,11,8.619,9.139
27,71,22,12,9.239,10.319
27,71,23,1,0.359,1.399
27,71,23,2,1.480,2.079
27,71,23,3,2.180,2.299
27,71,23,4,2.399,3.199
27,71,23,5,3.259,3.559
27,71,23,6,4.259,5.099
27,71,23,7,5.159,5.639
27,71,23,8,5.659,6.559
27,71,24,1,0.299,0.579
27,71,24,2,0.599,1.139
27,71,24,3,1.240,1.419
27,71,24,4,1.439,2.059
27,71,24,5,2.519,3.019
27,71,24,6,3.199,4.199
27,71,24,7,4.839,5.000
27,71,24,8,5.099,5.799
27,71,24,9,7.099,7.359
27,71,24,10,7.419,8.139
27,71,24,11,8.220,8.899
27,71,24,12,9.119,10.000
27,72,1,1,0.179,0.819
27,72,1,2,1.919,2.559
27,72,1,3,2.619,3.399
27,72,1,4,3.519,4.119
27,72,1,5,4.219,4.480
27,72,1,6,5.239,6.359
27,72,1,7,6.539,6.899
27,72,1,8,6.980,7.719
27,72,2,1,0.319,0.719
27,72,2,2,0.779,1.299
27,72,2,3,1.379,2.039
27,72,2,4,2.720,3.899
27,72,2,5,4.219,5.360
27,72,3,1,0.399,0.839
27,72,3,2,0.919,1.299
27,72,3,3,1.480,1.839
27,72,3,4,1.919,2.299
27,72,3,5,2.980,3.859
27,72,3,6,3.919,5.019
27,72,4,1,0.459,1.159
27,72,4,2,1.199,1.799
27,72,4,3,1.839,2.279
27,72,4,4,2.819,3.559
27,72,4,5,3.579,3.939
27,72,4,6,3.980,4.519
27,72,4,7,5.179,6.059
27,72,4,8,6.299,6.979
27,72,5,1,0.479,1.079
27,72,5,2,1.139,1.379
27,72,5,3,1.519,2.159
27,72,5,4,2.960,3.539
27,72,5,5,3.559,4.319
27,72,5,6,4.360,4.579
27,72,5,7,4.619,5.359
27,72,6,1,0.419,0.839
27,72,6,2,0.899,1.519
27,72,6,3,1.559,1.740
27,72,6,4,1.779,2.200
27,72,6,5,2.839,3.759
27,72,6,6,3.899,4.460
27,72,6,7,4.619,5.400
27,72,7,1,0.379,0.859
27,72,7,2,0.939,1.419
27,72,7,3,1.719,2.240
27,72,7,4,3.079,3.559
27,72,7,5,3.699,4.319
27,72,7,6,4.360,4.639
27,72,7,7,4.679,5.000
27,72,7,8,5.019,6.059
27,72,8,1,0.459,1.319
27,72,8,2,1.399,1.579
27,72,8,3,2.180,2.359
27,72,8,4,2.419,2.700
27,72,8,5,3.279,4.199
27,72,8,6,4.259,4.559
27,72,8,7,4.619,5.139
27,72,8,8,5.239,5.900
27,72,9,1,0.399,1.039
27,72,9,2,1.100,1.659
27,72,9,3,1.779,2.419
27,72,9,4,3.139,4.119
27,72,9,5,4.500,5.039
27,72,9,6,5.179,6.320
27,72,10,1,0.399,0.839
27,72,10,2,0.859,1.439
27,72,10,3,1.519,2.180
27,72,10,4,2.519,3.159
27,72,10,5,3.220,3.839
27,72,10,6,4.799,5.460
27,72,10,7,5.659,6.379
27,72,10,8,6.440,7.099
27,72,10,9,7.559,8.220
27,72,10,10,8.279,9.340
27,72,11,1,0.439,1.299
27,72,11,2,1.360,1.539
27,72,11,3,1.559,1.819
27,72,11,4,1.879,2.460
27,72,11,5,3.419,3.779
27,72,11,6,3.859,4.420
27,72,11,7,4.559,5.819
27,72,12,1,0.399,0.579
27,72,12,2,0.599,1.199
27,72,12,3,1.240,1.740
27,72,12,4,1.879,2.759
27,72,12,5,3.659,4.319
27,72,12,6,4.400,4.960
27,72,12,7,5.000,5.420
27,72,12,8,5.500,6.059
27,72,13,1,0.459,1.100
27,72,13,2,1.159,1.339
27,72,13,3,1.459,1.799
27,72,13,4,1.899,2.700
27,72,13,5,3.819,4.539
27,72,13,6,4.579,5.139
27,72,13,7,5.239,6.319
27,72,14,1,0.479,1.159
27,72,14,2,1.199,2.000
27,72,14,3,2.079,2.539
27,72,14,4,2.579,3.119
27,72,14,5,4.019,4.719
27,72,14,6,4.920,5.579
27,72,14,7,5.619,6.659
27,72,15,1,0.379,1.039
27,72,15,2,1.699,2.339
27,72,15,3,2.399,2.720
27,72,15,4,2.980,3.720
27,72,15,5,3.819,4.319
27,72,15,6,4.920,5.899
27,72,15,7,5.980,6.399
27,72,15,8,6.579,7.059
27,72,15,9,8.300,8.559
27,72,15,10,8.679,9.259
27,72,15,11,9.479,10.840
27,72,16,1,0.500,0.899
27,72,16,2,1.019,1.759
27,72,16,3,1.799,2.220
27,72,16,4,2.279,3.099
27,72,16,5,3.919,4.420
27,72,16,6,4.460,4.960
27,72,16,7,5.079,5.739
27,72,16,8,6.279,7.299
27,72,16,9,7.480,8.099
27,72,16,10,8.699,9.599
27,72,16,11,9.639,10.159
27,72,16,12,10.260,10.899
27,72,16,13,10.939,11.979
27,72,17,1,0.740,1.179
27,72,17,2,1.319,1.799
27,72,17,3,1.899,2.519
27,72,17,4,3.299,3.819
27,72,17,5,3.859,4.500
27,72,17,6,4.579,5.159
27,72,17,7,5.279,5.739
27,72,17,8,6.440,7.599
27,72,17,9,7.739,8.039
27,72,17,10,8.720,9.019
27,72,17,11,9.079,9.599
27,72,17,12,9.659,11.099
27,72,18,1,0.340,0.859
27,72,18,2,0.879,1.120
27,72,18,3,1.399,2.200
27,72,18,4,2.259,2.679
27,72,18,5,2.859,3.619
27,72,18,6,4.159,4.679
27,72,18,7,4.799,5.599
27,72,18,8,5.699,6.739
27,72,19,1,0.439,1.000
27,72,19,2,1.079,1.360
27,72,19,3,1.500,2.039
27,72,19,4,2.079,2.740
27,72,19,5,3.639,4.500
27,72,19,6,4.579,5.219
27,72,19,7,5.299,5.460
27,72,19,8,5.559,5.799
27,72,19,9,5.900,6.779
27,72,19,10,7.359,7.979
27,72,19,11,8.319,9.299
27,72,20,1,0.419,1.139
27,72,20,2,1.179,2.279
27,72,20,3,2.319,2.740
27,72,20,4,2.759,2.960
27,72,20,5,3.019,4.800
27,73,1,1,0.419,0.859
27,73,1,2,0.939,1.519
27,73,1,3,2.679,3.000
27,73,1,4,3.039,3.379
27,73,1,5,3.439,4.420
27,73,1,6,4.480,5.019
27,73,1,7,5.619,6.119
27,73,1,8,6.219,6.920
27,73,2,1,0.659,1.179
27,73,2,2,1.259,1.819
27,73,2,3,1.919,2.559
27,73,2,4,2.559,2.579
27,73,2,5,2.679,3.199
27,73,2,6,4.159,5.000
27,73,2,7,5.179,5.779
27,73,2,8,5.779,6.059
27,73,2,9,6.500,7.379
27,73,3,1,0.439,0.539
27,73,3,2,0.659,1.399
27,73,3,3,1.819,2.519
27,73,3,4,3.000,3.319
27,73,3,5,3.399,4.239
27,73,3,6,4.279,5.159
27,73,4,1,0.399,0.599
27,73,4,2,0.620,0.959
27,73,4,3,1.000,1.879
27,73,4,4,1.939,2.539
27,73,4,5,3.179,3.819
27,73,4,6,4.039,4.879
27,73,5,1,0.399,0.979
27,73,5,2,1.220,1.819
27,73,5,3,1.979,2.619
27,73,5,4,3.699,4.079
27,73,5,5,4.119,4.619
27,73,5,6,4.799,4.920
27,73,5,7,4.960,6.319
27,73,6,1,0.379,0.899
27,73,6,2,0.939,1.779
27,73,6,3,1.799,2.339
27,73,6,4,3.359,4.159
27,73,6,5,4.279,4.619
27,73,6,6,4.940,5.500
27,73,6,7,5.559,6.260
27,73,7,1,0.439,0.959
27,73,7,2,1.079,1.759
27,73,7,3,1.819,2.379
27,73,7,4,3.240,3.799
27,73,7,5,3.959,4.960
27,73,7,6,5.019,5.839
27,73,8,1,0.439,1.059
27,73,8,2,1.100,2.079
27,73,8,3,2.200,2.639
27,73,8,4,2.859,3.439
27,73,8,5,4.319,5.039
27,73,8,6,5.119,6.379
27,73,9,1,0.359,0.879
27,73,9,2,0.959,1.919
27,73,9,3,1.959,2.399
27,73,9,4,2.879,3.679
27,73,9,5,3.899,4.539
27,73,9,6,4.579,5.579
27,73,10,1,0.419,0.939
27,73,10,2,0.959,1.500
27,73,10,3,1.500,1.519
27,73,10,4,1.639,2.079
27,73,10,5,2.139,2.500
27,73,10,6,3.319,3.720
27,73,10,7,3.759,4.119
27,73,10,8,4.199,5.139
27,73,10,9,5.199,5.840
27,73,11,1,0.319,1.120
27,73,11,2,1.639,1.939
27,73,11,3,2.279,2.779
27,73,11,4,2.919,3.179
27,73,11,5,3.659,4.099
27,73,11,6,4.199,4.639
27,73,11,7,4.719,5.659
27,73,12,1,0.280,0.839
27,73,12,2,0.959,1.100
27,73,12,3,1.139,1.759
27,73,12,4,2.299,2.919
27,73,12,5,2.980,3.559
27,73,12,6,4.099,4.920
27,73,12,7,5.199,6.259
27,73,13,1,0.439,0.699
27,73,13,2,0.740,1.079
27,73,13,3,1.279,2.339
27,73,13,4,2.379,2.919
27,73,13,5,3.439,4.199
27,73,13,6,4.299,5.159
27,73,13,7,5.359,6.259
27,73,14,1,0.319,0.659
27,73,14,2,0.859,1.360
27,73,14,3,1.419,1.740
27,73,14,4,1.779,2.279
27,73,14,5,3.039,4.079
27,73,14,6,4.179,5.400
27,73,15,1,0.399,0.680
27,73,15,2,0.719,1.379
27,73,15,3,1.500,2.200
27,73,15,4,2.279,2.679
27,73,15,5,3.220,3.720
27,73,15,6,3.759,4.079
27,73,15,7,4.219,4.659
27,73,15,8,4.859,5.900
27,73,16,1,0.459,1.519
27,73,16,2,1.639,2.200
27,73,16,3,2.240,2.599
27,73,16,4,3.240,3.859
27,73,16,5,3.919,4.139
27,73,16,6,4.279,5.239
27,73,17,1,0.579,0.959
27,73,17,2,1.019,1.539
27,73,17,3,1.579,1.719
27,73,17,4,1.899,2.480
27,73,17,5,2.720,2.919
27,73,17,6,3.480,4.279
27,73,17,7,4.380,5.839
27,73,18,1,0.379,0.719
27,73,18,2,0.759,1.679
27,73,18,3,1.759,2.240
27,73,18,4,2.339,2.819
27,73,18,5,3.379,4.539
27,73,18,6,4.599,6.059
27,73,19,1,0.479,0.799
27,73,19,2,0.839,1.279
27,73,19,3,1.360,2.119
27,73,19,4,2.220,3.039
27,73,19,5,3.819,4.400
27,73,19,6,4.619,5.359
27,73,19,7,5.400,5.619
27,73,19,8,5.799,6.900
27,73,20,1,0.379,1.039
27,73,20,2,1.100,1.799
27,73,20,3,2.619,3.279
27,73,20,4,3.439,3.859
27,73,20,5,4.019,4.659
27,73,20,6,4.699,5.539
27,73,21,1,0.299,0.500
27,73,21,2,0.519,1.419
27,73,21,3,1.480,2.000
27,73,21,4,2.419,3.579
27,73,21,5,3.659,4.799
27,73,22,1,0.419,0.979
27,73,22,2,1.199,1.779
27,73,22,3,1.860,2.259
27,73,22,4,2.279,2.700
27,73,22,5,3.399,4.099
27,73,22,6,4.179,4.960
27,73,22,7,5.019,5.840
27,73,23,1,0.239,0.719
27,73,23,2,0.839,1.319
27,73,23,3,1.339,1.899
27,73,23,4,2.539,3.159
27,73,23,5,3.699,3.799
27,73,23,6,3.859,5.219
27,73,24,1,0.319,1.240
27,73,24,2,1.339,2.059
27,73,24,3,2.779,3.579
27,73,24,4,3.959,4.440
27,73,24,5,4.579,5.759
27,73,25,1,0.379,0.659
27,73,25,2,0.699,0.919
27,73,25,3,1.019,2.000
27,73,25,4,2.619,3.619
27,73,25,5,3.740,3.879
27,73,25,6,3.919,4.639
27,73,25,7,4.679,5.659
27,73,26,1,0.340,0.779
27,73,26,2,0.879,1.439
27,73,26,3,1.579,2.299
27,73,26,4,2.879,3.240
27,73,26,5,3.319,3.919
27,73,26,6,3.959,4.719
27,73,26,7,5.319,6.000
27,73,26,8,6.119,7.099
27,73,27,1,0.479,0.659
27,73,27,2,0.699,1.220
27,73,27,3,1.299,1.979
27,73,27,4,2.139,2.859
27,73,27,5,3.559,4.579
27,73,27,6,4.719,5.000
27,73,27,7,5.159,5.519
27,73,27,8,5.699,6.779
27,73,28,1,0.560,1.159
27,73,28,2,1.399,2.000
27,73,28,3,2.019,2.579
27,73,28,4,2.639,2.839
27,73,28,5,2.980,3.359
27,73,28,6,4.099,4.880
27,73,28,7,5.039,5.839
27,73,28,8,6.019,6.579
27,73,28,9,6.719,7.359
27,73,28,10,8.019,8.899
27,73,28,11,9.000,9.359
27,73,28,12,9.500,10.919
27,74,1,1,0.039,0.599
27,74,1,2,0.620,1.199
27,74,1,3,2.220,2.659
27,74,1,4,2.819,3.480
27,74,1,5,3.599,4.119
27,74,1,6,4.339,4.980
27,74,1,7,6.019,6.779
27,74,1,8,6.839,7.259
27,74,1,9,7.599,8.079
27,74,1,10,8.199,9.199
27,74,2,1,0.539,1.059
27,74,2,2,1.199,1.740
27,74,2,3,2.379,2.879
27,74,2,4,3.059,3.539
27,74,2,5,4.239,4.799
27,74,2,6,5.079,5.719
27,74,2,7,5.819,6.659
27,74,2,8,7.239,7.779
27,74,2,9,7.839,8.639
27,74,2,10,8.739,9.000
27,74,2,11,9.119,9.779
27,74,2,12,9.840,10.239
27,74,3,1,0.199,0.899
27,74,3,2,1.019,1.679
27,74,3,3,2.240,3.359
27,74,3,4,3.500,4.000
27,74,3,5,4.679,5.039
27,74,3,6,5.079,5.619
27,74,3,7,5.960,6.480
27,74,3,8,6.500,7.499
27,74,4,1,0.359,0.979
27,74,4,2,1.079,1.679
27,74,4,3,1.939,2.599
27,74,4,4,2.679,3.419
27,74,4,5,4.360,4.940
27,74,4,6,5.139,5.900
27,74,4,7,6.279,6.899
27,74,5,1,0.379,1.059
27,74,5,2,1.339,1.979
27,74,5,3,2.039,2.639
27,74,5,4,3.319,4.000
27,74,5,5,4.079,4.559
27,74,5,6,4.599,5.720
27,74,6,1,0.259,1.019
27,74,6,2,1.539,2.359
27,74,6,3,2.639,3.159
27,74,6,4,3.919,4.759
27,74,6,5,5.039,6.119
27,74,6,6,6.179,7.159
27,74,7,1,0.219,0.779
27,74,7,2,0.859,1.379
27,74,7,3,1.439,2.299
27,74,7,4,3.139,3.959
27,74,7,5,4.239,4.980
27,74,7,6,5.099,5.719
27,74,7,7,5.900,6.739
27,74,8,1,0.299,0.680
27,74,8,2,0.759,1.459
27,74,8,3,1.959,2.559
27,74,8,4,2.700,3.220
27,74,8,5,3.879,4.440
27,74,8,6,4.619,5.079
27,74,8,7,5.139,5.659
27,74,8,8,5.699,5.980
27,74,8,9,6.099,6.980
27,74,9,1,0.179,0.939
27,74,9,2,0.979,1.120
27,74,9,3,1.159,1.759
27,74,9,4,2.200,2.480
27,74,9,5,2.579,2.779
27,74,9,6,2.859,3.359
27,74,9,7,3.959,4.279
27,74,9,8,4.400,5.299
27,74,9,9,5.420,5.980
27,74,9,10,6.159,6.440
27,74,9,11,6.500,6.920
27,74,10,1,0.179,0.519
27,74,10,2,0.560,1.019
27,74,10,3,1.120,1.819
27,74,10,4,1.959,2.759
27,74,10,5,2.899,3.299
27,74,10,6,4.000,4.880
27,74,10,7,4.920,5.519
27,74,10,8,5.739,6.359
27,74,10,9,6.519,7.380
27,74,11,1,0.280,0.819
27,74,11,2,0.919,1.419
27,74,11,3,1.480,1.899
27,74,11,4,2.039,3.019
27,74,11,5,4.639,5.420
27,74,11,6,5.539,6.000
27,74,11,7,6.500,7.259
27,74,12,1,0.179,0.759
27,74,12,2,0.799,1.240
27,74,12,3,1.319,2.099
27,74,12,4,2.599,3.019
27,74,12,5,3.039,3.740
27,74,12,6,3.859,4.400
27,74,12,7,4.460,5.400
27,74,13,1,0.140,0.699
27,74,13,2,0.799,1.439
27,74,13,3,1.819,2.519
27,74,13,4,2.559,3.500
27,74,13,5,3.639,4.319
27,74,13,6,4.619,5.119
27,74,13,7,5.279,5.980
27,74,13,8,6.059,6.219
27,74,13,9,6.279,7.159
27,74,14,1,0.199,0.699
27,74,14,2,0.779,1.659
27,74,14,3,1.759,2.319
27,74,14,4,2.359,3.159
27,74,14,5,4.259,5.239
27,74,14,6,5.279,6.219
27,74,14,7,6.239,6.819
27,74,14,8,6.879,7.859
27,74,15,1,0.280,0.799
27,74,15,2,0.899,1.679
27,74,15,3,1.860,2.480
27,74,15,4,2.500,3.259
27,74,15,5,4.799,5.339
27,74,15,6,5.380,6.159
27,74,15,7,6.239,6.920
27,74,15,8,6.960,7.679
27,74,16,1,0.259,0.819
27,74,16,2,0.919,1.319
27,74,16,3,1.500,1.779
27,74,16,4,1.839,2.059
27,74,16,5,2.359,2.839
27,74,16,6,3.299,3.859
27,74,16,7,3.959,4.719
27,74,16,8,5.059,5.579
27,74,16,9,5.639,6.659
27,74,17,1,0.179,0.680
27,74,17,2,0.699,1.519
27,74,17,3,1.759,2.059
27,74,17,4,2.180,2.879
27,74,17,5,2.960,3.460
27,74,17,6,4.059,4.759
27,74,17,7,4.839,5.679
27,74,17,8,5.739,6.219
27,74,17,9,6.319,7.340
27,74,18,1,0.280,0.759
27,74,18,2,0.839,1.139
27,74,18,3,1.719,2.319
27,74,18,4,3.039,3.699
27,74,18,5,3.759,5.139
27,74,18,6,5.159,5.679
27,74,18,7,5.779,6.460
27,74,18,8,6.559,7.279
27,74,18,9,7.319,8.039
27,74,19,1,0.280,0.479
27,74,19,2,0.579,1.100
27,74,19,3,1.179,1.959
27,74,19,4,2.079,2.599
27,74,19,5,2.720,3.240
27,74,19,6,3.779,4.319
27,74,19,7,4.460,5.599
27,74,19,8,5.659,5.839
27,74,19,9,6.019,6.659
27,74,19,10,6.739,7.579
27,74,20,1,0.179,0.740
27,74,20,2,0.839,1.519
27,74,20,3,2.019,2.180
27,74,20,4,2.279,3.039
27,74,20,5,3.119,4.239
27,74,20,6,4.259,4.779
27,74,20,7,5.239,5.960
27,74,20,8,6.039,6.780
27,74,21,1,0.199,0.459
27,74,21,2,0.500,1.079
27,74,21,3,1.120,1.419
27,74,21,4,1.500,2.200
27,74,21,5,2.859,3.199
27,74,21,6,3.259,4.019
27,74,21,7,4.159,4.839
27,74,21,8,4.920,5.820
27,74,22,1,0.259,0.819
27,74,22,2,0.879,1.500
27,74,22,3,1.559,2.079
27,74,22,4,2.200,2.899
27,74,22,5,3.639,4.239
27,74,22,6,4.319,5.059
27,74,22,7,5.440,6.019
27,74,22,8,6.079,6.599
27,74,22,9,7.000,7.279
27,74,22,10,7.319,8.099
27,74,23,1,0.239,0.560
27,74,23,2,0.579,1.240
27,74,23,3,1.259,1.579
27,74,23,4,1.779,2.519
27,74,23,5,3.359,4.000
27,74,23,6,4.039,4.980
27,74,23,7,5.000,5.440
27,74,23,8,5.579,6.240
27,75,1,1,0.280,1.039
27,75,1,2,1.079,1.159
27,75,1,3,1.259,1.959
27,75,1,4,2.039,2.399
27,75,1,5,2.440,3.240
27,75,1,6,3.359,3.639
27,75,2,1,0.259,0.899
27,75,2,2,0.919,1.480
27,75,2,3,1.500,2.119
27,75,2,4,2.200,2.839
27,75,2,5,2.859,3.439
27,75,2,6,3.480,4.059
27,75,2,7,4.519,5.279
27,75,2,8,5.319,6.739
27,75,3,1,0.259,0.379
27,75,3,2,0.399,0.959
27,75,3,3,1.100,1.539
27,75,3,4,1.899,2.379
27,75,3,5,2.419,2.980
27,75,3,6,3.099,3.819
27,75,4,1,0.439,1.100
27,75,4,2,1.159,1.639
27,75,4,3,1.699,2.099
27,75,4,4,2.159,2.919
27,75,4,5,3.460,3.980
27,75,4,6,4.119,5.139
27,75,4,7,5.179,6.019
27,75,4,8,6.119,6.639
27,75,5,1,0.319,0.799
27,75,5,2,0.819,1.839
27,75,5,3,1.859,2.119
27,75,5,4,2.259,3.019
27,75,5,5,4.059,5.039
27,75,5,6,5.059,5.279
27,75,5,7,5.440,6.059
27,75,5,8,6.079,7.019
27,75,6,1,0.459,0.620
27,75,6,2,0.740,1.220
27,75,6,3,1.240,1.919
27,75,6,4,2.019,2.700
27,75,6,5,3.119,3.980
27,75,6,6,4.039,5.039
27,75,6,7,5.079,5.759
27,75,7,1,0.500,0.719
27,75,7,2,0.779,1.059
27,75,7,3,1.199,2.180
27,75,7,4,2.240,3.500
27,75,7,5,3.819,4.199
27,75,7,6,4.339,5.199
27,75,7,7,5.279,6.000
27,75,8,1,0.280,0.479
27,75,8,2,0.519,1.139
27,75,8,3,1.199,2.220
27,75,8,4,2.379,2.480
27,75,8,5,2.599,3.500
27,75,8,6,3.559,3.879
27,75,8,7,3.959,4.759
27,75,9,1,0.299,0.500
27,75,9,2,0.519,1.000
27,75,9,3,1.019,1.500
27,75,9,4,1.539,1.579
27,75,9,5,1.759,3.519
27,75,9,6,3.699,4.299
27,75,9,7,4.639,5.019
27,75,9,8,5.159,5.699
27,75,9,9,6.179,7.299
27,75,9,10,7.399,8.099
27,75,9,11,8.539,8.760
27,75,9,12,8.920,9.719
27,75,9,13,10.059,10.920
27,75,9,14,10.979,11.679
27,75,9,15,12.099,12.359
27,75,9,16,12.519,13.059
27,75,9,17,13.179,13.899
27,75,10,1,0.259,0.799
27,75,10,2,0.899,1.599
27,75,10,3,1.620,2.259
27,75,10,4,3.039,3.919
27,75,10,5,4.000,4.480
27,75,10,6,4.519,5.420
27,75,11,1,0.379,0.740
27,75,11,2,0.839,1.299
27,75,11,3,1.339,2.139
27,75,11,4,2.180,3.199
27,75,11,5,3.839,4.679
27,75,11,6,4.859,5.480
27,75,11,7,5.519,6.420
27,76,1,1,0.179,0.819
27,76,1,2,1.059,1.719
27,76,1,3,2.220,2.599
27,76,1,4,2.619,3.539
27,76,1,5,3.619,3.919
27,76,2,1,0.359,1.019
27,76,2,2,1.059,1.799
27,76,2,3,1.899,2.899
27,76,2,4,2.939,3.980
27,76,2,5,4.039,4.519
27,76,2,6,4.559,5.299
27,76,3,1,0.359,0.839
27,76,3,2,0.919,1.500
27,76,3,3,1.659,2.180
27,76,3,4,3.039,3.980
27,76,3,5,4.119,5.359
27,76,4,1,0.419,0.939
27,76,4,2,1.120,1.699
27,76,4,3,1.979,2.440
27,76,4,4,2.500,3.599
27,76,4,5,3.759,4.199
27,76,4,6,4.299,5.139
27,76,4,7,5.199,6.000
27,76,4,8,6.139,6.579
27,76,5,1,0.340,0.939
27,76,5,2,1.019,1.759
27,76,5,3,1.779,2.379
27,76,5,4,3.139,3.699
27,76,5,5,4.019,4.819
27,76,6,1,0.399,1.419
27,76,6,2,1.599,2.259
27,76,6,3,2.279,2.700
27,76,6,4,3.259,3.679
27,76,6,5,3.779,4.420
27,76,6,6,4.980,5.239
27,76,6,7,5.359,6.279
27,76,6,8,6.319,6.799
27,76,6,9,6.839,7.279
27,76,6,10,7.399,7.959
27,76,6,11,8.039,9.000
27,76,7,1,0.359,1.360
27,76,7,2,1.419,2.259
27,76,7,3,2.339,3.059
27,76,7,4,3.679,4.500
27,76,7,5,4.639,5.339
27,76,7,6,5.579,6.599
27,76,8,1,0.479,1.159
27,76,8,2,1.480,2.279
27,76,8,3,2.379,2.899
27,76,8,4,3.419,3.659
27,76,8,5,3.679,4.239
27,76,8,6,4.339,5.239
27,76,8,7,5.339,7.099
27,76,9,1,0.359,1.259
27,76,9,2,1.319,2.039
27,76,9,3,2.099,2.500
27,76,9,4,3.139,3.740
27,76,9,5,3.879,4.599
27,76,9,6,4.619,5.960
27,76,10,1,0.280,0.859
27,76,10,2,0.899,1.819
27,76,10,3,1.899,2.339
27,76,10,4,3.099,3.859
27,76,10,5,4.059,4.339
27,76,10,6,4.380,4.960
27,76,10,7,5.019,5.759
27,76,10,8,5.779,6.139
27,76,11,1,0.219,0.399
27,76,11,2,0.419,0.919
27,76,11,3,1.000,1.439
27,76,11,4,1.620,2.279
27,76,11,5,3.039,3.619
27,76,11,6,3.740,4.239
27,76,11,7,4.420,5.480
27,76,12,1,0.419,1.120
27,76,12,2,1.399,2.240
27,76,12,3,2.319,3.000
27,76,12,4,3.079,3.839
27,76,12,5,4.000,4.199
27,76,12,6,4.319,4.979
27,76,12,7,5.719,6.299
27,76,12,8,6.420,6.920
27,76,12,9,7.059,8.139
27,76,13,1,0.479,1.120
27,76,13,2,1.439,1.939
27,76,13,3,2.059,2.639
27,76,13,4,3.279,3.839
27,76,13,5,3.959,4.759
27,76,13,6,4.859,5.719
27,77,1,1,0.099,0.779
27,77,1,2,1.019,1.240
27,77,1,3,1.299,1.939
27,77,1,4,1.959,2.659
27,77,1,5,2.720,3.220
27,77,2,1,0.280,0.819
27,77,2,2,0.899,1.100
27,77,2,3,1.259,1.899
27,77,2,4,1.939,3.119
27,77,2,5,3.619,3.899
27,77,2,6,4.199,4.500
27,77,2,7,4.579,5.159
27,77,2,8,5.279,6.059
27,77,2,9,6.199,6.920
27,77,3,1,0.379,0.719
27,77,3,2,0.799,1.339
27,77,3,3,1.500,2.039
27,77,3,4,2.079,2.619
27,77,3,5,3.179,3.679
27,77,3,6,3.899,4.319
27,77,3,7,4.460,5.179
27,77,3,8,5.239,5.539
27,77,3,9,5.659,6.079
27,77,3,10,6.619,7.199
27,77,3,11,7.279,7.960
27,77,3,12,8.000,8.820
27,77,4,1,0.459,1.339
27,77,4,2,1.459,1.979
27,77,4,3,1.999,3.079
27,77,4,4,3.720,4.380
27,77,4,5,4.480,5.579
27,77,4,6,5.639,6.139
27,77,4,7,6.299,6.799
27,77,5,1,0.280,0.799
27,77,5,2,0.979,1.539
27,77,5,3,1.599,2.039
27,77,5,4,2.740,3.599
27,77,5,5,3.679,4.139
27,77,5,6,4.239,5.159
27,77,6,1,0.199,0.979
27,77,6,2,1.059,1.480
27,77,6,3,1.500,2.259
27,77,6,4,2.740,3.299
27,77,6,5,3.359,4.340
27,77,7,1,0.179,0.839
27,77,7,2,0.859,1.519
27,77,7,3,1.639,2.339
27,77,7,4,2.859,3.099
27,77,7,5,3.139,3.799
27,77,7,6,3.839,4.619
27,77,7,7,5.119,6.179
27,77,7,8,6.259,6.980
27,77,8,1,0.179,1.100
27,77,8,2,1.139,1.699
27,77,8,3,1.799,2.440
27,77,8,4,2.819,3.079
27,77,8,5,3.119,3.720
27,77,8,6,3.740,4.360
27,77,8,7,4.420,4.880
27,77,9,1,0.179,1.039
27,77,9,2,1.079,1.879
27,77,9,3,1.899,2.440
27,77,9,4,2.859,3.419
27,77,9,5,3.480,3.959
27,77,9,6,4.019,4.420
27,77,9,7,4.500,5.119
27,77,10,1,0.259,0.799
27,77,10,2,1.000,1.740
27,77,10,3,1.879,2.059
27,77,10,4,2.559,2.799
27,77,10,5,2.839,3.419
27,77,10,6,3.460,4.299
27,77,10,7,4.400,5.119
27,77,10,8,5.299,5.739
27,77,11,1,0.359,1.079
27,77,11,2,1.459,2.220
27,77,11,3,2.839,2.919
27,77,11,4,2.920,3.359
27,77,11,5,3.500,4.059
27,77,11,6,4.119,4.980
27,77,12,1,0.419,1.199
27,77,12,2,1.319,2.059
27,77,12,3,2.159,2.379
27,77,12,4,3.039,3.259
27,77,12,5,3.359,4.099
27,77,12,6,4.259,5.059
27,77,12,7,5.259,6.500
27,77,13,1,0.179,1.259
27,77,13,2,1.360,1.899
27,77,13,3,2.399,3.220
27,77,13,4,3.779,5.279
27,77,13,5,5.500,6.659
27,77,14,1,0.399,0.959
27,77,14,2,1.079,1.919
27,77,14,3,1.959,2.740
27,77,14,4,3.379,3.659
27,77,14,5,3.899,4.159
27,77,14,6,4.279,4.839
27,77,14,7,4.960,5.900
27,77,15,1,0.340,0.899
27,77,15,2,0.939,1.659
27,77,15,3,1.679,2.159
27,77,15,4,2.200,2.740
27,77,15,5,3.279,3.859
27,77,15,6,4.139,4.819
27,77,15,7,4.940,6.000
27,77,16,1,0.399,0.919
27,77,16,2,1.000,1.899
27,77,16,3,1.919,2.679
27,77,16,4,3.299,3.599
27,77,16,5,3.699,4.460
27,77,16,6,4.480,5.279
27,77,16,7,5.379,5.839
27,77,17,1,0.239,0.879
27,77,17,2,1.019,1.740
27,77,17,3,1.799,2.359
27,77,17,4,3.019,3.639
27,77,17,5,3.799,4.559
27,77,17,6,4.739,5.400
27,77,17,7,6.159,6.539
27,77,17,8,6.879,7.599
27,77,17,9,7.739,8.640
27,77,18,1,0.359,0.959
27,77,18,2,1.100,1.659
27,77,18,3,1.699,2.279
27,77,18,4,2.859,3.259
27,77,18,5,3.319,3.839
27,77,18,6,4.059,4.719
27,77,18,7,5.239,5.319
27,77,18,8,5.320,5.480
27,77,18,9,5.759,6.559
27,77,18,10,7.159,8.599
27,77,19,1,0.299,0.740
27,77,19,2,0.839,1.639
27,77,19,3,1.679,1.919
27,77,19,4,2.039,2.720
27,77,19,5,3.299,4.099
27,77,19,6,4.139,4.759
27,77,19,7,4.900,5.339
27,77,19,8,6.059,6.759
27,77,19,9,6.879,7.719
27,77,19,10,7.779,8.739
27,77,20,1,0.379,0.939
27,77,20,2,1.039,1.779
27,77,20,3,2.319,3.339
27,77,20,4,3.439,4.059
27,77,20,5,4.159,4.699
27,77,20,6,5.000,6.679
27,77,20,7,6.799,7.019
27,77,20,8,7.119,7.980
27,77,21,1,0.299,0.919
27,77,21,2,1.240,1.919
27,77,21,3,1.959,2.700
27,77,21,4,3.339,3.899
27,77,21,5,4.059,4.579
27,77,21,6,4.719,5.960
27,78,1,1,0.280,0.859
27,78,1,2,0.879,1.439
27,78,1,3,2.599,3.460
27,78,1,4,3.500,3.899
27,78,1,5,4.059,4.619
27,78,1,6,5.239,5.819
27,78,1,7,5.859,6.639
27,78,1,8,6.679,7.299
27,78,1,9,7.319,7.859
27,78,2,1,0.299,0.879
27,78,2,2,1.000,1.579
27,78,2,3,1.740,1.959
27,78,2,4,2.799,3.579
27,78,2,5,3.759,4.339
27,78,2,6,4.519,4.900
27,78,2,7,4.940,5.960
27,78,3,1,0.179,0.599
27,78,3,2,0.740,1.319
27,78,3,3,1.379,2.259
27,78,3,4,2.960,3.879
27,78,3,5,3.980,4.619
27,78,3,6,4.659,5.400
27,78,4,1,0.399,0.599
27,78,4,2,0.740,1.360
27,78,4,3,1.399,2.259
27,78,4,4,2.339,2.859
27,78,4,5,2.899,3.439
27,78,4,6,4.159,5.000
27,78,4,7,5.119,5.819
27,78,4,8,5.859,6.119
27,78,4,9,7.239,8.079
27,78,4,10,8.199,9.460
27,78,4,11,9.619,10.000
27,78,4,12,10.039,10.679
27,78,5,1,0.199,1.059
27,78,5,2,1.079,1.579
27,78,5,3,1.679,2.460
27,78,5,4,2.899,3.579
27,78,5,5,3.679,4.000
27,78,5,6,4.059,4.980
27,78,5,7,5.599,6.039
27,78,5,8,6.119,6.659
27,78,5,9,6.739,6.899
27,78,5,10,6.980,7.699
27,78,5,11,8.139,9.119
27,78,5,12,9.220,10.319
27,78,6,1,0.199,0.839
27,78,6,2,0.899,1.439
27,78,6,3,1.579,1.979
27,78,6,4,2.019,2.679
27,78,6,5,3.139,3.599
27,78,6,6,3.720,4.659
27,78,6,7,5.539,6.199
27,78,6,8,6.639,7.699
27,78,6,9,7.759,8.819
27,78,7,1,0.219,1.120
27,78,7,2,1.159,1.719
27,78,7,3,1.740,2.359
27,78,7,4,3.139,3.559
27,78,7,5,3.639,4.460
27,78,7,6,4.579,5.279
27,78,7,7,5.460,5.739
27,78,7,8,6.259,7.459
27,78,7,9,7.719,8.939
27,78,8,1,0.159,0.519
27,78,8,2,0.579,1.120
27,78,8,3,1.220,2.039
27,78,8,4,2.460,2.839
27,78,8,5,3.000,3.500
27,78,8,6,3.519,4.039
27,78,8,7,4.500,4.819
27,78,8,8,4.900,5.039
27,78,8,9,5.059,5.519
27,78,8,10,5.599,6.119
27,78,8,11,6.639,7.119
27,78,8,12,7.339,8.139
27,78,8,13,8.519,8.840
27,78,8,14,8.920,9.139
27,78,8,15,9.260,9.939
27,78,9,1,0.179,0.519
27,78,9,2,0.539,1.719
27,78,9,3,1.819,2.539
27,78,9,4,2.720,3.099
27,78,9,5,3.240,3.839
27,78,9,6,4.299,4.940
27,78,9,7,5.119,5.559
27,78,9,8,5.599,6.320
27,78,10,1,0.299,0.620
27,78,10,2,0.779,1.579
27,78,10,3,1.779,2.319
27,78,10,4,2.379,2.939
27,78,10,5,3.539,4.539
27,78,10,6,4.579,5.239
27,78,10,7,5.279,6.239
27,78,11,1,0.159,1.159
27,78,11,2,1.220,1.979
27,78,11,3,2.579,3.899
27,78,11,4,4.059,4.559
27,78,11,5,4.599,5.539
27,78,12,1,0.280,0.879
27,78,12,2,0.919,1.699
27,78,12,3,1.759,2.279
27,78,12,4,2.319,2.740
27,78,12,5,3.279,4.000
27,78,12,6,4.079,4.940
27,78,12,7,5.019,5.420
27,78,12,8,5.659,6.559
27,78,13,1,0.239,0.699
27,78,13,2,0.879,1.199
27,78,13,3,1.339,2.319
27,78,13,4,2.980,4.159
27,78,13,5,4.179,4.699
27,78,13,6,4.859,5.159
27,78,13,7,5.239,5.840
27,78,14,1,0.199,1.159
27,78,14,2,1.199,1.740
27,78,14,3,1.799,2.240
27,78,14,4,2.819,3.240
27,78,14,5,3.319,4.159
27,78,14,6,4.219,4.759
27,78,14,7,4.819,5.420
27,78,15,1,0.439,1.159
27,78,15,2,1.399,1.919
27,78,15,3,1.979,2.720
27,78,15,4,3.460,4.279
27,78,15,5,4.639,5.559
27,78,15,6,5.619,6.420
27,78,16,1,0.179,0.799
27,78,16,2,0.899,1.399
27,78,16,3,1.539,2.359
27,78,16,4,2.980,3.839
27,78,16,5,3.980,4.960
27,78,16,6,5.099,5.960
27,78,17,1,0.280,1.220
27,78,17,2,1.259,1.559
27,78,17,3,1.620,2.159
27,78,17,4,2.220,2.379
27,78,17,5,3.079,3.819
27,78,17,6,4.119,4.699
27,78,17,7,4.880,6.139
27,78,18,1,0.439,1.399
27,78,18,2,1.559,1.860
27,78,18,3,1.979,2.679
27,78,18,4,3.279,4.099
27,78,18,5,4.159,4.759
27,78,18,6,4.779,5.759
27,78,19,1,0.259,1.179
27,78,19,2,1.319,1.879
27,78,19,3,2.319,2.879
27,78,19,4,3.339,4.259
27,78,19,5,4.420,4.699
27,78,19,6,4.719,5.199
27,78,19,7,5.239,5.779
27,78,19,8,5.879,6.900
27,78,20,1,0.340,0.560
27,78,20,2,0.620,1.059
27,78,20,3,1.199,1.599
27,78,20,4,1.939,2.879
27,78,20,5,2.980,3.939
27,78,20,6,3.980,4.779
27,78,20,7,4.839,5.779
27,78,20,8,6.299,6.659
27,78,20,9,6.739,7.179
27,78,20,10,7.219,7.619
27,78,20,11,7.799,8.059
27,78,20,12,8.579,8.760
27,78,20,13,8.800,9.340
27,78,20,14,9.460,9.979
27,78,20,15,10.059,11.099
27,78,21,1,0.199,0.859
27,78,21,2,1.019,1.639
27,78,21,3,1.679,1.979
27,78,21,4,1.980,3.579
27,78,21,5,4.259,4.839
27,78,21,6,4.980,5.819
27,78,21,7,5.900,6.759
27,78,21,8,7.319,7.980
27,78,21,9,8.019,8.519
27,78,21,10,8.579,8.960
27,78,21,11,9.039,10.139
27,78,22,1,0.219,0.359
27,78,22,2,0.419,0.620
27,78,22,3,0.699,1.459
27,78,22,4,1.500,2.019
27,78,22,5,2.639,3.000
27,78,22,6,3.220,3.879
27,78,22,7,4.019,5.239
27,78,23,1,0.159,0.839
27,78,23,2,0.939,1.519
27,78,23,3,1.579,2.339
27,78,23,4,2.939,3.460
27,78,23,5,3.539,4.179
27,78,23,6,4.339,4.980
27,78,24,1,0.299,1.139
27,78,24,2,1.199,1.699
27,78,24,3,1.839,2.220
27,78,24,4,2.319,2.960
27,78,24,5,3.439,4.199
27,78,24,6,4.360,5.199
27,78,24,7,5.239,5.879
27,78,24,8,5.920,6.659
27,78,25,1,0.259,0.899
27,78,25,2,0.939,1.719
27,78,25,3,1.919,2.359
27,78,25,4,2.480,2.819
27,78,25,5,3.980,4.599
27,78,25,6,4.880,5.359
27,78,25,7,5.440,5.900
27,78,25,8,5.940,6.980
27,78,26,1,0.399,1.100
27,78,26,2,1.220,1.719
27,78,26,3,1.879,2.799
27,78,26,4,3.659,4.480
27,78,26,5,4.519,5.259
27,78,26,6,5.420,6.259
27,78,27,1,0.319,1.059
27,78,27,2,1.139,1.599
27,78,27,3,1.740,2.299
27,78,27,4,2.460,2.980
27,78,27,5,3.679,4.299
27,78,27,6,4.380,5.339
27,78,27,7,5.359,5.739
27,78,27,8,5.799,6.599
27,78,28,1,0.259,1.159
27,78,28,2,1.259,1.879
27,78,28,3,2.000,2.679
27,78,28,4,3.240,3.819
27,78,28,5,3.879,5.420
27,78,29,1,0.199,1.179
27,78,29,2,1.259,2.180
27,78,29,3,2.279,2.740
27,78,29,4,3.319,4.339
27,78,29,5,4.480,4.819
27,78,29,6,4.880,5.639
27,78,30,1,0.179,0.439
27,78,30,2,0.599,1.159
27,78,30,3,1.279,2.379
27,78,30,4,3.559,3.859
27,78,30,5,4.019,4.639
27,78,30,6,4.639,4.659
27,78,30,7,4.679,5.399
27,78,31,1,0.419,0.879
27,78,31,2,0.899,1.360
27,78,31,3,1.459,1.740
27,78,31,4,1.819,2.240
27,78,31,5,2.759,3.480
27,78,31,6,3.579,4.880
27,78,31,7,5.339,6.179
27,78,31,8,6.259,7.319
27,78,31,9,7.339,8.459
27,78,32,1,0.379,0.759
27,78,32,2,0.879,1.179
27,78,32,3,1.860,2.359
27,78,32,4,2.480,2.759
27,78,32,5,3.399,3.679
27,78,32,6,3.699,4.360
27,78,32,7,4.480,6.079
27,78,33,1,0.319,0.979
27,78,33,2,1.100,1.759
27,78,33,3,1.779,2.319
27,78,33,4,2.980,3.879
27,78,33,5,4.460,5.659
27,78,34,1,0.379,0.620
27,78,34,2,0.719,1.779
27,78,34,3,1.839,2.879
27,78,34,4,3.619,4.739
27,78,34,5,4.779,5.879
27,78,34,6,6.039,6.659
27,78,35,1,0.280,1.379
27,78,35,2,1.459,1.620
27,78,35,3,1.659,2.159
27,78,35,4,2.319,2.859
27,78,35,5,3.460,3.859
27,78,35,6,3.939,4.599
27,78,35,7,4.739,5.719
27,78,36,1,0.259,1.379
27,78,36,2,1.500,2.079
27,78,36,3,2.679,3.740
27,78,36,4,3.779,4.659
27,78,36,5,4.759,5.239
27,78,37,1,0.319,1.079
27,78,37,2,1.139,1.279
27,78,37,3,1.319,1.699
27,78,37,4,1.759,2.259
27,78,37,5,3.399,3.679
27,78,37,6,3.819,4.519
27,78,37,7,4.659,5.719
27,78,38,1,0.399,0.959
27,78,38,2,1.019,1.659
27,78,38,3,1.699,2.460
27,78,38,4,2.500,2.960
27,78,38,5,3.460,3.819
27,78,38,6,3.859,4.519
27,78,38,7,5.099,5.739
27,78,38,8,5.799,6.420
27,78,38,9,6.699,7.299
27,78,38,10,7.919,8.319
27,78,38,11,8.460,9.099
27,78,38,12,9.420,9.779
27,78,38,13,10.000,10.960
27,78,39,1,0.299,1.120
27,78,39,2,1.220,1.419
27,78,39,3,1.459,1.979
27,78,39,4,2.039,2.480
27,78,39,5,3.139,3.699
27,78,39,6,3.720,4.259
27,78,39,7,4.339,4.619
27,78,39,8,4.659,5.420
27,78,40,1,0.340,0.819
27,78,40,2,0.879,1.719
27,78,40,3,1.839,2.960
27,78,40,4,3.519,4.539
27,78,40,5,4.659,5.639
27,78,41,1,0.239,1.100
27,78,41,2,1.220,2.000
27,78,41,3,2.200,2.480
27,78,41,4,3.079,3.720
27,78,41,5,3.759,4.619
27,78,41,6,4.659,5.819
27,78,42,1,0.259,0.539
27,78,42,2,0.659,1.339
27,78,42,3,1.459,1.699
27,78,42,4,1.719,2.180
27,78,42,5,2.779,3.179
27,78,42,6,3.240,3.720
27,78,42,7,4.019,4.539
27,78,42,8,4.659,5.039
27,78,42,9,5.159,5.760
27,78,43,1,0.299,0.680
27,78,43,2,0.819,1.100
27,78,43,3,1.220,2.180
27,78,43,4,2.240,2.859
27,78,43,5,3.480,4.500
27,78,43,6,4.599,5.059
27,78,43,7,5.219,6.139
27,78,44,1,0.359,1.279
27,78,44,2,1.339,1.839
27,78,44,3,1.899,2.679
27,78,44,4,3.359,4.480
27,78,44,5,4.539,4.819
27,78,44,6,4.859,6.179
27,78,45,1,0.199,0.839
27,78,45,2,0.879,1.240
27,78,45,3,1.299,1.899
27,78,45,4,2.019,2.939
27,78,45,5,3.579,4.599
27,78,45,6,4.920,6.419
27,78,46,1,0.280,1.179
27,78,46,2,1.199,1.839
27,78,46,3,1.919,2.500
27,78,46,4,3.179,4.279
27,78,46,5,4.339,5.360
27,78,47,1,0.340,0.979
27,78,47,2,1.019,1.740
27,78,47,3,1.839,2.339
27,78,47,4,2.960,3.980
27,78,47,5,4.039,5.159
27,78,48,1,0.379,1.139
27,78,48,2,1.220,1.939
27,78,48,3,2.079,2.759
27,78,48,4,3.539,4.599
27,78,48,5,4.699,5.760
27,78,49,1,0.280,1.039
27,78,49,2,1.079,1.399
27,78,49,3,1.439,1.879
27,78,49,4,1.919,2.460
27,78,49,5,3.019,3.619
27,78,49,6,3.740,4.559
27,78,49,7,4.579,5.259
27,78,49,8,5.779,6.699
27,78,49,9,6.799,7.500
27,78,49,10,7.599,8.279
27,78,50,1,0.419,1.120
27,78,50,2,1.159,1.659
27,78,50,3,1.719,2.399
27,78,50,4,3.159,3.399
27,78,50,5,3.500,4.039
27,78,50,6,4.099,4.799
27,78,50,7,4.859,5.400
27,78,50,8,6.059,7.099
27,78,50,9,7.559,8.239
27,78,50,10,8.279,9.119
27,78,51,1,0.319,0.879
27,78,51,2,0.899,1.120
27,78,51,3,1.139,1.539
27,78,51,4,1.620,2.500
27,78,51,5,3.099,3.659
27,78,51,6,3.699,4.559
27,78,51,7,4.619,5.500
27,78,51,8,5.719,6.419
27,78,52,1,0.239,1.019
27,78,52,2,1.059,1.599
27,78,52,3,1.679,2.220
27,78,52,4,3.119,4.039
27,78,52,5,4.159,4.839
27,78,52,6,4.960,6.079
27,78,53,1,0.379,1.159
27,78,53,2,1.259,1.899
27,78,53,3,2.019,2.539
27,78,53,4,2.599,3.299
27,78,53,5,3.959,4.539
27,78,53,6,4.579,5.400
27,78,53,7,6.039,7.359
27,78,53,8,7.419,8.279
27,78,54,1,0.299,1.159
27,78,54,2,1.279,1.480
27,78,54,3,1.519,1.819
27,78,54,4,1.919,2.480
27,78,54,5,3.199,3.579
27,78,54,6,3.720,4.000
27,78,54,7,4.119,4.759
27,78,54,8,4.839,5.659
27,78,55,1,0.239,0.979
27,78,55,2,1.000,1.779
27,78,55,3,1.839,2.259
27,78,55,4,3.079,4.299
27,78,55,5,4.339,5.019
27,78,55,6,5.079,5.639
27,78,55,7,6.519,7.460
27,78,55,8,7.599,8.779
27,78,55,9,9.139,9.739
27,78,55,10,9.840,10.919
27,78,56,1,0.280,1.039
27,78,56,2,1.120,2.000
27,78,56,3,2.039,2.339
27,78,56,4,2.440,2.799
27,78,56,5,2.879,3.399
27,78,56,6,4.019,5.039
27,78,56,7,5.079,5.319
27,78,56,8,5.359,6.179
27,78,57,1,0.359,1.699
27,78,57,2,2.000,2.980
27,78,57,3,3.059,3.879
27,78,57,4,4.960,5.699
27,78,57,5,5.739,6.519
27,78,57,6,6.579,7.500
27,78,58,1,0.419,1.519
27,78,58,2,1.679,2.519
27,78,58,3,3.439,5.239
27,78,58,4,5.339,6.500
27,78,59,1,0.319,0.879
27,78,59,2,1.019,1.559
27,78,59,3,1.639,2.879
27,78,59,4,3.480,4.440
27,78,59,5,4.519,5.019
27,78,59,6,5.119,6.179
27,78,60,1,0.219,1.220
27,78,60,2,1.299,1.879
27,78,60,3,1.899,2.379
27,78,60,4,2.980,3.559
27,78,60,5,3.899,4.519
27,78,60,6,4.659,5.480
27,78,61,1,0.219,0.979
27,78,61,2,1.000,1.659
27,78,61,3,1.699,2.259
27,78,61,4,2.939,4.059
27,78,61,5,4.179,4.619
27,78,61,6,4.659,5.239
27,78,62,1,0.280,1.179
27,78,62,2,1.240,1.939
27,78,62,3,1.979,2.480
27,78,62,4,3.039,4.199
27,78,62,5,4.460,5.659
27,78,63,1,0.280,0.939
27,78,63,2,1.319,1.899
27,78,63,3,1.959,2.379
27,78,63,4,2.939,4.219
27,78,63,5,4.259,4.500
27,78,63,6,4.519,5.639
27,78,64,1,0.340,1.079
27,78,64,2,1.100,1.839
27,78,64,3,1.879,2.579
27,78,64,4,2.980,4.299
27,78,64,5,4.360,4.519
27,78,64,6,4.639,5.719
27,78,65,1,0.159,0.859
27,78,65,2,0.919,1.579
27,78,65,3,1.620,2.559
27,78,65,4,2.619,3.259
27,78,65,5,3.379,4.119
27,78,65,6,4.179,5.219
27,78,66,1,0.259,0.919
27,78,66,2,0.959,1.379
27,78,66,3,1.519,1.979
27,78,66,4,2.500,3.119
27,78,66,5,3.179,3.740
27,78,66,6,3.879,4.480
27,78,66,7,4.500,5.240
27,78,67,1,0.299,1.139
27,78,67,2,1.179,1.839
27,78,67,3,1.879,2.379
27,78,67,4,3.199,3.980
27,78,67,5,4.000,4.940
27,78,67,6,5.119,5.339
27,78,67,7,5.440,6.239
27,78,68,1,0.399,1.500
27,78,68,2,1.519,1.819
27,78,68,3,1.860,2.419
27,78,68,4,2.539,3.099
27,78,68,5,3.639,3.899
27,78,68,6,3.980,4.339
27,78,68,7,4.440,5.259
27,78,68,8,5.299,5.799
27,78,68,9,5.900,6.559
27,78,69,1,0.239,1.179
27,78,69,2,1.279,1.579
27,78,69,3,1.639,2.119
27,78,69,4,2.200,2.939
27,78,69,5,3.539,4.440
27,78,69,6,4.500,5.179
27,78,69,7,5.639,6.599
27,78,70,1,0.179,0.979
27,78,70,2,1.019,1.519
27,78,70,3,1.599,2.059
27,78,70,4,2.779,4.039
27,78,70,5,4.199,5.279
27,78,70,6,5.299,6.000
27,78,71,1,0.299,0.959
27,78,71,2,1.000,1.480
27,78,71,3,1.500,2.139
27,78,71,4,2.720,3.619
27,78,71,5,3.720,4.619
27,78,71,6,4.659,5.219
27,78,71,7,5.739,6.920
27,78,71,8,7.279,8.219
27,78,72,1,0.179,0.919
27,78,72,2,1.019,1.419
27,78,72,3,1.459,2.099
27,78,72,4,2.819,3.919
27,78,72,5,4.380,5.000
27,78,72,6,5.219,6.139
27,79,1,1,0.239,0.779
27,79,1,2,0.819,1.419
27,79,1,3,2.240,2.879
27,79,1,4,3.599,3.959
27,79,1,5,4.039,4.619
27,79,1,6,4.679,5.759
27,79,1,7,6.440,7.199
27,79,1,8,7.259,7.440
27,79,1,9,7.480,7.960
27,79,1,10,8.099,8.779
27,79,1,11,9.760,10.279
27,79,1,12,10.300,10.539
27,79,1,13,10.639,11.639
27,79,1,14,11.739,12.699
27,79,2,1,0.359,1.059
27,79,2,2,1.139,1.319
27,79,2,3,1.379,1.939
27,79,2,4,1.979,2.720
27,79,2,5,3.199,3.959
27,79,2,6,4.059,4.480
27,79,2,7,4.539,5.460
27,79,2,8,6.279,6.819
27,79,2,9,6.879,8.199
27,79,2,10,8.300,9.199
27,79,2,11,9.239,9.819
27,79,3,1,0.319,1.000
27,79,3,2,1.059,1.599
27,79,3,3,1.639,2.379
27,79,3,4,3.079,3.759
27,79,3,5,3.839,4.880
27,79,3,6,5.339,5.879
27,79,3,7,5.920,6.679
27,79,4,1,0.340,1.019
27,79,4,2,1.100,1.699
27,79,4,3,1.719,2.639
27,79,4,4,4.420,5.059
27,79,4,5,5.079,5.859
27,79,4,6,5.920,7.340
27,79,5,1,0.379,0.680
27,79,5,2,0.779,1.079
27,79,5,3,1.199,1.479
27,79,5,4,1.919,2.500
27,79,5,5,2.559,3.199
27,79,5,6,4.019,4.719
27,79,5,7,4.839,5.219
27,79,5,8,5.259,5.599
27,79,5,9,5.699,6.920
27,79,6,1,0.239,0.799
27,79,6,2,0.839,1.699
27,79,6,3,1.740,1.919
27,79,6,4,1.959,2.720
27,79,6,5,3.639,4.059
27,79,6,6,4.119,4.299
27,79,6,7,4.400,5.199
27,79,6,8,6.859,7.279
27,79,6,9,7.379,8.179
27,79,6,10,8.199,8.579
27,79,6,11,8.639,9.439
27,79,6,12,9.559,9.779
27,79,6,13,9.880,10.659
27,79,7,1,0.280,0.419
27,79,7,2,0.500,1.120
27,79,7,3,1.139,1.360
27,79,7,4,1.399,2.099
27,79,7,5,2.519,3.000
27,79,7,6,3.119,3.819
27,79,7,7,4.099,5.419
27,79,8,1,0.239,0.500
27,79,8,2,0.579,1.199
27,79,8,3,1.219,1.699
27,79,8,4,1.740,2.259
27,79,8,5,2.279,2.939
27,79,8,6,3.539,4.019
27,79,8,7,4.039,5.279
27,79,8,8,5.319,6.099
27,79,8,9,6.839,7.059
27,79,8,10,7.159,7.980
27,79,8,11,8.059,8.779
27,79,9,1,0.280,1.139
27,79,9,2,1.279,1.759
27,79,9,3,1.879,2.619
27,79,9,4,3.199,3.439
27,79,9,5,3.500,3.919
27,79,9,6,4.039,4.440
27,79,9,7,4.519,5.139
27,79,9,8,5.920,6.980
27,79,9,9,7.460,8.119
27,79,9,10,8.260,8.399
27,79,9,11,8.539,9.479
27,79,9,12,10.059,10.840
27,79,9,13,11.259,12.099
27,79,10,1,0.340,1.000
27,79,10,2,1.019,1.579
27,79,10,3,1.620,2.319
27,79,10,4,2.619,3.240
27,79,10,5,3.339,4.039
27,79,10,6,4.819,5.420
27,79,10,7,5.500,6.279
27,79,10,8,6.440,7.179
27,79,10,9,7.739,8.359
27,79,10,10,8.460,8.840
27,79,10,11,8.880,9.460
27,79,10,12,9.800,10.859
27,79,11,1,0.199,0.620
27,79,11,2,0.639,1.299
27,79,11,3,1.360,2.379
27,79,11,4,2.440,3.019
27,79,11,5,3.480,4.279
27,79,11,6,4.380,4.900
27,79,11,7,4.960,6.399
27,79,11,8,6.679,7.059
27,79,11,9,7.199,7.980
27,79,12,1,0.759,1.439
27,79,12,2,1.480,2.500
27,79,12,3,2.919,4.059
27,79,12,4,4.259,4.400
27,79,12,5,4.519,5.079
27,79,12,6,5.900,6.839
27,79,12,7,6.899,7.339
27,79,12,8,7.460,8.159
27,79,12,9,8.519,9.399
27,79,13,1,0.199,0.959
27,79,13,2,1.039,1.759
27,79,13,3,2.079,2.659
27,79,13,4,2.759,3.720
27,79,13,5,4.460,4.819
27,79,13,6,4.859,5.099
27,79,13,7,5.339,5.960
27,79,13,8,6.399,6.920
27,79,13,9,7.000,7.519
27,79,13,10,8.059,8.840
27,79,13,11,9.000,10.319
27,80,1,1,0.140,1.079
27,80,1,2,1.199,1.480
27,80,1,3,1.579,2.259
27,80,1,4,2.759,3.159
27,80,1,5,3.179,3.879
27,80,1,6,3.959,4.420
27,80,2,1,0.359,0.819
27,80,2,2,0.899,1.679
27,80,2,3,1.759,2.519
27,80,2,4,3.220,3.699
27,80,2,5,3.720,4.380
27,80,2,6,4.440,4.960
27,80,2,7,5.679,6.159
27,80,2,8,6.199,7.079
27,80,2,9,7.099,8.039
27,80,3,1,0.340,0.819
27,80,3,2,0.859,1.620
27,80,3,3,1.639,2.480
27,80,3,4,2.519,3.460
27,80,3,5,4.019,4.579
27,80,3,6,4.659,4.839
27,80,3,7,4.880,5.759
27,80,3,8,6.119,6.739
27,80,3,9,7.079,8.039
27,80,3,10,8.099,8.739
27,80,4,1,0.239,0.819
27,80,4,2,0.899,1.740
27,80,4,3,2.279,2.980
27,80,4,4,3.000,3.559
27,80,4,5,3.939,5.400
27,80,5,1,0.280,0.959
27,80,5,2,1.120,1.620
27,80,5,3,1.759,2.440
27,80,5,4,3.000,3.199
27,80,5,5,3.240,3.679
27,80,5,6,3.779,4.480
27,80,5,7,4.859,5.859
27,80,5,8,5.900,6.920
27,80,6,1,0.340,1.279
27,80,6,2,1.360,1.799
27,80,6,3,1.899,2.419
27,80,6,4,2.960,3.980
27,80,6,5,4.019,4.779
27,80,6,6,4.859,5.639
27,80,7,1,0.280,1.159
27,80,7,2,1.259,1.719
27,80,7,3,1.839,2.679
27,80,7,4,3.399,4.579
27,80,7,5,4.880,5.719
27,80,7,6,5.779,6.480
27,80,8,1,0.340,1.000
27,80,8,2,1.059,1.719
27,80,8,3,1.759,2.579
27,80,8,4,3.099,3.919
27,80,8,5,3.959,4.460
27,80,8,6,4.880,6.480
27,80,9,1,0.340,0.939
27,80,9,2,0.979,2.000
27,80,9,3,2.159,3.000
27,80,9,4,3.559,4.199
27,80,9,5,4.219,5.000
27,80,9,6,5.139,6.899
27,80,10,1,0.280,0.979
27,80,10,2,1.220,2.039
27,80,10,3,2.599,3.899
27,80,10,4,3.959,4.920
27,80,10,5,5.500,6.719
27,80,10,6,7.039,7.860
27,80,11,1,0.359,0.979
27,80,11,2,1.000,1.480
27,80,11,3,1.679,2.279
27,80,11,4,3.000,4.059
27,80,11,5,4.460,4.980
27,80,11,6,5.139,5.759
27,80,12,1,0.319,1.059
27,80,12,2,1.159,1.759
27,80,12,3,1.959,2.180
27,80,12,4,2.220,2.480
27,80,12,5,3.240,3.720
27,80,12,6,3.740,4.319
27,80,12,7,4.440,5.659
27,80,13,1,0.359,1.019
27,80,13,2,1.039,1.599
27,80,13,3,1.839,2.599
27,80,13,4,3.319,4.199
27,80,13,5,4.339,4.639
27,80,13,6,4.679,5.099
27,80,13,7,5.219,6.059
27,80,14,1,0.319,1.779
27,80,14,2,1.919,2.759
27,80,14,3,2.960,3.799
27,80,14,4,4.880,5.819
27,80,14,5,5.859,6.539
27,80,14,6,6.779,7.920
27,80,15,1,0.239,0.859
27,80,15,2,1.019,1.839
27,80,15,3,2.099,2.399
27,80,15,4,2.419,2.619
27,80,15,5,3.159,3.740
27,80,15,6,3.819,4.940
27,80,15,7,5.000,5.599
27,80,15,8,6.139,6.980
27,80,15,9,7.039,7.519
27,80,15,10,7.579,8.099
27,80,16,1,0.379,1.179
27,80,16,2,1.279,1.679
27,80,16,3,1.779,2.399
27,80,16,4,2.500,3.299
27,80,16,5,4.000,4.500
27,80,16,6,4.539,4.900
27,80,16,7,4.960,5.719
27,80,16,8,5.739,6.320
27,80,17,1,0.379,1.079
27,80,17,2,1.179,1.719
27,80,17,3,1.860,2.519
27,80,17,4,3.379,4.380
27,80,17,5,4.440,4.920
27,80,17,6,5.139,6.059
27,80,18,1,0.259,0.680
27,80,18,2,0.699,1.059
27,80,18,3,1.220,1.379
27,80,18,4,1.480,1.719
27,80,18,5,1.839,2.539
27,80,18,6,3.199,3.539
27,80,18,7,3.579,3.759
27,80,18,8,3.819,4.519
27,80,18,9,4.539,5.199
27,80,18,10,5.299,5.819
27,80,19,1,0.239,0.599
27,80,19,2,0.659,1.259
27,80,19,3,1.399,2.240
27,80,19,4,2.839,3.759
27,80,19,5,4.059,5.139
27,80,19,6,5.259,6.059
27,80,20,1,0.199,0.559
27,80,20,2,0.979,1.439
27,80,20,3,1.559,2.220
27,80,20,4,2.519,3.399
27,80,20,5,3.919,4.579
27,80,20,6,4.759,5.439
27,80,20,7,5.799,7.340
27,81,1,1,0.059,0.779
27,81,1,2,0.859,1.319
27,81,1,3,1.360,2.480
27,81,1,4,2.539,3.240
27,81,2,1,0.319,1.199
27,81,2,2,1.279,1.860
27,81,2,3,1.939,2.899
27,81,2,4,3.299,3.939
27,81,2,5,4.000,4.559
27,81,2,6,4.659,5.539
27,81,3,1,0.259,0.719
27,81,3,2,0.740,1.299
27,81,3,3,1.459,1.899
27,81,3,4,2.039,2.379
27,81,3,5,2.859,3.539
27,81,3,6,3.559,4.219
27,81,3,7,4.279,4.420
27,81,3,8,4.559,5.300
27,81,4,1,0.199,0.759
27,81,4,2,0.839,1.620
27,81,4,3,1.639,2.240
27,81,4,4,2.779,3.639
27,81,4,5,3.720,4.199
27,81,4,6,4.239,5.220
27,81,5,1,0.280,0.439
27,81,5,2,0.579,0.979
27,81,5,3,1.000,1.939
27,81,5,4,1.959,2.179
27,81,5,5,2.799,3.679
27,81,5,6,3.740,4.279
27,81,5,7,4.380,5.359
27,81,6,1,0.340,1.000
27,81,6,2,1.279,2.000
27,81,6,3,2.159,2.639
27,81,6,4,3.199,3.839
27,81,6,5,3.879,4.099
27,81,6,6,4.159,4.639
27,81,6,7,4.759,5.699
27,81,6,8,6.259,6.940
27,81,6,9,7.019,7.199
27,81,6,10,7.259,8.119
27,81,6,11,8.179,9.059
27,81,7,1,0.239,1.139
27,81,7,2,1.220,2.079
27,81,7,3,2.119,2.759
27,81,7,4,3.399,4.199
27,81,7,5,4.400,5.039
27,81,7,6,5.159,6.320
27,81,8,1,0.259,1.079
27,81,8,2,1.199,1.719
27,81,8,3,2.000,3.519
27,81,8,4,4.159,4.960
27,81,8,5,5.099,5.940
27,81,8,6,6.039,6.619
27,81,8,7,7.259,8.359
27,81,8,8,8.819,9.039
27,81,8,9,9.179,9.460
27,81,8,10,9.579,10.300
27,81,8,11,10.519,11.059
27,81,9,1,0.399,0.919
27,81,9,2,1.039,1.559
27,81,9,3,1.620,2.440
27,81,9,4,2.480,2.759
27,81,9,5,3.619,4.400
27,81,9,6,4.679,4.839
27,81,9,7,4.960,5.639
27,81,9,8,5.659,6.179
27,81,10,1,0.299,0.639
27,81,10,2,0.719,1.159
27,81,10,3,1.179,1.459
27,81,10,4,1.719,1.959
27,81,10,5,2.059,2.440
27,81,10,6,3.119,3.359
27,81,10,7,3.519,4.299
27,81,10,8,4.440,4.980
27,81,10,9,5.059,5.960
27,81,11,1,0.299,1.179
27,81,11,2,1.279,1.619
27,81,11,3,1.620,2.859
27,81,11,4,3.379,4.539
27,81,11,5,4.639,5.380
27,81,11,6,5.480,6.399
27,81,11,7,7.039,7.639
27,81,11,8,7.799,8.159
27,81,11,9,8.840,10.439
27,81,12,1,0.359,0.740
27,81,12,2,0.899,1.439
27,81,12,3,1.480,1.979
27,81,12,4,2.059,2.539
27,81,12,5,3.220,4.279
27,81,12,6,4.360,4.519
27,81,12,7,4.759,5.199
27,81,12,8,5.219,5.719
27,81,13,1,0.280,2.000
27,81,13,2,2.079,2.899
27,81,13,3,3.000,3.539
27,81,13,4,4.319,5.139
27,81,13,5,5.199,6.980
27,81,14,1,0.359,0.680
27,81,14,2,0.799,1.259
27,81,14,3,1.339,1.939
27,81,14,4,1.959,2.220
27,81,14,5,3.179,3.980
27,81,14,6,4.099,4.900
27,81,14,7,4.920,6.139
27,81,15,1,0.199,0.899
27,81,15,2,0.979,1.559
27,81,15,3,1.599,2.460
27,81,15,4,3.119,3.500
27,81,15,5,3.619,4.420
27,81,15,6,4.699,5.199
27,81,15,7,5.259,5.900
27,81,16,1,0.379,1.199
27,81,16,2,1.219,1.539
27,81,16,3,1.819,2.879
27,81,16,4,2.899,3.159
27,81,16,5,3.899,4.239
27,81,16,6,4.339,5.079
27,81,16,7,5.199,6.059
27,81,17,1,0.579,1.979
27,81,17,2,2.000,2.599
27,81,17,3,2.659,3.259
27,81,17,4,3.919,4.759
27,81,17,5,5.279,5.960
27,81,17,6,6.159,7.519
27,82,1,1,0.340,0.979
27,82,1,2,1.019,1.679
27,82,1,3,2.700,3.460
27,82,1,4,3.599,4.380
27,82,1,5,4.480,5.119
27,82,1,6,5.179,5.500
27,82,1,7,6.319,7.139
27,82,1,8,7.219,7.859
27,82,1,9,7.899,8.879
27,82,2,1,0.340,0.579
27,82,2,2,0.620,1.019
27,82,2,3,1.139,1.759
27,82,2,4,1.779,2.319
27,82,2,5,2.980,3.439
27,82,2,6,3.480,4.219
27,82,2,7,4.739,5.579
27,82,2,8,5.859,6.460
27,82,3,1,0.359,0.939
27,82,3,2,0.979,1.299
27,82,3,3,1.379,1.979
27,82,3,4,2.679,3.039
27,82,3,5,3.119,3.720
27,82,3,6,3.799,4.940
27,82,4,1,0.399,1.120
27,82,4,2,1.159,1.539
27,82,4,3,1.620,2.319
27,82,4,4,3.199,3.839
27,82,4,5,3.899,4.719
27,82,4,6,4.759,5.820
27,82,5,1,0.639,0.899
27,82,5,2,1.000,1.579
27,82,5,3,1.659,2.000
27,82,5,4,2.099,2.720
27,82,5,5,3.319,4.199
27,82,5,6,4.380,5.500
27,82,5,7,6.119,7.019
27,82,5,8,7.199,7.500
27,82,5,9,7.659,8.359
27,82,5,10,8.420,9.199
27,82,6,1,0.319,0.779
27,82,6,2,0.799,1.620
27,82,6,3,1.959,2.500
27,82,6,4,2.599,3.119
27,82,6,5,3.679,4.179
27,82,6,6,4.279,4.880
27,82,6,7,5.239,6.380
27,82,7,1,0.319,0.719
27,82,7,2,0.779,1.500
27,82,7,3,1.539,2.220
27,82,7,4,2.899,3.799
27,82,7,5,3.819,4.579
27,82,7,6,4.739,5.760
27,82,8,1,0.239,0.759
27,82,8,2,0.939,2.000
27,82,8,3,2.119,2.740
27,82,8,4,2.779,3.639
27,82,8,5,4.239,4.319
27,82,8,6,4.679,5.380
27,82,8,7,5.599,6.339
27,82,8,8,6.440,6.920
27,82,8,9,6.960,7.920
27,83,1,1,0.280,0.500
27,83,1,2,0.599,1.019
27,83,1,3,1.059,1.699
27,83,2,1,0.340,1.039
27,83,2,2,1.379,1.699
27,83,2,3,1.879,2.299
27,83,2,4,2.319,2.659
27,83,2,5,3.599,3.899
27,83,2,6,4.039,4.739
27,83,2,7,4.799,5.159
27,83,2,8,5.279,6.079
27,83,2,9,6.159,6.559
27,83,3,1,0.239,0.399
27,83,3,2,0.459,0.859
27,83,3,3,0.919,1.639
27,83,3,4,1.899,2.799
27,83,3,5,3.899,4.980
27,83,3,6,5.400,6.019
27,83,3,7,6.099,6.679
27,83,4,1,0.299,0.519
27,83,4,2,0.579,1.139
27,83,4,3,1.319,2.019
27,83,4,4,2.059,2.399
27,83,4,5,3.240,4.599
27,83,4,6,4.719,5.059
27,83,4,7,5.159,6.239
27,83,5,1,0.219,0.839
27,83,5,2,1.439,1.959
27,83,5,3,1.979,2.960
27,83,5,4,3.039,3.740
27,83,5,5,4.500,4.799
27,83,5,6,4.940,5.940
27,83,5,7,6.079,6.379
27,83,5,8,6.420,7.299
27,83,5,9,7.359,7.799
27,83,6,1,0.199,0.399
27,83,6,2,0.439,1.120
27,83,6,3,1.139,1.439
27,83,6,4,1.500,2.099
27,83,6,5,3.019,3.699
27,83,6,6,4.259,4.739
27,83,6,7,4.839,5.840
27,83,7,1,0.199,0.859
27,83,7,2,0.919,1.360
27,83,7,3,1.459,2.720
27,83,7,4,3.460,4.400
27,83,7,5,4.500,5.400
27,83,8,1,0.319,0.879
27,83,8,2,0.979,1.759
27,83,8,3,2.019,2.740
27,83,8,4,3.480,4.480
27,83,8,5,4.500,4.779
27,83,8,6,4.839,5.400
27,83,8,7,5.500,6.059
27,83,9,1,0.219,0.479
27,83,9,2,0.500,1.039
27,83,9,3,1.120,1.559
27,83,9,4,1.579,2.079
27,83,9,5,2.539,2.879
27,83,9,6,2.960,3.519
27,83,9,7,3.559,4.079
27,83,9,8,4.099,4.579
27,83,9,9,4.719,5.199
27,83,10,1,0.340,0.819
27,83,10,2,0.919,1.419
27,83,10,3,1.459,2.879
27,83,10,4,2.939,3.919
27,83,10,5,3.959,5.019
27,83,10,6,5.099,5.799
27,83,10,7,5.839,6.479
27,83,11,1,0.280,1.059
27,83,11,2,1.139,1.500
27,83,11,3,1.679,2.099
27,83,11,4,3.059,3.439
27,83,11,5,3.639,4.139
27,83,11,6,4.219,5.159
27,83,12,1,0.979,1.759
27,83,12,2,1.879,2.839
27,83,12,3,3.119,3.859
27,83,12,4,3.959,4.880
27,83,12,5,6.079,7.179
27,83,12,6,7.239,8.739
27,83,12,7,9.439,10.099
27,83,12,8,10.159,11.199
27,83,13,1,0.119,0.639
27,83,13,2,0.740,1.740
27,83,13,3,1.759,2.460
27,83,13,4,2.619,3.079
27,83,13,5,3.259,3.460
27,83,13,6,3.519,4.059
27,83,13,7,4.159,4.940
27,83,14,1,0.199,0.939
27,83,14,2,1.339,2.180
27,83,14,3,2.240,3.299
27,83,14,4,4.019,4.719
27,83,14,5,4.819,5.339
27,83,14,6,5.380,6.059
27,83,15,1,0.199,0.719
27,83,15,2,0.740,1.240
27,83,15,3,1.339,1.939
27,83,15,4,2.700,3.699
27,83,15,5,3.919,4.539
27,83,15,6,4.599,5.240
27,83,16,1,0.199,0.599
27,83,16,2,0.719,1.759
27,83,16,3,1.819,2.899
27,83,16,4,3.859,5.099
27,83,16,5,5.119,6.420
27,83,17,1,0.359,0.839
27,83,17,2,0.919,1.519
27,83,17,3,1.579,2.059
27,83,17,4,2.659,3.439
27,83,17,5,3.539,4.179
27,83,17,6,4.199,5.119
27,83,18,1,0.259,1.059
27,83,18,2,1.139,2.339
27,83,18,3,2.419,2.700
27,83,18,4,2.740,3.039
27,83,18,5,3.779,4.699
27,83,18,6,4.719,5.820
27,83,19,1,0.159,0.759
27,83,19,2,0.879,0.979
27,83,19,3,1.079,1.480
27,83,19,4,1.659,2.259
27,83,19,5,2.359,2.379
27,83,19,6,2.960,3.819
27,83,19,7,4.599,5.380
27,83,19,8,5.739,5.960
27,83,19,9,6.119,6.399
27,83,19,10,6.440,7.440
27,84,1,1,0.079,0.879
27,84,1,2,0.899,1.000
27,84,1,3,1.019,1.860
27,84,1,4,1.899,2.200
27,84,1,5,2.279,2.639
27,84,1,6,2.700,3.240
27,84,2,1,0.219,0.579
27,84,2,2,0.620,1.319
27,84,2,3,1.419,2.440
27,84,2,4,2.619,2.759
27,84,2,5,3.259,4.039
27,84,3,1,0.379,1.199
27,84,3,2,1.279,1.679
27,84,3,3,1.959,2.480
27,84,3,4,2.639,3.119
27,84,3,5,3.659,4.579
27,84,3,6,4.779,5.519
27,84,3,7,5.679,6.259
27,84,3,8,6.399,7.059
27,84,3,9,7.859,8.739
27,84,3,10,9.019,9.380
27,84,3,11,9.460,9.719
27,84,3,12,9.779,10.439
27,84,4,1,0.239,0.519
27,84,4,2,0.620,1.220
27,84,4,3,1.360,2.079
27,84,4,4,2.220,2.759
27,84,4,5,3.299,4.019
27,84,4,6,4.199,4.500
27,84,4,7,4.619,4.859
27,84,4,8,5.559,6.119
27,84,4,9,6.259,6.940
27,84,4,10,6.980,7.799
27,84,4,11,8.439,8.720
27,84,4,12,8.800,9.859
27,84,4,13,10.179,10.300
27,84,4,14,10.960,11.619
27,84,4,15,12.159,12.679
27,84,4,16,12.819,13.759
27,84,5,1,0.179,0.879
27,84,5,2,0.979,1.539
27,84,5,3,1.620,2.240
27,84,5,4,2.819,3.159
27,84,5,5,3.259,4.259
27,84,5,6,4.279,4.819
27,84,6,1,0.359,0.939
27,84,6,2,1.000,1.620
27,84,6,3,1.659,2.019
27,84,6,4,2.099,2.259
27,84,6,5,2.399,2.659
27,84,6,6,3.319,4.400
27,84,6,7,4.440,5.659
27,84,7,1,0.239,0.839
27,84,7,2,0.939,1.599
27,84,7,3,1.659,2.480
27,84,7,4,3.059,3.899
27,84,7,5,4.039,5.039
27,84,7,6,5.940,6.259
27,84,7,7,6.339,7.099
27,84,7,8,7.259,7.819
27,84,7,9,7.879,8.559
27,84,8,1,0.259,0.919
27,84,8,2,0.959,1.719
27,84,8,3,1.899,2.159
27,84,8,4,2.220,2.819
27,84,8,5,3.500,4.139
27,84,8,6,4.319,4.579
27,84,8,7,4.759,5.420
27,84,8,8,5.539,6.679
27,84,9,1,0.280,0.459
27,84,9,2,1.179,1.679
27,84,9,3,1.839,2.539
27,84,9,4,2.939,3.559
27,84,9,5,3.679,4.579
27,84,9,6,5.339,6.179
27,84,9,7,6.359,6.859
27,84,9,8,6.879,7.699
27,84,9,9,8.000,8.460
27,84,10,1,0.359,1.240
27,84,10,2,1.279,1.740
27,84,10,3,1.759,2.419
27,84,10,4,3.079,3.899
27,84,10,5,4.079,4.500
27,84,10,6,4.539,5.760
27,84,11,1,0.340,0.459
27,84,11,2,0.620,1.079
27,84,11,3,1.220,1.500
27,84,11,4,1.599,2.480
27,84,11,5,2.859,3.699
27,84,11,6,4.400,5.039
27,84,11,7,5.099,6.079
27,84,11,8,6.159,6.679
27,84,11,9,6.739,8.059
27,84,11,10,8.199,8.880
27,84,11,11,9.479,10.439
27,84,11,12,10.639,11.439
27,84,12,1,0.299,0.479
27,84,12,2,0.579,1.179
27,84,12,3,1.240,1.879
27,84,12,4,1.899,2.059
27,84,12,5,2.639,3.199
27,84,12,6,3.699,4.019
27,84,12,7,4.099,4.779
27,84,12,8,4.880,5.559
27,84,12,9,5.579,6.959
27,84,12,10,7.119,7.319
27,84,12,11,7.480,8.000
27,84,12,12,8.119,8.420
27,84,12,13,8.479,9.159
27,84,12,14,9.279,10.260
27,84,13,1,0.219,0.579
27,84,13,2,1.120,1.819
27,84,13,3,2.339,2.919
27,84,13,4,3.059,3.859
27,84,13,5,3.959,4.259
27,84,13,6,4.799,5.480
27,85,1,1,0.199,1.240
27,85,1,2,1.279,1.639
27,85,1,3,1.659,1.979
27,85,1,4,2.039,2.579
27,85,2,1,0.299,1.039
27,85,2,2,1.059,1.339
27,85,2,3,1.340,2.759
27,85,2,4,3.740,4.159
27,85,2,5,4.420,4.940
27,85,2,6,5.019,5.960
27,85,3,1,0.280,0.939
27,85,3,2,0.959,1.539
27,85,3,3,1.579,2.359
27,85,3,4,3.179,3.899
27,85,3,5,4.219,4.679
27,85,3,6,4.739,5.579
27,85,3,7,5.699,6.159
27,85,4,1,0.299,1.000
27,85,4,2,1.279,1.579
27,85,4,3,1.620,2.559
27,85,4,4,3.339,4.179
27,85,4,5,4.759,5.440
27,85,4,6,5.639,6.659
27,85,5,1,0.259,0.939
27,85,5,2,1.059,1.639
27,85,5,3,1.679,2.500
27,85,5,4,3.039,3.699
27,85,5,5,3.899,4.759
27,85,5,6,4.779,5.820
27,85,6,1,0.239,1.039
27,85,6,2,1.179,1.839
27,85,6,3,1.860,2.339
27,85,6,4,3.119,3.699
27,85,6,5,3.799,4.279
27,85,6,6,4.659,5.059
27,85,6,7,5.119,6.059
27,85,7,1,0.239,0.539
27,85,7,2,0.560,0.979
27,85,7,3,1.059,1.659
27,85,7,4,1.740,2.639
27,85,7,5,3.299,4.039
27,85,7,6,4.739,5.799
27,85,7,7,5.920,6.500
27,85,8,1,0.219,1.159
27,85,8,2,1.179,1.480
27,85,8,3,1.899,2.519
27,85,8,4,3.240,4.319
27,85,8,5,4.519,5.159
27,85,8,6,5.179,5.960
27,85,9,1,0.239,0.959
27,85,9,2,1.039,1.220
27,85,9,3,1.279,1.979
27,85,9,4,2.039,2.759
27,85,9,5,3.019,3.699
27,85,9,6,4.420,4.579
27,85,9,7,4.599,5.239
27,85,9,8,5.380,5.960
27,85,9,9,6.359,6.539
27,85,9,10,6.599,7.139
27,85,9,11,7.259,7.639
27,85,9,12,7.759,8.779
27,85,9,13,9.340,9.840
27,85,9,14,9.960,10.739
27,85,9,15,11.019,12.119
27,85,10,1,0.219,0.479
27,85,10,2,0.519,1.039
27,85,10,3,1.079,1.740
27,85,10,4,1.779,2.460
27,85,10,5,3.079,3.740
27,85,10,6,3.779,4.360
27,85,10,7,4.400,5.719
27,85,11,1,0.379,1.019
27,85,11,2,1.039,1.620
27,85,11,3,1.719,2.599
27,85,11,4,3.220,3.759
27,85,11,5,3.819,4.559
27,85,11,6,4.619,5.639
27,85,12,1,0.280,0.819
27,85,12,2,0.939,1.759
27,85,12,3,1.819,2.399
27,85,12,4,2.939,3.799
27,85,12,5,3.919,4.880
27,85,12,6,5.000,5.820
27,85,13,1,0.319,0.799
27,85,13,2,0.839,0.979
27,85,13,3,1.599,2.139
27,85,13,4,2.200,2.779
27,85,13,5,3.539,4.480
27,85,13,6,4.900,5.679
27,85,13,7,5.739,6.659
27,85,14,1,0.259,0.959
27,85,14,2,0.979,1.620
27,85,14,3,1.679,2.379
27,85,14,4,3.299,4.099
27,85,14,5,4.199,4.980
27,85,14,6,5.179,6.139
27,86,1,1,0.059,0.719
27,86,1,2,0.799,1.299
27,86,1,3,3.039,3.659
27,86,1,4,3.699,3.819
27,86,1,5,4.539,5.059
27,86,1,6,5.359,6.019
27,86,1,7,6.679,6.879
27,86,1,8,6.960,7.480
27,86,1,9,7.559,8.579
27,86,1,10,8.639,9.339
27,86,2,1,0.379,0.939
27,86,2,2,1.039,1.559
27,86,2,3,1.659,1.819
27,86,2,4,1.860,2.359
27,86,2,5,2.599,2.980
27,86,2,6,3.779,4.420
27,86,2,7,4.480,5.179
27,86,2,8,5.579,6.179
27,86,2,9,6.399,7.099
27,86,2,10,7.539,8.639
27,86,2,11,8.699,9.539
27,86,3,1,0.179,0.819
27,86,3,2,0.839,1.620
27,86,3,3,2.200,2.359
27,86,3,4,2.399,3.099
27,86,3,5,3.259,3.819
27,86,3,6,3.980,4.219
27,86,3,7,4.259,5.119
27,86,4,1,0.319,0.740
27,86,4,2,1.259,1.799
27,86,4,3,1.819,2.579
27,86,4,4,3.240,3.460
27,86,4,5,3.480,4.039
27,86,4,6,4.360,5.319
27,86,4,7,5.380,6.139
27,86,4,8,6.199,7.099
27,86,5,1,0.259,0.419
27,86,5,2,0.560,1.319
27,86,5,3,1.339,2.079
27,86,5,4,2.299,2.699
27,86,5,5,2.740,3.519
27,86,5,6,4.239,4.719
27,86,5,7,4.739,5.339
27,86,5,8,5.420,5.960
27,86,5,9,6.000,7.099
27,86,6,1,0.239,1.100
27,86,6,2,1.220,1.500
27,86,6,3,1.959,2.839
27,86,6,4,3.399,4.539
27,86,6,5,4.599,5.139
27,86,6,6,5.299,6.659
27,86,7,1,0.259,0.839
27,86,7,2,1.000,1.659
27,86,7,3,1.819,2.960
27,86,7,4,3.579,3.879
27,86,7,5,4.079,5.119
27,86,8,1,0.299,0.699
27,86,8,2,0.819,1.399
27,86,8,3,1.620,2.500
27,86,8,4,2.559,3.279
27,86,8,5,3.720,4.339
27,86,8,6,4.460,5.819
27,86,9,1,0.199,0.579
27,86,9,2,0.639,1.179
27,86,9,3,1.220,1.659
27,86,9,4,1.719,2.319
27,86,9,5,3.019,3.659
27,86,9,6,3.720,5.139
27,86,9,7,5.259,5.940
27,86,9,8,6.219,6.879
27,86,9,9,7.399,8.460
27,86,9,10,8.599,9.720
27,86,10,1,0.159,0.359
27,86,10,2,0.399,0.959
27,86,10,3,1.120,1.659
27,86,10,4,2.220,2.859
27,86,10,5,2.980,3.879
27,86,10,6,4.319,5.099
27,86,10,7,5.179,5.879
27,86,10,8,5.980,7.259
27,86,11,1,0.280,1.000
27,86,11,2,1.100,1.399
27,86,11,3,1.919,2.759
27,86,11,4,3.339,4.199
27,86,11,5,4.299,5.419
27,86,11,6,6.319,6.879
27,86,11,7,6.960,7.579
27,86,11,8,8.019,8.920
27,86,11,9,9.079,10.139
27,86,12,1,0.219,0.680
27,86,12,2,0.919,1.519
27,86,12,3,1.659,2.240
27,86,12,4,2.339,2.720
27,86,12,5,2.819,3.399
27,86,12,6,4.199,5.239
27,86,12,7,5.380,6.079
27,86,12,8,6.299,7.259
27,86,13,1,0.280,0.500
27,86,13,2,0.560,1.399
27,86,13,3,1.539,2.039
27,86,13,4,2.079,2.559
27,86,13,5,3.139,3.980
27,86,13,6,4.139,4.759
27,86,13,7,5.099,5.859
27,86,13,8,6.139,7.440
27,86,14,1,0.319,1.019
27,86,14,2,1.679,2.200
27,86,14,3,2.379,2.839
27,86,14,4,2.859,3.339
27,86,14,5,3.859,4.440
27,86,14,6,4.519,5.179
27,86,14,7,5.319,5.859
27,86,14,8,5.920,6.440
27,86,14,9,7.039,7.480
27,86,14,10,7.599,8.179
27,86,14,11,8.439,9.420
27,86,15,1,0.280,1.159
27,86,15,2,1.299,2.139
27,86,15,3,2.259,2.579
27,86,15,4,2.659,3.159
27,86,15,5,3.240,3.939
27,86,15,6,4.559,5.079
27,86,15,7,5.179,6.039
27,86,15,8,6.059,6.519
27,86,15,9,6.579,7.299
27,86,15,10,7.359,8.219
27,86,16,1,0.299,0.680
27,86,16,2,0.799,1.360
27,86,16,3,1.439,2.419
27,86,16,4,3.139,3.559
27,86,16,5,3.579,4.440
27,86,16,6,4.480,5.460
27,86,16,7,6.039,7.059
27,86,16,8,7.500,8.079
27,86,16,9,8.300,9.339
27,86,17,1,0.379,0.979
27,86,17,2,1.100,1.659
27,86,17,3,1.860,2.299
27,86,17,4,2.359,3.000
27,86,17,5,3.740,4.380
27,86,17,6,4.480,5.159
27,86,17,7,5.239,6.179
27,86,17,8,6.759,6.980
27,86,17,9,7.119,7.879
27,86,17,10,7.940,8.199
27,86,17,11,9.139,10.199
27,86,17,12,10.319,11.939
27,87,1,1,0.099,0.459
27,87,1,2,0.539,0.919
27,87,1,3,1.000,1.439
27,87,1,4,1.539,1.939
27,87,1,5,3.419,4.480
27,87,1,6,4.980,5.779
27,87,1,7,5.799,6.379
27,87,2,1,0.280,0.779
27,87,2,2,0.939,1.019
27,87,2,3,1.559,2.019
27,87,2,4,2.159,2.759
27,87,2,5,3.639,4.420
27,87,2,6,4.519,5.299
27,87,2,7,5.400,6.319
27,87,3,1,0.299,1.199
27,87,3,2,1.240,1.819
27,87,3,3,1.919,2.259
27,87,3,4,3.119,3.659
27,87,3,5,3.699,4.579
27,87,3,6,4.739,5.159
27,87,4,1,0.579,1.339
27,87,4,2,1.679,2.379
27,87,4,3,2.559,3.240
27,87,4,4,3.899,4.839
27,87,4,5,5.480,6.199
27,87,4,6,6.279,7.079
27,87,4,7,7.159,7.819
27,87,4,8,7.940,8.119
27,87,4,9,8.239,8.579
27,87,4,10,9.300,9.759
27,87,4,11,9.899,10.460
27,87,4,12,10.559,11.099
27,87,5,1,0.280,1.360
27,87,5,2,1.919,2.720
27,87,5,3,3.199,3.539
27,87,5,4,3.619,4.219
27,87,5,5,4.319,4.859
27,87,5,6,4.960,5.259
27,87,5,7,5.940,6.399
27,87,5,8,6.480,7.599
27,87,5,9,7.679,8.559
27,87,6,1,0.319,0.519
27,87,6,2,1.480,2.279
27,87,6,3,2.379,2.960
27,87,6,4,3.059,3.559
27,87,6,5,4.420,4.679
27,87,6,6,4.880,5.359
27,87,6,7,5.500,5.960
27,87,6,8,6.259,6.799
27,87,7,1,0.359,1.059
27,87,7,2,1.199,2.079
27,87,7,3,2.839,3.539
27,87,7,4,3.579,4.460
27,87,7,5,4.759,5.359
27,88,1,1,0.280,0.639
27,88,1,2,0.740,1.259
27,88,1,3,1.339,1.659
27,88,1,4,1.740,2.180
27,88,1,5,2.899,3.919
27,88,1,6,3.939,4.139
27,88,1,7,4.319,4.839
27,88,1,8,4.859,5.500
27,88,1,9,6.079,6.679
27,88,1,10,6.739,7.259
27,88,1,11,7.299,8.039
27,88,2,1,0.299,0.659
27,88,2,2,1.220,1.719
27,88,2,3,1.819,2.639
27,88,2,4,3.460,3.740
27,88,2,5,3.919,4.619
27,88,2,6,4.719,5.480
27,88,2,7,5.539,6.500
27,88,3,1,0.219,0.699
27,88,3,2,0.759,1.399
27,88,3,3,1.519,2.579
27,88,3,4,3.279,3.819
27,88,3,5,3.939,4.400
27,88,3,6,4.819,5.960
27,88,4,1,0.119,0.159
27,88,4,2,0.160,0.699
27,88,4,3,0.759,1.339
27,88,4,4,1.360,1.879
27,88,4,5,2.519,3.439
27,88,4,6,3.879,4.659
27,88,4,7,4.739,5.820
27,88,5,1,0.340,1.360
27,88,5,2,1.419,1.639
27,88,5,3,1.679,2.019
27,88,5,4,2.079,2.480
27,88,5,5,3.379,4.059
27,88,5,6,4.099,5.099
27,88,5,7,5.139,5.359
27,88,5,8,5.519,6.419
27,88,6,1,0.299,1.039
27,88,6,2,1.179,1.799
27,88,6,3,2.379,2.759
27,88,6,4,2.799,3.419
27,88,6,5,3.579,4.199
27,88,6,6,4.259,4.739
27,88,6,7,5.319,5.819
27,88,6,8,5.920,6.099
27,88,6,9,6.219,6.980
27,88,6,10,7.039,7.339
27,88,6,11,8.139,8.859
27,88,6,12,9.359,10.279
27,88,6,13,10.500,11.619
27,88,7,1,0.319,1.079
27,88,7,2,1.179,1.599
27,88,7,3,1.740,2.659
27,88,7,4,3.279,4.579
27,88,7,5,4.679,5.720
27,88,8,1,0.340,0.719
27,88,8,2,1.039,1.659
27,88,8,3,1.779,2.539
27,88,8,4,4.699,5.179
27,88,8,5,5.259,6.039
27,88,8,6,6.259,7.000
27,88,8,7,7.239,7.759
27,88,9,1,0.280,1.019
27,88,9,2,1.259,2.359
27,88,9,3,2.399,3.179
27,88,9,4,3.619,4.460
27,88,9,5,4.559,5.299
27,88,9,6,5.420,5.920
27,88,9,7,6.460,6.980
27,88,9,8,7.399,7.799
27,88,9,9,7.960,8.739
27,88,10,1,0.280,0.899
27,88,10,2,1.019,1.659
27,88,10,3,1.759,2.180
27,88,10,4,2.220,2.700
27,88,10,5,3.460,4.179
27,88,10,6,4.259,4.299
27,88,10,7,5.139,5.579
27,88,10,8,5.599,5.920
27,88,10,9,6.639,7.539
27,88,10,10,7.759,8.239
27,88,10,11,8.500,9.419
27,88,11,1,0.219,1.179
27,88,11,2,1.279,1.799
27,88,11,3,1.919,2.299
27,88,11,4,3.079,3.299
27,88,11,5,3.359,4.019
27,88,11,6,4.119,4.900
27,88,11,7,4.940,5.539
27,88,11,8,5.799,6.339
27,88,12,1,0.239,1.299
27,88,12,2,1.319,2.099
27,88,12,3,2.159,2.899
27,88,12,4,3.699,4.519
27,88,12,5,4.859,6.059
27,88,13,1,0.239,1.299
27,88,13,2,1.339,2.119
27,88,13,3,2.240,3.079
27,88,13,4,3.619,4.920
27,88,13,5,5.019,5.859
27,88,13,6,6.000,7.019
27,88,14,1,0.219,0.839
27,88,14,2,1.019,1.559
27,88,14,3,1.819,1.939
27,88,14,4,2.819,3.720
27,88,14,5,4.440,5.500
27,88,14,6,5.659,5.940
27,88,14,7,6.779,8.220
27,88,15,1,0.319,0.939
27,88,15,2,0.959,1.220
27,88,15,3,1.639,2.180
27,88,15,4,2.200,2.819
27,88,15,5,3.259,3.919
27,88,15,6,4.099,4.599
27,88,15,7,4.759,5.960
27,88,16,1,0.299,0.899
27,88,16,2,1.059,1.439
27,88,16,3,1.500,2.019
27,88,16,4,2.339,3.179
27,88,16,5,3.879,4.859
27,88,16,6,4.900,5.719
27,88,16,7,5.779,6.659
27,88,17,1,0.359,0.939
27,88,17,2,1.039,1.639
27,88,17,3,1.799,2.579
27,88,17,4,3.579,4.339
27,88,17,5,4.579,6.139
27,88,18,1,0.340,1.039
27,88,18,2,1.120,1.919
27,88,18,3,2.039,2.259
27,88,18,4,2.319,3.000
27,88,18,5,3.720,4.599
27,88,18,6,4.639,5.139
27,88,18,7,5.159,6.059
27,88,19,1,0.239,1.019
27,88,19,2,1.279,2.259
27,88,19,3,2.299,2.899
27,88,19,4,2.919,3.500
27,88,19,5,4.119,5.440
27,88,19,6,5.900,6.919
27,89,1,1,0.419,1.059
27,89,1,2,1.759,2.399
27,89,1,3,2.440,3.099
27,89,2,1,0.500,1.059
27,89,2,2,1.179,1.999
27,89,2,3,2.000,2.319
27,89,2,4,2.440,3.139
27,89,2,5,3.720,4.299
27,89,2,6,4.360,4.960
27,89,2,7,5.039,5.599
27,89,2,8,5.799,6.719
27,89,2,9,6.879,7.799
27,89,3,1,0.500,0.639
27,89,3,2,0.680,1.319
27,89,3,3,1.719,2.220
27,89,3,4,2.419,3.000
27,89,3,5,3.019,3.679
27,89,3,6,4.219,4.920
27,89,3,7,5.059,5.799
27,89,3,8,5.839,6.779
27,89,3,9,7.000,8.039
27,89,4,1,0.500,1.139
27,89,4,2,1.220,1.620
27,89,4,3,1.639,2.339
27,89,4,4,3.240,3.980
27,89,4,5,4.079,4.699
27,89,4,6,4.739,5.539
27,89,5,1,0.379,0.759
27,89,5,2,0.879,1.439
27,89,5,3,1.519,1.899
27,89,5,4,1.959,2.679
27,89,5,5,3.220,3.939
27,89,5,6,4.000,4.420
27,89,5,7,4.500,5.019
27,89,5,8,5.440,6.379
27,89,5,9,6.599,7.079
27,89,6,1,0.439,0.979
27,89,6,2,1.120,1.860
27,89,6,3,1.879,2.739
27,89,6,4,2.799,3.699
27,89,6,5,4.400,4.960
27,89,6,6,5.000,5.699
27,89,6,7,6.079,6.559
27,89,6,8,6.679,7.719
27,89,7,1,0.519,0.680
27,89,7,2,0.779,1.059
27,89,7,3,1.139,2.539
27,89,7,4,2.659,3.199
27,89,7,5,3.259,4.460
27,89,7,6,4.519,5.099
27,89,7,7,5.139,5.679
27,89,7,8,5.960,6.379
27,89,7,9,6.579,7.259
27,89,8,1,0.359,0.879
27,89,8,2,0.959,1.740
27,89,8,3,1.779,2.339
27,89,8,4,2.379,3.039
27,89,8,5,3.099,3.579
27,89,8,6,4.480,5.219
27,89,8,7,5.299,5.400
27,89,8,8,5.519,5.859
27,89,8,9,6.039,7.339
27,89,9,1,0.379,1.159
27,89,9,2,1.240,1.699
27,89,9,3,1.860,3.000
27,89,9,4,3.079,3.299
27,89,9,5,3.439,3.980
27,89,9,6,4.059,4.819
27,89,9,7,4.900,5.099
27,89,9,8,5.980,7.339
27,89,9,9,7.539,9.000
27,89,10,1,0.439,0.899
27,89,10,2,1.079,1.839
27,89,10,3,1.959,2.659
27,89,10,4,2.700,3.379
27,89,10,5,4.219,4.679
27,89,10,6,4.799,5.439
27,89,10,7,5.719,6.299
27,89,10,8,6.399,7.719
27,89,11,1,0.299,0.959
27,89,11,2,1.039,1.799
27,89,11,3,2.039,2.759
27,89,11,4,2.960,3.679
27,89,11,5,4.420,5.299
27,89,11,6,5.319,6.219
27,89,11,7,6.579,7.419
27,89,11,8,7.599,8.739
27,89,12,1,0.259,0.560
27,89,12,2,0.859,1.639
27,89,12,3,1.679,1.899
27,89,12,4,1.959,2.159
27,89,12,5,2.419,2.939
27,89,12,6,3.379,3.899
27,89,12,7,4.059,5.199
27,89,12,8,5.239,5.900
27,89,12,9,6.059,7.259
27,89,13,1,0.259,0.719
27,89,13,2,0.779,1.379
27,89,13,3,1.539,2.079
27,89,13,4,2.099,2.839
27,89,13,5,3.460,3.919
27,89,13,6,3.939,5.139
27,89,13,7,5.179,6.159
27,89,13,8,6.339,7.440
27,89,14,1,0.280,0.599
27,89,14,2,0.919,1.559
27,89,14,3,1.679,1.939
27,89,14,4,1.959,2.480
27,89,14,5,3.079,3.679
27,89,14,6,3.720,4.339
27,89,14,7,4.519,4.920
27,89,14,8,5.039,6.239
27,89,15,1,0.340,0.839
27,89,15,2,0.859,1.620
27,89,15,3,1.699,2.139
27,89,15,4,2.180,3.119
27,89,15,5,3.819,4.400
27,89,15,6,4.480,5.099
27,89,15,7,5.500,6.480
27,89,15,8,6.839,7.719
27,89,16,1,0.259,0.899
27,89,16,2,0.959,1.500
27,89,16,3,1.559,2.000
27,89,16,4,2.099,2.639
27,89,16,5,3.319,3.679
27,89,16,6,4.199,4.659
27,89,16,7,4.779,5.259
27,89,16,8,5.279,6.500
27,89,17,1,0.299,1.039
27,89,17,2,1.299,2.019
27,89,17,3,2.180,2.419
27,89,17,4,2.500,3.059
27,89,17,5,3.599,4.919
27,89,17,6,5.719,6.659
27,89,18,1,0.299,0.500
27,89,18,2,0.519,1.339
27,89,18,3,1.379,2.259
27,89,18,4,2.319,2.779
27,89,18,5,3.460,4.639
27,89,18,6,5.139,5.679
27,89,18,7,5.879,6.920
27,89,19,1,0.199,0.439
27,89,19,2,0.459,0.619
27,89,19,3,1.259,2.220
27,89,19,4,2.819,3.500
27,89,19,5,3.559,4.480
27,89,19,6,4.739,5.719
27,89,20,1,0.379,0.759
27,89,20,2,0.859,1.539
27,89,20,3,1.659,2.339
27,89,20,4,2.379,3.199
27,89,20,5,3.819,4.719
27,89,20,6,5.279,6.159
27,89,20,7,6.199,6.799
27,89,20,8,6.839,7.039
27,89,20,9,7.099,7.619
27,89,20,10,8.359,9.139
27,89,20,11,9.239,9.779
27,89,20,12,9.899,10.739
27,89,21,1,0.199,0.859
27,89,21,2,0.979,1.439
27,89,21,3,1.539,2.059
27,89,21,4,2.599,3.460
27,89,21,5,3.500,4.179
27,89,21,6,4.500,5.639
27,89,22,1,0.319,0.799
27,89,22,2,0.839,1.439
27,89,22,3,1.620,2.279
27,89,22,4,2.559,3.199
27,89,22,5,3.679,4.019
27,89,22,6,4.159,4.679
27,89,22,7,4.779,6.320
27,89,23,1,0.319,0.539
27,89,23,2,0.719,1.259
27,89,23,3,1.379,1.779
27,89,23,4,1.839,2.180
27,89,23,5,2.899,3.299
27,89,23,6,3.319,3.839
27,89,23,7,4.000,4.179
27,89,23,8,4.259,5.639
27,89,24,1,0.239,1.179
27,89,24,2,1.220,2.039
27,89,24,3,2.200,2.700
27,89,24,4,3.639,4.659
27,89,24,5,4.839,5.640
27,89,25,1,0.259,1.079
27,89,25,2,1.139,1.839
27,89,25,3,1.899,2.379
27,89,25,4,3.240,3.939
27,89,25,5,4.179,4.679
27,89,25,6,4.819,5.639
27,89,26,1,0.280,1.000
27,89,26,2,1.039,1.679
27,89,26,3,1.719,2.139
27,89,26,4,2.779,3.939
27,89,26,5,4.059,4.940
27,89,27,1,0.219,0.500
27,89,27,2,0.579,1.559
27,89,27,3,2.059,2.639
27,89,27,4,2.879,3.379
27,89,27,5,4.420,5.019
27,89,27,6,5.359,6.079
27,89,27,7,6.440,7.619
27,89,28,1,0.219,0.459
27,89,28,2,0.560,0.879
27,89,28,3,0.979,1.559
27,89,28,4,1.599,2.539
27,89,28,5,3.279,3.839
27,89,28,6,3.959,4.639
27,89,28,7,4.679,5.539
27,89,29,1,0.259,0.919
27,89,29,2,0.939,1.480
27,89,29,3,1.519,1.679
27,89,29,4,1.719,2.359
27,89,29,5,3.039,3.919
27,89,29,6,4.039,4.900
27,89,29,7,4.960,5.420
27,89,30,1,0.399,1.179
27,89,30,2,1.259,1.699
27,89,30,3,1.759,2.339
27,89,30,4,2.899,3.919
27,89,30,5,3.980,4.420
27,89,30,6,4.440,5.539
27,89,31,1,0.399,0.699
27,89,31,2,0.740,1.439
27,89,31,3,1.519,2.039
27,89,31,4,2.139,2.659
27,89,31,5,3.519,4.900
27,89,31,6,4.980,5.159
27,89,31,7,5.199,6.239
27,89,32,1,0.299,0.539
27,89,32,2,0.620,1.319
27,89,32,3,1.519,2.480
27,89,32,4,2.980,4.179
27,89,32,5,4.219,4.420
27,89,32,6,4.440,5.539
27,89,33,1,0.199,1.179
27,89,33,2,1.240,2.039
27,89,33,3,2.079,2.639
27,89,33,4,3.319,4.659
27,89,33,5,4.699,5.639
27,89,34,1,0.259,1.039
27,89,34,2,1.139,1.319
27,89,34,3,1.439,1.959
27,89,34,4,2.099,2.740
27,89,34,5,3.779,4.279
27,89,34,6,4.339,5.219
27,89,34,7,5.359,6.739
27,89,35,1,0.359,0.719
27,89,35,2,0.759,1.480
27,89,35,3,1.620,2.200
27,89,35,4,2.839,3.599
27,89,35,5,3.720,4.960
27,89,35,6,5.099,5.480
27,89,35,7,5.519,6.659
27,89,36,1,0.299,0.859
27,89,36,2,0.919,1.659
27,89,36,3,1.719,2.419
27,89,36,4,2.799,3.019
27,89,36,5,3.099,3.759
27,89,36,6,3.919,5.019
27,89,37,1,0.340,1.059
27,89,37,2,1.100,1.799
27,89,37,3,1.899,2.480
27,89,37,4,3.079,4.019
27,89,37,5,4.400,5.339
27,89,37,6,5.420,6.239
27,89,38,1,0.239,0.799
27,89,38,2,0.859,1.639
27,89,38,3,1.719,2.220
27,89,38,4,2.879,3.399
27,89,38,5,3.559,4.539
27,89,38,6,4.599,5.299
27,89,38,7,5.500,6.019
27,89,39,1,0.319,1.019
27,89,39,2,1.179,1.699
27,89,39,3,1.779,2.799
27,89,39,4,3.480,4.719
27,89,39,5,4.859,5.119
27,89,39,6,5.159,6.319
27,89,40,1,0.359,1.199
27,89,40,2,1.379,1.860
27,89,40,3,1.899,2.539
27,89,40,4,3.319,4.219
27,89,40,5,4.380,5.239
27,89,40,6,5.380,6.239
27,89,41,1,0.259,0.839
27,89,41,2,1.159,1.539
27,89,41,3,1.579,2.859
27,89,41,4,3.079,3.720
27,89,41,5,3.799,4.759
27,89,41,6,4.880,5.820
27,89,42,1,0.299,0.959
27,89,42,2,1.059,1.419
27,89,42,3,1.480,1.839
27,89,42,4,1.879,2.379
27,89,42,5,2.899,3.159
27,89,42,6,3.259,3.839
27,89,42,7,3.919,5.119
27,89,43,1,0.219,0.939
27,89,43,2,1.059,1.480
27,89,43,3,1.620,2.259
27,89,43,4,2.819,3.679
27,89,43,5,4.239,4.819
27,89,43,6,4.859,5.820
27,89,44,1,0.340,0.779
27,89,44,2,0.879,1.539
27,89,44,3,1.639,1.919
27,89,44,4,2.019,2.619
27,89,44,5,3.299,3.939
27,89,44,6,4.000,5.000
27,89,44,7,5.039,6.239
27,89,45,1,0.199,1.059
27,89,45,2,1.299,2.259
27,89,45,3,2.939,4.000
27,89,45,4,4.360,5.279
27,89,45,5,5.380,6.420
27,89,46,1,0.079,0.479
27,89,46,2,0.599,0.979
27,89,46,3,1.059,1.699
27,89,46,4,2.139,2.899
27,89,46,5,2.919,3.240
27,89,46,6,3.439,4.039
27,89,46,7,4.319,4.859
27,89,47,1,0.319,0.579
27,89,47,2,0.680,0.899
27,89,47,3,1.059,1.919
27,89,47,4,1.939,2.740
27,89,47,5,2.799,3.480
27,89,47,6,4.400,5.139
27,89,47,7,5.299,5.759
27,89,47,8,5.799,6.299
27,89,47,9,6.480,7.519
27,89,48,1,0.359,0.959
27,89,48,2,1.279,1.699
27,89,48,3,1.819,2.079
27,89,48,4,2.159,2.799
27,89,48,5,3.619,3.839
27,89,48,6,3.959,4.159
27,89,48,7,4.339,4.799
27,89,48,8,4.960,5.480
27,89,48,9,5.659,5.940
27,89,48,10,5.960,6.219
27,89,48,11,6.399,7.099
27,89,49,1,0.299,0.539
27,89,49,2,0.599,1.079
27,89,49,3,1.139,1.759
27,89,49,4,2.180,2.460
27,89,49,5,2.539,3.079
27,89,49,6,3.220,3.779
27,89,49,7,4.219,4.920
27,89,49,8,4.960,5.559
27,89,49,9,5.920,6.420
27,89,49,10,6.519,7.339
27,89,49,11,7.419,7.919
27,89,50,1,0.199,0.680
27,89,50,2,0.779,1.480
27,89,50,3,1.879,2.740
27,89,50,4,2.859,3.439
27,89,50,5,3.899,4.599
27,89,50,6,4.719,5.319
27,89,50,7,5.380,6.920
27,89,51,1,0.340,0.919
27,89,51,2,1.120,1.740
27,89,51,3,1.899,2.579
27,89,51,4,2.619,3.359
27,89,51,5,4.219,4.980
27,89,51,6,5.279,6.019
27,89,51,7,6.519,6.739
27,89,51,8,6.980,7.619
27,89,51,9,7.659,8.399
27,89,52,1,0.359,0.819
27,89,52,2,1.019,1.659
27,89,52,3,2.019,2.759
27,89,52,4,3.019,3.039
27,89,52,5,3.119,4.779
27,89,52,6,4.819,5.480
27,89,52,7,5.779,6.739
27,89,52,8,6.879,8.220
27,89,53,1,0.199,0.779
27,89,53,2,0.919,1.199
27,89,53,3,1.539,2.200
27,89,53,4,2.839,3.480
27,89,53,5,3.879,4.820
27,90,1,1,0.500,1.139
27,90,1,2,1.220,2.039
27,90,1,3,2.099,2.419
27,90,1,4,2.460,3.199
27,90,1,5,4.259,4.980
27,90,1,6,5.619,6.259
27,90,1,7,6.359,6.799
27,90,1,8,6.879,7.299
27,90,1,9,7.460,8.000
27,90,1,10,8.460,9.000
27,90,1,11,9.119,10.019
27,90,2,1,0.519,1.299
27,90,2,2,1.360,1.819
27,90,2,3,1.939,2.799
27,90,2,4,2.919,3.899
27,90,2,5,4.079,4.619
27,90,2,6,4.699,5.299
27,90,2,7,6.279,7.179
27,90,2,8,7.199,7.419
27,90,2,9,7.480,8.019
27,90,2,10,8.260,8.840
27,90,2,11,9.079,9.720
27,90,3,1,0.399,0.959
27,90,3,2,1.019,1.599
27,90,3,3,1.699,1.979
27,90,3,4,2.019,2.599
27,90,3,5,2.720,3.579
27,90,3,6,4.079,4.719
27,90,3,7,4.799,5.119
27,90,3,8,5.219,6.139
27,90,4,1,0.459,0.699
27,90,4,2,0.779,1.339
27,90,4,3,1.379,1.860
27,90,4,4,2.000,2.599
27,90,4,5,3.240,3.740
27,90,4,6,3.779,4.339
27,90,4,7,4.460,4.579
27,90,4,8,4.659,5.339
27,90,4,9,6.000,7.059
27,90,4,10,7.239,8.319
27,90,5,1,0.519,1.339
27,90,5,2,1.379,1.799
27,90,5,3,1.819,2.359
27,90,5,4,4.219,5.000
27,90,5,5,5.099,5.759
27,90,5,6,5.799,6.739
27,90,6,1,0.359,1.139
27,90,6,2,1.220,1.719
27,90,6,3,1.799,2.419
27,90,6,4,4.059,4.859
27,90,6,5,4.960,5.539
27,90,6,6,5.619,6.500
27,90,7,1,0.199,0.379
27,90,7,2,0.439,1.279
27,90,7,3,1.379,2.299
27,90,7,4,2.839,3.980
27,90,7,5,4.159,5.219
27,90,8,1,0.519,0.959
27,90,8,2,1.259,2.200
27,90,8,3,2.240,3.220
27,90,8,4,4.480,5.380
27,90,8,5,5.480,6.139
27,90,8,6,6.379,7.339
27,90,9,1,0.439,0.620
27,90,9,2,0.639,0.959
27,90,9,3,0.979,1.659
27,90,9,4,1.879,2.440
27,90,9,5,3.059,4.139
27,90,9,6,4.599,5.339
27,90,9,7,5.659,6.319
27,90,9,8,6.460,6.859
27,90,9,9,6.920,7.519
27,90,10,1,0.419,0.719
27,90,10,2,0.799,1.480
27,90,10,3,1.500,1.899
27,90,10,4,2.000,2.539
27,90,10,5,2.619,3.000
27,90,10,6,3.779,4.079
27,90,10,7,4.139,4.900
27,90,10,8,4.960,5.519
27,90,10,9,5.559,5.960
27,90,10,10,6.500,7.359
27,90,10,11,7.399,7.819
27,90,10,12,7.940,8.720
27,90,10,13,9.199,9.340
27,90,10,14,9.479,9.960
27,90,10,15,10.099,10.500
27,90,10,16,10.679,11.859
27,90,11,1,0.379,0.539
27,90,11,2,0.579,1.319
27,90,11,3,1.339,1.579
27,90,11,4,1.759,2.319
27,90,11,5,2.859,4.360
27,90,11,6,4.380,5.539
27,90,12,1,0.280,0.919
27,90,12,2,1.019,1.579
27,90,12,3,1.719,1.979
27,90,12,4,2.019,2.399
27,90,12,5,2.980,3.480
27,90,12,6,3.639,4.119
27,90,12,7,4.179,5.119
27,90,13,1,0.379,0.879
27,90,13,2,1.059,1.079
27,90,13,3,1.080,1.839
27,90,13,4,1.919,2.399
27,90,13,5,2.919,4.019
27,90,13,6,4.099,4.339
27,90,13,7,4.420,5.420
27,90,14,1,0.340,1.079
27,90,14,2,1.120,1.799
27,90,14,3,1.919,2.740
27,90,14,4,3.460,4.679
27,90,14,5,4.699,5.699
27,90,14,6,5.739,6.159
27,90,14,7,6.199,7.099
27,90,15,1,0.379,1.279
27,90,15,2,1.459,2.039
27,90,15,3,2.180,3.079
27,90,15,4,3.619,4.360
27,90,15,5,4.500,5.179
27,90,15,6,5.279,6.139
27,90,16,1,0.539,1.179
27,90,16,2,1.199,1.419
27,90,16,3,1.519,2.339
27,90,16,4,2.579,3.319
27,90,16,5,4.159,5.500
27,90,16,6,5.519,5.819
27,90,16,7,5.940,6.919
27,90,17,1,0.319,0.699
27,90,17,2,0.819,1.360
27,90,17,3,1.379,1.959
27,90,17,4,1.979,2.700
27,90,17,5,2.879,3.399
27,90,17,6,3.919,4.559
27,90,17,7,4.639,5.299
27,90,17,8,5.339,5.920
27,90,17,9,5.960,6.559
27,90,17,10,7.119,7.899
27,90,17,11,7.919,8.739
27,90,17,12,8.939,10.139
27,91,1,1,0.459,1.199
27,91,1,2,1.219,1.919
27,91,1,3,1.959,2.519
27,91,1,4,3.359,3.939
27,91,1,5,4.000,4.659
27,91,1,6,4.679,5.819
27,91,2,1,0.519,1.000
27,91,2,2,1.079,2.220
27,91,2,3,2.339,2.859
27,91,2,4,3.019,4.019
27,91,2,5,4.659,5.519
27,91,2,6,5.579,6.059
27,91,2,7,6.159,6.739
27,91,3,1,0.379,0.579
27,91,3,2,0.620,0.859
27,91,3,3,0.939,1.860
27,91,3,4,2.019,2.599
27,91,3,5,2.659,3.199
27,91,3,6,3.899,4.739
27,91,3,7,4.759,5.719
27,91,4,1,0.419,1.399
27,91,4,2,1.620,2.180
27,91,4,3,2.220,2.519
27,91,4,4,3.419,4.159
27,91,4,5,4.239,4.859
27,91,4,6,5.000,5.639
27,91,4,7,6.219,6.879
27,91,4,8,7.000,8.119
27,91,4,9,8.159,9.119
27,91,5,1,0.439,0.759
27,91,5,2,0.859,1.319
27,91,5,3,1.480,2.240
27,91,5,4,2.379,2.859
27,91,5,5,3.839,4.500
27,91,5,6,4.759,5.199
27,91,5,7,5.279,6.139
27,91,6,1,0.479,1.360
27,91,6,2,1.419,2.180
27,91,6,3,2.220,2.819
27,91,6,4,3.539,4.639
27,91,6,5,4.779,5.299
27,91,6,6,5.500,6.739
27,91,7,1,0.419,1.000
27,91,7,2,1.120,2.299
27,91,7,3,2.319,2.819
27,91,7,4,3.299,4.139
27,91,7,5,4.299,5.159
27,91,7,6,5.859,6.420
27,91,7,7,6.659,6.799
27,91,7,8,6.859,8.039
27,91,8,1,0.519,0.979
27,91,8,2,1.019,1.659
27,91,8,3,1.860,2.419
27,91,8,4,3.079,4.179
27,91,8,5,4.259,4.980
27,91,8,6,5.019,5.960
27,91,9,1,0.519,0.639
27,91,9,2,0.759,1.459
27,91,9,3,1.480,1.959
27,91,9,4,2.180,2.819
27,91,9,5,3.599,4.219
27,91,9,6,4.460,4.940
27,91,9,7,5.139,6.319
27,91,10,1,0.359,0.639
27,91,10,2,0.839,1.679
27,91,10,3,1.779,2.220
27,91,10,4,2.500,2.980
27,91,10,5,3.740,4.639
27,91,10,6,4.739,4.839
27,91,10,7,4.940,6.099
27,91,10,8,6.159,7.719
27,91,11,1,0.459,0.680
27,91,11,2,0.699,1.439
27,91,11,3,1.539,2.039
27,91,11,4,2.159,2.519
27,91,11,5,3.379,4.019
27,91,11,6,4.519,5.139
27,91,11,7,5.279,6.419
27,91,12,1,0.539,0.859
27,91,12,2,0.899,1.740
27,91,12,3,1.799,2.639
27,91,12,4,3.619,3.779
27,91,12,5,3.899,4.659
27,91,12,6,4.699,5.480
27,91,12,7,5.599,6.659
27,91,13,1,0.419,0.599
27,91,13,2,0.799,1.120
27,91,13,3,1.519,2.279
27,91,13,4,2.419,2.919
27,91,13,5,3.699,4.339
27,91,13,6,4.420,4.980
27,91,13,7,5.079,6.239
27,91,14,1,0.419,0.639
27,91,14,2,0.680,0.879
27,91,14,3,1.000,1.899
27,91,14,4,1.979,3.299
27,91,14,5,3.819,5.079
27,91,14,6,5.099,5.219
27,91,14,7,5.259,5.679
27,91,14,8,5.839,6.659
27,91,15,1,0.419,1.419
27,91,15,2,1.480,2.539
27,91,15,3,3.179,3.919
27,91,15,4,3.939,4.539
27,91,15,5,4.619,5.219
27,91,15,6,5.980,7.079
27,91,15,7,7.519,9.119
27,91,16,1,0.319,0.939
27,91,16,2,1.019,1.659
27,91,16,3,1.740,2.759
27,91,16,4,3.379,4.619
27,91,16,5,5.099,6.319
27,92,1,1,0.280,0.779
27,92,1,2,0.879,1.220
27,92,1,3,1.279,1.659
27,92,1,4,1.740,2.559
27,92,2,1,0.219,0.699
27,92,2,2,0.740,1.419
27,92,2,3,1.459,2.039
27,92,2,4,2.399,3.220
27,92,2,5,3.299,4.000
27,92,2,6,4.059,4.820
27,92,3,1,0.219,0.899
27,92,3,2,0.939,1.719
27,92,3,3,1.759,2.579
27,92,3,4,3.039,4.259
27,92,3,5,4.400,5.420
27,92,4,1,0.299,0.659
27,92,4,2,0.740,1.399
27,92,4,3,1.579,2.079
27,92,4,4,2.139,2.679
27,92,4,5,3.240,3.599
27,92,4,6,3.639,4.440
27,92,4,7,4.559,5.539
27,92,5,1,0.239,0.419
27,92,5,2,0.439,1.480
27,92,5,3,1.539,1.699
27,92,5,4,2.679,3.779
27,92,5,5,4.420,5.339
27,92,5,6,5.359,6.039
27,92,5,7,6.279,7.339
27,92,6,1,0.359,0.719
27,92,6,2,0.799,1.459
27,92,6,3,1.500,2.200
27,92,6,4,2.460,3.159
27,92,6,5,3.839,4.440
27,92,6,6,4.559,5.119
27,92,6,7,5.199,6.500
27,92,7,1,0.299,0.680
27,92,7,2,0.799,1.339
27,92,7,3,1.419,1.579
27,92,7,4,1.620,2.099
27,92,7,5,2.779,3.460
27,92,7,6,3.759,3.879
27,92,7,7,3.919,4.360
27,92,7,8,4.480,4.679
27,92,7,9,4.699,5.220
27,92,8,1,0.280,1.059
27,92,8,2,1.079,1.659
27,92,8,3,1.759,2.099
27,92,8,4,2.139,2.619
27,92,8,5,3.039,4.119
27,92,8,6,4.159,4.420
27,92,8,7,4.539,5.019
27,92,8,8,5.159,5.619
27,92,8,9,6.059,7.480
27,92,8,10,7.539,7.839
27,92,8,11,7.899,8.399
27,92,9,1,0.199,1.000
27,92,9,2,1.120,2.059
27,92,9,3,2.139,2.899
27,92,9,4,2.939,3.740
27,92,10,1,0.179,0.359
27,92,10,2,0.379,0.740
27,92,10,3,0.799,1.439
27,92,10,4,1.579,1.599
27,92,10,5,2.919,3.079
27,92,10,6,3.119,3.460
27,92,10,7,3.539,4.199
27,92,10,8,4.420,5.139
27,92,10,9,5.719,6.719
27,92,10,10,6.839,7.159
27,92,10,11,7.179,7.719
27,92,10,12,7.779,8.559
27,92,11,1,0.019,0.659
27,92,11,2,0.740,1.299
27,92,11,3,1.439,2.019
27,92,11,4,2.619,3.559
27,92,11,5,3.659,4.519
27,92,11,6,4.619,5.420
27,92,12,1,0.239,1.019
27,92,12,2,1.059,1.480
27,92,12,3,1.599,2.220
27,92,12,4,2.799,3.599
27,92,12,5,3.639,4.119
27,92,12,6,4.159,4.779
27,92,12,7,5.159,6.219
27,92,12,8,6.279,7.259
27,92,13,1,0.219,0.819
27,92,13,2,0.839,1.559
27,92,13,3,1.579,2.279
27,92,13,4,2.720,3.439
27,92,13,5,3.539,4.559
27,92,13,6,4.579,5.539
27,92,14,1,0.299,0.859
27,92,14,2,0.879,1.299
27,92,14,3,1.379,1.699
27,92,14,4,2.559,3.480
27,92,14,5,3.539,4.279
27,92,14,6,4.339,5.360
27,92,15,1,0.179,0.699
27,92,15,2,0.740,1.379
27,92,15,3,1.500,2.240
27,92,15,4,2.720,3.460
27,92,15,5,3.539,4.699
27,92,15,6,4.819,5.639
27,92,16,1,0.219,1.019
27,92,16,2,1.039,1.220
27,92,16,3,1.240,1.779
27,92,16,4,1.819,2.639
27,92,16,5,3.019,3.559
27,92,16,6,3.939,4.360
27,92,16,7,4.500,5.279
27,92,16,8,5.339,5.820
27,93,1,1,0.620,0.819
27,93,1,2,1.539,2.019
27,93,1,3,2.119,2.559
27,93,1,4,2.639,3.220
27,93,1,5,3.799,4.319
27,93,1,6,4.500,5.400
27,93,1,7,5.401,5.539
27,93,1,8,5.599,6.539
27,93,1,9,7.119,7.500
27,93,1,10,7.539,8.039
27,93,1,11,8.220,8.880
27,93,1,12,8.939,9.239
27,93,1,13,9.300,10.239
27,93,2,1,0.519,1.059
27,93,2,2,1.240,2.139
27,93,2,3,2.220,2.819
27,93,2,4,3.199,4.079
27,93,2,5,4.219,5.220
27,93,3,1,0.439,1.339
27,93,3,2,1.439,2.099
27,93,3,3,2.159,2.799
27,93,3,4,3.439,4.119
27,93,3,5,4.259,4.839
27,93,3,6,4.900,5.299
27,93,3,7,5.819,6.539
27,93,3,8,6.679,7.299
27,93,3,9,7.339,8.319
27,93,4,1,0.280,1.079
27,93,4,2,1.179,1.559
27,93,4,3,1.639,2.180
27,93,4,4,2.720,3.480
27,93,4,5,3.579,4.339
27,93,4,6,4.440,4.759
27,93,4,7,5.500,6.119
27,93,4,8,6.239,7.179
27,93,4,9,7.239,8.039
27,93,5,1,0.359,1.199
27,93,5,2,1.500,2.180
27,93,5,3,2.259,2.759
27,93,5,4,3.480,4.319
27,93,5,5,4.440,4.980
27,93,5,6,5.219,5.819
27,93,5,7,6.420,6.739
27,93,5,8,7.299,8.119
27,93,5,9,8.159,8.999
27,94,1,1,0.299,0.779
27,94,1,2,0.799,1.519
27,94,1,3,1.579,2.500
27,94,1,4,2.639,2.919
27,94,1,5,2.980,3.720
27,94,1,6,3.740,4.759
27,94,2,1,0.159,0.919
27,94,2,2,1.000,1.439
27,94,2,3,1.459,2.159
27,94,2,4,2.819,3.480
27,94,2,5,3.519,4.019
27,94,2,6,4.119,4.259
27,94,2,7,4.360,5.119
27,94,3,1,0.239,0.519
27,94,3,2,0.599,1.019
27,94,3,3,1.139,1.839
27,94,3,4,1.919,1.939
27,94,3,5,3.039,3.379
27,94,3,6,3.399,3.980
27,94,3,7,4.079,4.799
27,94,3,8,4.859,5.960
27,94,4,1,0.259,1.179
27,94,4,2,1.240,2.039
27,94,4,3,2.079,2.599
27,94,4,4,3.279,4.420
27,94,4,5,4.579,4.960
27,94,4,6,5.119,5.659
27,94,4,7,5.819,6.500
27,94,5,1,0.239,1.159
27,94,5,2,1.179,1.459
27,94,5,3,1.860,2.659
27,94,5,4,3.539,4.759
27,94,5,5,4.839,5.819
27,94,6,1,0.259,0.899
27,94,6,2,0.959,1.419
27,94,6,3,1.459,2.139
27,94,6,4,3.039,3.819
27,94,6,5,3.919,5.119
27,94,7,1,0.359,1.279
27,94,7,2,1.939,2.240
27,94,7,3,2.279,2.859
27,94,7,4,2.919,3.159
27,94,7,5,4.119,4.559
27,94,7,6,4.619,5.359
27,94,7,7,5.440,5.900
27,94,7,8,5.980,6.920
27,94,8,1,0.319,0.779
27,94,8,2,0.859,1.480
27,94,8,3,1.500,2.079
27,94,8,4,2.980,3.759
27,94,8,5,3.839,4.239
27,94,8,6,4.339,5.420
27,94,9,1,0.239,1.139
27,94,9,2,1.159,1.719
27,94,9,3,1.799,2.099
27,94,9,4,2.139,2.839
27,94,9,5,3.659,3.859
27,94,9,6,3.919,4.500
27,94,9,7,4.579,5.179
27,94,9,8,5.480,5.779
27,94,9,9,5.859,6.739
27,94,10,1,0.239,0.879
27,94,10,2,0.959,1.419
27,94,10,3,1.500,1.839
27,94,10,4,1.879,2.659
27,94,10,5,3.500,4.559
27,94,10,6,4.619,5.179
27,94,10,7,5.359,6.139
27,94,11,1,0.299,1.319
27,94,11,2,1.320,1.699
27,94,11,3,1.899,2.740
27,94,11,4,2.799,3.319
27,94,11,5,4.159,4.420
27,94,11,6,4.500,4.940
27,94,11,7,5.079,6.059
27,94,12,1,0.299,0.959
27,94,12,2,1.019,1.839
27,94,12,3,2.319,2.759
27,94,12,4,2.899,4.079
27,94,12,5,4.139,4.400
27,94,12,6,5.159,6.239
27,94,12,7,6.579,7.940
27,94,13,1,0.219,1.079
27,94,13,2,1.139,1.360
27,94,13,3,1.459,1.959
27,94,13,4,2.000,2.319
27,94,13,5,3.220,3.500
27,94,13,6,3.639,4.219
27,94,13,7,4.380,5.079
27,94,13,8,5.339,6.139
27,94,14,1,0.199,0.340
27,94,14,2,0.359,0.519
27,94,14,3,0.539,1.259
27,94,14,4,1.279,1.579
27,94,14,5,1.899,2.359
27,94,14,6,2.779,3.740
27,94,14,7,3.839,4.039
27,94,14,8,4.079,5.119
27,94,15,1,0.119,0.299
27,94,15,2,0.359,0.599
27,94,15,3,0.779,1.279
27,94,15,4,1.319,1.759
27,94,15,5,1.839,2.419
27,94,15,6,3.159,4.079
27,94,15,7,4.259,4.539
27,94,15,8,4.559,5.159
27,94,15,9,5.239,5.820
27,94,16,1,0.280,0.459
27,94,16,2,0.539,0.979
27,94,16,3,1.019,1.199
27,94,16,4,1.259,1.559
27,94,16,5,1.579,2.159
27,94,16,6,2.839,3.059
27,94,16,7,3.119,3.919
27,94,16,8,3.939,4.139
27,94,16,9,4.219,4.420
27,94,16,10,4.559,5.139
27,94,16,11,5.199,5.960
27,94,17,1,0.359,0.919
27,94,17,2,1.039,1.159
27,94,17,3,1.799,2.500
27,94,17,4,2.539,2.799
27,94,17,5,3.679,4.259
27,94,17,6,4.360,5.000
27,94,17,7,5.219,5.679
27,94,17,8,5.799,6.500
27,94,18,1,0.280,0.539
27,94,18,2,0.680,1.360
27,94,18,3,1.799,2.259
27,94,18,4,2.299,2.779
27,94,18,5,3.379,4.179
27,94,18,6,4.299,4.440
27,94,18,7,4.859,6.239
27,94,19,1,0.280,0.839
27,94,19,2,0.979,2.119
27,94,19,3,2.379,3.139
27,94,19,4,3.879,4.739
27,94,19,5,5.099,6.219
27,94,19,6,6.420,7.259
27,94,20,1,0.259,1.079
27,94,20,2,1.480,2.139
27,94,20,3,2.180,2.859
27,94,20,4,3.500,4.259
27,94,20,5,4.319,4.880
27,94,20,6,4.920,5.199
27,94,20,7,5.299,5.820
27,94,21,1,0.119,0.740
27,94,21,2,0.799,0.979
27,94,21,3,1.079,1.579
27,94,21,4,1.620,2.220
27,94,21,5,2.740,3.179
27,94,21,6,3.279,3.740
27,94,21,7,3.799,4.940
27,94,22,1,0.259,0.819
27,94,22,2,0.839,0.999
27,94,22,3,1.159,1.699
27,94,22,4,1.779,2.659
27,94,22,5,3.319,4.019
27,94,22,6,4.099,4.579
27,94,22,7,4.699,5.539
27,94,23,1,0.239,1.179
27,94,23,2,1.220,1.719
27,94,23,3,1.799,2.019
27,94,23,4,2.139,2.639
27,94,23,5,3.240,4.339
27,94,23,6,4.380,5.299
27,94,23,7,5.839,6.759
27,94,23,8,6.940,7.000
27,94,23,9,7.699,8.739
27,95,1,1,0.319,0.939
27,95,1,2,1.019,1.819
27,95,1,3,1.899,2.619
27,95,1,4,3.059,3.679
27,95,1,5,3.680,4.239
27,95,1,6,4.279,5.360
27,95,2,1,0.039,0.659
27,95,2,2,0.779,1.120
27,95,2,3,1.279,1.879
27,95,2,4,2.399,3.199
27,95,2,5,3.319,3.879
27,95,2,6,3.899,4.420
27,95,3,1,0.239,0.419
27,95,3,2,0.539,0.899
27,95,3,3,0.939,1.399
27,95,3,4,1.439,2.139
27,95,3,5,2.460,3.220
27,95,3,6,3.279,3.779
27,95,3,7,3.859,4.139
27,95,3,8,4.159,4.500
27,95,3,9,4.559,5.360
27,95,4,1,0.239,0.579
27,95,4,2,0.659,1.220
27,95,4,3,1.279,1.879
27,95,4,4,2.059,2.659
27,95,4,5,3.240,4.219
27,95,4,6,4.319,4.739
27,95,4,7,4.819,5.360
27,95,5,1,0.299,0.699
27,95,5,2,0.839,1.100
27,95,5,3,1.259,1.899
27,95,5,4,2.000,2.319
27,95,5,5,2.379,3.019
27,95,5,6,3.679,4.759
27,95,5,7,4.819,5.420
27,95,5,8,5.500,6.420
27,95,6,1,0.280,0.819
27,95,6,2,0.899,1.839
27,95,6,3,1.899,3.079
27,95,6,4,3.699,4.420
27,95,6,5,4.519,4.900
27,95,6,6,4.940,5.839
27,95,6,7,5.859,6.659
27,95,7,1,0.299,0.479
27,95,7,2,0.539,0.919
27,95,7,3,1.039,1.779
27,95,7,4,2.399,3.359
27,95,7,5,3.419,3.599
27,95,7,6,3.699,4.420
27,95,7,7,4.480,4.980
27,95,7,8,5.019,5.519
27,95,7,9,6.719,7.460
27,95,7,10,8.340,8.479
27,95,7,11,8.539,9.099
27,95,7,12,9.179,10.319
27,95,8,1,0.299,0.459
27,95,8,2,0.620,1.079
27,95,8,3,1.139,1.779
27,95,8,4,1.819,2.839
27,95,8,5,2.879,3.319
27,95,8,6,3.359,4.039
27,95,8,7,4.079,5.359
27,95,9,1,0.179,0.659
27,95,9,2,0.759,1.579
27,95,9,3,1.659,2.500
27,95,9,4,3.240,4.079
27,95,9,5,4.599,4.880
27,95,9,6,5.019,5.579
27,95,9,7,5.960,6.920
27,95,10,1,0.359,1.000
27,95,10,2,1.019,1.539
27,95,10,3,1.559,2.000
27,95,10,4,2.039,2.480
27,95,10,5,2.599,3.220
27,95,10,6,3.819,4.219
27,95,10,7,4.360,4.819
27,95,10,8,4.859,5.319
27,95,10,9,5.359,5.619
27,95,10,10,6.219,6.619
27,95,10,11,6.699,6.799
27,95,10,12,6.839,7.239
27,95,10,13,7.299,8.219
27,95,11,1,0.219,0.599
27,95,11,2,0.659,1.439
27,95,11,3,1.519,2.240
27,95,11,4,2.859,3.139
27,95,11,5,3.179,4.099
27,95,11,6,4.500,4.719
27,95,11,7,4.839,5.820
27,96,1,1,0.379,0.859
27,96,1,2,0.879,1.240
27,96,1,3,1.679,1.959
27,96,1,4,2.000,2.579
27,96,1,5,3.240,3.679
27,96,1,6,3.699,4.039
27,96,1,7,4.500,4.719
27,96,1,8,4.759,5.820
27,96,2,1,0.239,0.680
27,96,2,2,0.699,1.019
27,96,2,3,1.439,1.959
27,96,2,4,2.079,2.559
27,96,2,5,3.119,3.799
27,96,2,6,3.939,4.579
27,96,2,7,4.639,5.139
27,96,2,8,5.239,6.239
27,96,3,1,0.280,0.979
27,96,3,2,1.059,1.740
27,96,3,3,1.860,2.379
27,96,3,4,2.919,3.359
27,96,3,5,3.379,4.139
27,96,3,6,4.480,5.719
27,96,4,1,0.199,0.479
27,96,4,2,0.500,1.100
27,96,4,3,1.139,1.860
27,96,4,4,1.879,2.579
27,96,4,5,2.619,3.119
27,96,4,6,3.699,4.179
27,96,4,7,4.259,4.519
27,96,4,8,4.659,4.859
27,96,4,9,4.900,5.239
27,96,4,10,5.319,6.139
27,96,5,1,0.140,0.179
27,96,5,2,0.180,0.419
27,96,5,3,0.539,1.000
27,96,5,4,1.059,1.779
27,96,5,5,1.979,2.539
27,96,5,6,3.279,3.379
27,96,5,7,4.319,4.980
27,96,5,8,5.119,5.720
27,96,6,1,0.219,0.740
27,96,6,2,0.779,1.419
27,96,6,3,1.459,2.159
27,96,6,4,2.759,3.179
27,96,6,5,3.199,4.239
27,96,6,6,4.299,5.420
27,96,7,1,0.219,0.719
27,96,7,2,0.799,1.459
27,96,7,3,1.500,2.159
27,96,7,4,2.240,2.659
27,96,7,5,3.359,3.819
27,96,7,6,3.919,4.480
27,96,7,7,4.619,5.099
27,96,7,8,5.139,5.960
27,96,8,1,0.199,0.639
27,96,8,2,0.699,1.439
27,96,8,3,1.480,1.939
27,96,8,4,1.979,2.480
27,96,8,5,3.159,3.599
27,96,8,6,3.720,4.420
27,96,8,7,4.460,4.960
27,96,8,8,5.199,6.500
27,96,9,1,0.179,1.120
27,96,9,2,1.179,1.819
27,96,9,3,1.860,2.579
27,96,9,4,2.639,3.159
27,96,9,5,3.659,4.159
27,96,9,6,4.179,5.019
27,96,9,7,5.139,5.420
27,96,9,8,5.440,6.420
27,96,10,1,0.179,0.699
27,96,10,2,0.779,1.559
27,96,10,3,1.839,2.139
27,96,10,4,2.659,3.139
27,96,10,5,3.819,4.179
27,96,10,6,4.219,4.799
27,96,10,7,4.980,5.539
27,96,10,8,5.679,5.879
27,96,10,9,6.000,6.579
27,96,10,10,7.299,7.799
27,96,10,11,7.899,8.500
27,96,10,12,8.800,9.939
27,96,11,1,0.259,0.919
27,96,11,2,0.939,1.959
27,96,11,3,2.019,2.599
27,96,11,4,2.619,3.379
27,96,11,5,4.000,4.619
27,96,11,6,4.659,5.339
27,96,11,7,5.519,6.500
27,96,12,1,0.340,1.039
27,96,12,2,1.059,1.659
27,96,12,3,1.719,2.200
27,96,12,4,2.240,2.639
27,96,12,5,2.700,2.960
27,96,12,6,3.639,4.139
27,96,12,7,4.259,5.119
27,96,12,8,5.299,5.559
27,96,12,9,5.599,6.079
27,96,12,10,6.239,7.019
27,96,13,1,0.319,1.000
27,96,13,2,1.120,1.240
27,96,13,3,1.879,2.059
27,96,13,4,2.079,2.379
27,96,13,5,2.879,3.059
27,96,13,6,3.099,3.259
27,96,13,7,3.419,4.019
27,96,13,8,4.079,4.859
27,96,13,9,5.519,6.179
27,96,13,10,6.239,6.699
27,96,13,11,6.759,7.619
27,96,13,12,8.099,8.899
27,96,13,13,9.260,10.539
27,97,1,1,0.319,3.439
27,97,1,2,3.539,3.980
27,97,1,3,4.079,4.480
27,97,1,4,4.519,5.279
27,97,1,5,5.920,6.759
27,97,1,6,6.799,7.379
27,97,1,7,7.519,8.319
27,97,2,1,0.280,0.839
27,97,2,2,0.899,1.679
27,97,2,3,1.719,2.379
27,97,2,4,2.939,3.480
27,97,2,5,3.500,4.299
27,97,2,6,4.400,4.819
27,97,2,7,4.880,5.720
27,97,3,1,0.259,0.699
27,97,3,2,0.779,1.419
27,97,3,3,1.459,1.879
27,97,3,4,2.460,3.199
27,97,3,5,3.240,3.759
27,97,3,6,3.919,4.759
27,97,4,1,0.239,0.959
27,97,4,2,1.059,1.779
27,97,4,3,1.860,2.339
27,97,4,4,2.980,3.619
27,97,4,5,3.779,4.679
27,97,4,6,4.719,5.640
27,97,5,1,0.359,0.740
27,97,5,2,0.919,1.659
27,97,5,3,1.779,2.460
27,97,5,4,2.519,3.319
27,97,5,5,3.339,4.399
27,97,5,6,4.500,5.219
27,97,5,7,5.519,6.059
27,97,5,8,6.139,6.359
27,97,5,9,6.399,7.440
27,97,6,1,0.340,1.039
27,97,6,2,1.079,1.959
27,97,6,3,2.059,2.659
27,97,6,4,3.319,3.899
27,97,6,5,3.919,4.159
27,97,6,6,4.239,4.940
27,97,6,7,5.079,5.960
27,97,7,1,0.299,1.139
27,97,7,2,1.259,1.519
27,97,7,3,1.579,2.000
27,97,7,4,2.079,2.619
27,97,7,5,2.939,4.059
27,97,7,6,4.139,4.859
27,97,7,7,5.500,6.440
27,97,7,8,6.519,6.659
27,97,7,9,7.019,7.440
27,97,7,10,7.519,8.399
27,97,8,1,0.280,0.939
27,97,8,2,0.959,1.759
27,97,8,3,1.839,2.519
27,97,8,4,3.319,4.279
27,97,8,5,4.360,4.799
27,97,8,6,4.880,5.400
27,97,8,7,5.799,6.519
27,97,8,8,6.579,7.439
27,97,8,9,7.940,8.819
27,97,9,1,0.219,0.359
27,97,9,2,0.459,1.079
27,97,9,3,1.120,1.399
27,97,9,4,1.559,2.379
27,97,9,5,2.419,2.619
27,97,9,6,2.659,2.899
27,97,9,7,2.939,3.759
27,97,9,8,4.440,5.039
27,97,9,9,5.159,5.799
27,97,9,10,5.980,6.139
27,97,9,11,6.259,6.519
27,97,9,12,6.579,7.440
27,97,10,1,0.239,0.799
27,97,10,2,0.819,1.100
27,97,10,3,1.559,2.019
27,97,10,4,2.079,2.379
27,97,10,5,3.000,3.539
27,97,10,6,3.619,4.259
27,97,10,7,4.299,4.960
27,97,10,8,5.579,6.079
27,97,10,9,6.139,6.839
27,97,10,10,6.960,8.039
27,97,11,1,0.219,0.639
27,97,11,2,0.719,0.959
27,97,11,3,1.519,2.539
27,97,11,4,3.179,4.079
27,97,11,5,4.099,4.579
27,97,11,6,4.699,5.539
27,97,12,1,0.199,0.759
27,97,12,2,0.879,1.519
27,97,12,3,1.620,2.339
27,97,12,4,2.939,3.679
27,97,12,5,3.799,4.480
27,97,12,6,4.599,5.360
27,98,1,1,0.159,0.740
27,98,1,2,1.779,2.339
27,98,1,3,2.379,2.679
27,98,1,4,3.159,3.419
27,98,1,5,3.539,4.099
27,98,1,6,4.480,4.659
27,98,1,7,4.699,5.460
27,98,1,8,5.519,5.920
27,98,1,9,6.500,7.199
27,98,1,10,7.219,7.419
27,98,1,11,7.500,8.119
27,98,1,12,8.519,9.300
27,98,1,13,9.439,10.239
27,98,2,1,0.299,0.919
27,98,2,2,1.100,1.360
27,98,2,3,1.620,2.679
27,98,2,4,3.419,3.879
27,98,2,5,3.919,4.739
27,98,2,6,4.779,5.279
27,98,2,7,5.440,6.420
27,98,3,1,0.319,0.839
27,98,3,2,0.939,1.559
27,98,3,3,1.659,2.559
27,98,3,4,2.639,3.019
27,98,3,5,3.079,3.779
27,98,3,6,4.380,4.859
27,98,3,7,4.900,5.199
27,98,3,8,5.339,5.960
27,98,3,9,6.039,6.579
27,98,3,10,6.899,7.119
27,98,3,11,7.199,8.039
27,98,3,12,8.099,9.119
27,98,4,1,0.259,0.899
27,98,4,2,0.919,1.059
27,98,4,3,1.620,1.819
27,98,4,4,1.860,2.579
27,98,4,5,3.059,3.619
27,98,4,6,3.639,4.579
27,98,4,7,4.619,5.719
27,98,5,1,0.259,0.939
27,98,5,2,1.000,1.620
27,98,5,3,1.719,2.519
27,98,5,4,2.980,3.779
27,98,5,5,3.879,4.319
27,98,5,6,4.400,5.219
27,98,6,1,0.259,1.399
27,98,6,2,1.459,1.879
27,98,6,3,1.939,2.460
27,98,6,4,3.079,3.740
27,98,6,5,3.799,4.239
27,98,6,6,4.279,5.179
27,98,6,7,5.279,6.139
27,98,7,1,0.299,0.959
27,98,7,2,1.019,1.639
27,98,7,3,1.659,2.319
27,98,7,4,2.759,3.419
27,98,7,5,3.740,4.599
27,98,7,6,4.639,5.119
27,98,8,1,0.259,0.939
27,98,8,2,0.979,1.839
27,98,8,3,1.860,2.240
27,98,8,4,3.000,3.539
27,98,8,5,3.639,4.199
27,98,8,6,4.259,5.420
27,98,9,1,0.219,0.919
27,98,9,2,1.059,1.419
27,98,9,3,1.899,2.099
27,98,9,4,2.119,2.419
27,98,9,5,2.460,3.079
27,98,9,6,3.159,4.000
27,98,9,7,4.759,5.460
27,98,9,8,5.480,5.879
27,98,9,9,6.000,6.799
27,98,9,10,7.399,8.439
27,98,9,11,8.500,9.599
27,99,1,1,0.239,0.479
27,99,1,2,1.159,1.659
27,99,1,3,1.699,2.259
27,99,1,4,2.299,2.819
27,99,1,5,3.559,4.079
27,99,1,6,4.159,4.759
27,99,1,7,5.039,5.539
27,99,1,8,5.599,6.419
27,99,2,1,0.219,0.500
27,99,2,2,0.799,1.579
27,99,2,3,1.620,2.079
27,99,2,4,2.639,3.240
27,99,2,5,3.319,3.679
27,99,2,6,3.759,3.859
27,99,2,7,4.039,4.339
27,99,2,8,4.440,5.420
27,99,3,1,0.239,0.659
27,99,3,2,0.740,1.339
27,99,3,3,1.379,1.819
27,99,3,4,1.899,2.480
27,99,3,5,3.059,3.639
27,99,3,6,3.659,4.139
27,99,4,1,0.259,0.719
27,99,4,2,0.779,1.339
27,99,4,3,1.379,1.959
27,99,4,4,2.059,2.519
27,99,4,5,2.960,3.539
27,99,4,6,3.720,4.460
27,99,4,7,4.599,5.199
27,99,4,8,5.719,6.279
27,99,4,9,6.299,7.079
27,99,4,10,7.159,8.279
27,99,4,11,8.340,8.979
27,99,4,12,9.059,9.939
27,99,5,1,0.319,0.879
27,99,5,2,0.919,1.019
27,99,5,3,1.719,2.379
27,99,5,4,2.740,3.819
27,99,5,5,3.899,4.420
27,99,5,6,4.480,5.139
27,99,5,7,5.579,6.159
27,99,5,8,6.199,6.659
27,99,6,1,0.239,0.839
27,99,6,2,0.959,1.799
27,99,6,3,2.059,2.919
27,99,6,4,3.419,4.420
27,99,6,5,4.539,5.199
27,99,6,6,5.219,5.719
27,99,6,7,6.619,7.619
27,99,6,8,7.719,7.960
27,99,6,9,8.159,8.460
27,99,6,10,9.239,9.560
27,99,6,11,9.561,10.539
27,99,7,1,0.319,1.179
27,99,7,2,1.220,1.799
27,99,7,3,2.139,2.939
27,99,7,4,3.000,3.539
27,99,7,5,4.239,4.880
27,99,7,6,5.000,5.339
27,99,7,7,5.960,6.679
27,99,7,8,6.779,7.199
27,99,7,9,7.299,8.039
27,99,8,1,0.159,0.519
27,99,8,2,1.120,1.799
27,99,8,3,1.919,2.480
27,99,8,4,2.599,3.359
27,99,8,5,4.000,4.339
27,99,8,6,4.480,5.099
27,99,8,7,5.179,5.759
27,99,8,8,5.799,6.299
27,99,8,9,6.879,7.559
27,99,8,10,8.079,8.279
27,99,8,11,8.340,9.419
27,99,9,1,0.280,0.899
27,99,9,2,0.919,1.059
27,99,9,3,1.719,2.399
27,99,9,4,3.059,4.119
27,99,9,5,4.179,4.579
27,99,9,6,4.619,5.179
27,99,9,7,5.659,5.799
27,99,9,8,5.940,6.719
27,99,9,9,6.819,6.919
27,99,9,10,7.519,8.559
27,100,1,1,0.159,0.759
27,100,1,2,0.839,1.339
27,100,1,3,2.279,2.919
27,100,1,4,2.960,3.240
27,100,1,5,3.679,3.859
27,100,1,6,3.919,4.559
27,100,2,1,0.239,0.680
27,100,2,2,0.740,0.859
27,100,2,3,0.879,1.500
27,100,2,4,1.539,2.200
27,100,2,5,2.779,3.119
27,100,2,6,3.220,3.919
27,100,2,7,4.039,4.940
27,100,3,1,0.319,0.740
27,100,3,2,1.159,1.339
27,100,3,3,1.359,2.519
27,100,3,4,2.579,2.599
27,100,3,5,2.659,3.179
27,100,3,6,3.799,4.219
27,100,3,7,4.339,5.039
27,100,3,8,5.179,5.619
27,100,3,9,5.639,6.299
27,100,3,10,7.000,7.899
27,100,3,11,7.960,8.559
27,100,3,12,8.679,9.600
27,100,4,1,0.319,0.879
27,100,4,2,0.919,1.539
27,100,4,3,1.620,2.139
27,100,4,4,2.579,3.460
27,100,4,5,3.599,4.420
27,100,4,6,5.339,5.819
27,100,4,7,5.920,6.139
27,100,4,8,6.799,7.539
27,100,4,9,7.579,8.319
27,100,5,1,0.199,0.379
27,100,5,2,0.519,0.939
27,100,5,3,0.959,1.539
27,100,5,4,1.659,2.180
27,100,5,5,2.259,2.799
27,100,5,6,3.319,3.799
27,100,5,7,3.839,4.199
27,100,5,8,4.279,4.839
27,100,5,9,5.099,6.179
27,101,1,1,0.219,0.779
27,101,1,2,0.859,1.319
27,101,1,3,2.180,2.799
27,101,1,4,2.819,3.619
27,101,1,5,3.679,4.380
27,101,1,6,4.940,5.539
27,101,1,7,5.559,5.560
27,101,1,8,5.599,7.519
27,101,2,1,0.199,0.939
27,101,2,2,0.979,1.480
27,101,2,3,1.539,2.039
27,101,2,4,2.679,3.119
27,101,2,5,3.279,3.819
27,101,2,6,3.919,4.319
27,101,2,7,4.900,5.779
27,101,2,8,5.819,6.259
27,101,2,9,6.339,6.859
27,101,2,10,7.440,8.260
27,101,2,11,8.300,8.939
27,101,3,1,0.319,0.579
27,101,3,2,0.740,1.240
27,101,3,3,1.279,1.860
27,101,3,4,1.899,2.339
27,101,3,5,2.440,2.819
27,101,3,6,2.960,3.919
27,101,3,7,4.940,5.400
27,101,3,8,5.500,6.019
27,101,3,9,6.139,6.779
27,101,3,10,7.440,7.579
27,101,3,11,7.839,8.519
27,101,3,12,8.559,9.000
27,101,4,1,0.299,0.799
27,101,4,2,0.859,1.699
27,101,4,3,1.799,2.359
27,101,4,4,2.500,3.339
27,101,4,5,4.420,4.859
27,101,4,6,5.279,5.519
27,101,4,7,5.619,6.319
27,101,5,1,0.319,1.279
27,101,5,2,1.379,2.299
27,101,5,3,2.879,3.559
27,101,5,4,3.980,4.420
27,101,5,5,4.599,5.259
27,101,5,6,5.879,6.420
27,101,5,7,6.460,7.379
27,101,5,8,7.419,7.960
27,101,5,9,8.039,8.519
27,101,5,10,9.079,9.599
27,101,5,11,10.139,10.319
27,101,5,12,10.460,11.259
27,101,6,1,0.379,1.000
27,101,6,2,1.100,2.159
27,101,6,3,2.379,2.939
27,101,6,4,3.179,4.000
27,101,6,5,4.059,4.739
27,101,6,6,5.619,6.119
27,101,6,7,6.199,6.759
27,101,6,8,6.899,7.379
27,101,6,9,7.579,7.839
27,101,6,10,7.919,9.239
27,101,7,1,0.319,0.699
27,101,7,2,0.779,1.559
27,101,7,3,1.620,2.359
27,101,7,4,2.379,2.799
27,101,7,5,2.939,3.399
27,101,7,6,3.439,4.119
27,101,7,7,4.880,5.339
27,101,7,8,5.380,6.039
27,101,7,9,6.500,6.639
27,101,7,10,6.719,7.379
27,101,7,11,7.480,8.000
27,101,7,12,8.079,8.819
27,101,8,1,0.259,1.279
27,101,8,2,1.459,2.159
27,101,8,3,2.220,2.460
27,101,8,4,2.500,3.039
27,101,8,5,3.119,3.679
27,101,8,6,4.279,5.139
27,101,8,7,5.259,5.759
27,101,8,8,5.819,6.099
27,101,8,9,6.920,7.279
27,101,8,10,7.519,8.199
27,101,8,11,8.300,9.000
27,102,1,1,0.280,1.039
27,102,1,2,1.179,1.779
27,102,1,3,1.899,2.079
27,102,1,4,2.119,2.819
27,102,1,5,3.679,4.339
27,102,1,6,4.460,4.759
27,102,1,7,5.139,5.859
27,102,1,8,5.980,6.379
27,102,2,1,0.239,0.579
27,102,2,2,1.100,1.639
27,102,2,3,1.759,2.619
27,102,2,4,3.379,4.599
27,102,2,5,4.659,5.099
27,102,2,6,5.259,5.960
27,102,3,1,0.280,0.459
27,102,3,2,0.560,1.139
27,102,3,3,1.179,1.599
27,102,3,4,1.740,2.480
27,102,3,5,3.039,3.599
27,102,3,6,3.720,4.019
27,102,3,7,4.099,4.259
27,102,3,8,4.699,5.440
27,102,3,9,5.519,6.059
27,102,3,10,6.239,6.999
27,102,3,11,7.619,8.199
27,102,3,12,8.260,8.840
27,102,3,13,9.300,9.880
27,102,3,14,9.939,10.739
27,102,4,1,0.259,0.439
27,102,4,2,0.519,1.039
27,102,4,3,1.120,1.759
27,102,4,4,1.799,2.299
27,102,4,5,2.939,4.059
27,102,4,6,4.179,4.739
27,102,4,7,4.859,5.720
27,102,5,1,0.119,0.639
27,102,5,2,0.659,1.240
27,102,5,3,1.299,2.159
27,102,5,4,2.200,2.700
27,102,5,5,3.519,3.679
27,102,5,6,3.699,4.500
27,102,5,7,4.619,5.319
27,102,5,8,5.400,6.239
27,102,6,1,0.439,1.059
27,102,6,2,1.319,2.099
27,102,6,3,2.619,3.339
27,102,6,4,3.379,3.859
27,102,6,5,3.980,4.940
27,102,7,1,0.199,0.899
27,102,7,2,0.959,1.579
27,102,7,3,1.659,2.259
27,102,7,4,2.679,3.419
27,102,7,5,3.559,4.199
27,102,7,6,4.500,5.420
27,102,8,1,0.379,1.259
27,102,8,2,1.379,2.259
27,102,8,3,2.819,3.619
27,102,8,4,3.779,4.259
27,102,8,5,4.360,4.559
27,102,8,6,4.619,5.219
27,102,9,1,0.239,0.599
27,102,9,2,0.639,1.240
27,102,9,3,1.379,2.200
27,102,9,4,2.299,3.000
27,102,9,5,3.859,4.739
27,102,9,6,4.839,5.079
27,102,9,7,5.119,6.139
27,102,10,1,0.239,0.500
27,102,10,2,0.599,1.139
27,102,10,3,1.259,2.039
27,102,10,4,2.099,2.720
27,102,10,5,3.339,4.519
27,102,10,6,4.659,5.380
27,102,10,7,5.460,6.320
27,102,11,1,0.539,1.179
27,102,11,2,1.319,2.059
27,102,11,3,2.159,3.220
27,102,11,4,4.099,4.480
27,102,11,5,4.619,5.839
27,102,11,6,5.900,7.440
27,102,12,1,0.359,0.899
27,102,12,2,1.019,1.559
27,102,12,3,1.659,2.200
27,102,12,4,2.879,3.579
27,102,12,5,3.599,4.440
27,102,12,6,4.500,5.360
27,102,13,1,0.340,1.259
27,102,13,2,1.279,1.819
27,102,13,3,2.000,2.539
27,102,13,4,2.639,3.199
27,102,13,5,3.659,4.819
27,102,13,6,4.920,5.339
27,102,13,7,5.380,6.139
27,102,14,1,0.239,0.779
27,102,14,2,0.879,1.379
27,102,14,3,1.480,2.039
27,102,14,4,2.200,2.839
27,102,14,5,3.359,3.519
27,102,14,6,3.559,3.899
27,102,14,7,3.959,4.799
27,102,14,8,5.279,5.460
27,102,14,9,5.519,5.839
27,102,14,10,5.960,6.659
27,102,15,1,0.319,0.519
27,102,15,2,0.539,1.100
27,102,15,3,1.199,2.019
27,102,15,4,2.200,2.519
27,102,15,5,2.579,3.299
27,102,15,6,3.980,4.480
27,102,15,7,4.579,5.099
27,102,15,8,5.460,6.500
27,102,16,1,0.259,1.019
27,102,16,2,1.039,1.740
27,102,16,3,1.779,2.059
27,102,16,4,2.099,2.460
27,102,16,5,2.500,3.740
27,102,16,6,3.839,4.339
27,102,16,7,4.420,4.900
27,102,16,8,4.960,5.819
27,102,16,9,5.859,6.039
27,102,16,10,6.179,7.099
27,102,17,1,0.280,0.639
27,102,17,2,0.759,1.319
27,102,17,3,1.439,1.459
27,102,17,4,2.079,2.700
27,102,17,5,3.639,4.299
27,102,17,6,4.460,5.420
27,102,18,1,0.239,0.659
27,102,18,2,0.799,0.959
27,102,18,3,1.079,1.799
27,102,18,4,1.879,2.639
27,102,18,5,3.259,3.679
27,102,18,6,3.779,4.519
27,102,18,7,4.539,4.839
27,102,18,8,4.859,6.059
27,102,19,1,0.340,1.100
27,102,19,2,1.120,1.500
27,102,19,3,1.559,1.979
27,102,19,4,2.079,2.679
27,102,19,5,3.279,3.759
27,102,19,6,3.839,4.420
27,102,19,7,4.880,5.699
27,102,19,8,5.819,6.259
27,102,20,1,0.280,0.399
27,102,20,2,0.439,1.039
27,102,20,3,1.199,1.819
27,102,20,4,1.860,2.359
27,102,20,5,3.159,3.480
27,102,20,6,3.939,4.900
27,102,20,7,4.980,5.219
27,102,20,8,5.259,5.739
27,102,20,9,5.779,6.419
27,102,21,1,0.379,0.939
27,102,21,2,1.419,2.079
27,102,21,3,2.119,2.639
27,102,21,4,3.059,3.839
27,102,21,5,4.159,4.480
27,102,21,6,4.559,5.420
27,102,22,1,0.399,1.059
27,102,22,2,1.159,1.959
27,102,22,3,2.079,2.460
27,102,22,4,2.519,2.639
27,102,22,5,3.799,5.000
27,102,22,6,5.139,6.480
27,102,23,1,0.340,1.500
27,102,23,2,1.699,2.359
27,102,23,3,2.460,3.019
27,102,23,4,3.659,4.619
27,102,23,5,4.699,5.279
27,102,23,6,5.319,5.460
27,102,23,7,5.519,6.419
27,102,24,1,0.299,0.839
27,102,24,2,0.959,1.819
27,102,24,3,1.839,2.279
27,102,24,4,2.960,3.839
27,102,24,5,3.919,4.759
27,102,25,1,0.259,0.819
27,102,25,2,1.139,1.699
27,102,25,3,2.240,2.539
27,102,25,4,2.659,3.500
27,102,25,5,3.619,4.299
27,102,25,6,4.319,4.779
27,102,25,7,5.420,5.879
27,102,25,8,6.000,6.539
27,102,25,9,6.699,7.799
27,102,26,1,0.399,1.179
27,102,26,2,1.199,2.039
27,102,26,3,2.079,2.839
27,102,26,4,3.500,4.299
27,102,26,5,4.360,4.880
27,102,26,6,5.239,6.179
27,102,27,1,0.259,0.919
27,102,27,2,1.000,1.759
27,102,27,3,1.819,2.559
27,102,27,4,2.700,3.359
27,102,27,5,3.980,4.920
27,102,27,6,5.059,5.960
27,102,27,7,6.039,6.579
27,102,27,8,7.399,8.239
27,102,27,9,8.500,9.539
27,102,27,10,9.800,11.019
27,102,28,1,0.099,0.939
27,102,28,2,1.059,1.979
27,102,28,3,1.980,2.700
27,102,28,4,2.819,3.059
27,102,28,5,3.199,4.340
27,102,29,1,0.259,0.680
27,102,29,2,0.759,1.419
27,102,29,3,1.599,2.419
27,102,29,4,3.039,4.000
27,102,29,5,4.380,5.079
27,102,29,6,5.279,6.139
27,103,1,1,0.199,0.779
27,103,1,2,3.240,3.839
27,103,1,3,3.859,4.440
27,103,1,4,4.579,4.839
27,103,1,5,4.880,5.159
27,103,1,6,6.039,6.460
27,103,1,7,6.579,7.279
27,103,1,8,7.460,7.679
27,103,1,9,7.699,7.960
27,103,1,10,8.039,8.739
27,103,2,1,0.299,0.859
27,103,2,2,0.919,1.399
27,103,2,3,1.539,1.860
27,103,2,4,1.919,2.539
27,103,2,5,3.139,3.699
27,103,2,6,3.859,4.639
27,103,2,7,4.679,4.900
27,103,2,8,4.980,5.820
27,103,3,1,0.299,1.360
27,103,3,2,1.419,1.919
27,103,3,3,1.959,2.659
27,103,3,4,3.299,4.039
27,103,3,5,4.119,4.639
27,103,3,6,4.819,6.059
27,103,4,1,0.259,1.019
27,103,4,2,1.120,2.039
27,103,4,3,2.099,2.899
27,103,4,4,3.579,5.059
27,103,4,5,5.119,5.799
27,103,4,6,5.859,6.920
27,103,5,1,0.219,1.199
27,103,5,2,1.259,1.959
27,103,5,3,2.039,2.599
27,103,5,4,3.359,4.380
27,103,5,5,4.480,5.339
27,103,5,6,5.400,6.420
27,103,6,1,0.299,0.939
27,103,6,2,1.039,1.759
27,103,6,3,1.779,2.879
27,103,6,4,2.980,3.959
27,103,6,5,4.059,4.480
27,103,6,6,4.579,5.539
27,103,7,1,0.379,0.999
27,103,7,2,1.139,1.939
27,103,7,3,2.000,2.599
27,103,7,4,3.199,3.659
27,103,7,5,3.819,4.719
27,103,7,6,4.819,5.960
27,103,8,1,0.280,0.899
27,103,8,2,0.959,1.819
27,103,8,3,1.959,3.419
27,103,8,4,3.420,3.740
27,103,8,5,3.799,4.659
27,103,8,6,4.699,5.179
27,103,8,7,5.239,6.059
27,103,9,1,0.299,0.620
27,103,9,2,0.680,1.419
27,103,9,3,1.439,1.899
27,103,9,4,2.519,2.939
27,103,9,5,3.059,3.679
27,103,9,6,3.839,4.759
27,103,10,1,0.439,0.759
27,103,10,2,0.839,1.939
27,103,10,3,2.059,2.659
27,103,10,4,2.679,3.139
27,103,10,5,3.859,4.279
27,103,10,6,4.380,5.639
27,103,10,7,5.759,6.319
27,103,10,8,6.379,7.099
27,103,11,1,0.219,0.419
27,103,11,2,0.479,1.079
27,103,11,3,1.639,2.339
27,103,11,4,2.419,2.539
27,103,11,5,2.619,3.419
27,103,11,6,4.079,4.659
27,103,11,7,4.719,5.339
27,103,11,8,5.440,5.619
27,103,11,9,5.679,6.659
27,103,12,1,0.239,0.899
27,103,12,2,0.959,1.559
27,103,12,3,1.599,2.559
27,103,12,4,3.159,3.819
27,103,12,5,3.899,4.900
27,103,12,6,4.940,5.199
27,103,12,7,5.259,6.420
27,103,13,1,0.199,1.039
27,103,13,2,1.079,1.480
27,103,13,3,1.519,1.740
27,103,13,4,1.779,2.200
27,103,13,5,2.759,3.559
27,103,13,6,3.619,3.759
27,103,13,7,4.460,4.599
27,103,13,8,4.679,5.539
27,103,14,1,0.199,0.379
27,103,14,2,0.399,0.699
27,103,14,3,0.720,1.139
27,103,14,4,1.279,2.139
27,103,14,5,2.659,3.259
27,103,14,6,3.359,3.500
27,103,14,7,3.559,4.159
27,103,14,8,4.219,5.019
27,103,15,1,0.319,0.919
27,103,15,2,0.939,1.679
27,103,15,3,1.719,2.279
27,103,15,4,2.919,3.519
27,103,15,5,3.639,4.420
27,103,15,6,4.779,5.099
27,103,15,7,5.139,6.059
27,103,16,1,0.239,0.399
27,103,16,2,0.479,1.019
27,103,16,3,1.039,1.620
27,103,16,4,1.659,2.079
27,103,16,5,2.099,2.720
27,103,16,6,3.460,3.879
27,103,16,7,4.019,5.119
27,103,16,8,5.179,5.619
27,103,16,9,5.659,6.500
27,103,17,1,0.159,1.039
27,103,17,2,1.139,1.459
27,103,17,3,2.220,2.939
27,103,17,4,3.059,3.439
27,103,17,5,3.500,3.939
27,103,17,6,4.059,4.219
27,103,17,7,4.279,4.940
27,103,17,8,5.400,6.460
27,103,17,9,6.500,7.019
27,103,17,10,7.039,7.719
27,103,18,1,0.239,0.899
27,103,18,2,0.979,1.539
27,103,18,3,2.220,3.119
27,103,18,4,3.359,4.219
27,103,18,5,4.299,5.360
27,103,19,1,0.299,0.619
27,103,19,2,1.039,2.099
27,103,19,3,2.139,2.539
27,103,19,4,2.659,3.279
27,103,19,5,4.019,4.980
27,103,19,6,5.119,5.779
27,103,19,7,5.920,6.920
27,103,20,1,0.280,0.819
27,103,20,2,0.879,1.019
27,103,20,3,1.039,1.120
27,103,20,4,1.620,2.440
27,103,20,5,2.960,3.599
27,103,20,6,3.740,3.819
27,103,20,7,4.179,4.900
27,103,20,8,4.940,5.440
27,103,20,9,6.000,6.899
27,103,20,10,6.960,7.399
27,103,20,11,7.480,8.219
27,103,21,1,0.419,0.899
27,103,21,2,1.000,1.100
27,103,21,3,1.199,1.219
27,103,21,4,1.579,1.759
27,103,21,5,1.919,2.539
27,103,21,6,3.119,4.019
27,103,21,7,4.059,4.460
27,103,21,8,4.480,5.420
27,103,22,1,0.239,0.779
27,103,22,2,0.839,1.000
27,103,22,3,1.100,1.579
27,103,22,4,1.580,1.919
27,103,22,5,2.059,2.759
27,103,22,6,3.379,3.879
27,103,22,7,4.000,4.839
27,103,22,8,4.980,5.819
27,103,22,9,6.319,6.960
27,103,22,10,7.039,7.679
27,103,22,11,8.099,8.519
27,103,22,12,8.579,9.420
27,104,1,1,0.199,0.779
27,104,1,2,0.839,1.339
27,104,1,3,1.439,1.639
27,104,1,4,1.699,2.839
27,104,1,5,2.879,3.240
27,104,1,6,3.241,4.339
27,104,1,7,4.420,4.880
27,104,1,8,5.039,5.980
27,104,1,9,6.000,6.399
27,104,1,10,6.480,7.099
27,104,1,11,7.199,8.039
27,104,2,1,0.239,0.759
27,104,2,2,0.939,1.220
27,104,2,3,1.399,2.279
27,104,2,4,2.980,3.399
27,104,2,5,3.539,4.259
27,104,2,6,4.380,5.420
27,104,3,1,0.319,1.039
27,104,3,2,1.159,1.939
27,104,3,3,2.000,2.839
27,104,3,4,3.419,4.019
27,104,3,5,4.099,4.519
27,104,3,6,4.639,6.399
27,104,3,7,6.599,7.480
27,104,3,8,7.519,7.639
27,104,3,9,7.739,8.159
27,104,3,10,8.260,8.940
27,104,4,1,0.299,0.879
27,104,4,2,0.959,1.579
27,104,4,3,1.639,2.139
27,104,4,4,2.939,3.919
27,104,4,5,4.139,4.559
27,104,4,6,4.599,5.360
27,104,5,1,0.319,0.899
27,104,5,2,1.199,1.799
27,104,5,3,1.879,2.039
27,104,5,4,2.139,2.819
27,104,5,5,3.599,3.819
27,104,5,6,3.939,4.579
27,104,5,7,4.679,5.059
27,104,5,8,5.139,5.820
27,104,6,1,0.359,0.979
27,104,6,2,1.000,1.819
27,104,6,3,1.839,2.599
27,104,6,4,3.359,3.599
27,104,6,5,3.679,4.199
27,104,6,6,4.279,4.940
27,104,6,7,5.079,5.820
27,104,7,1,0.319,0.639
27,104,7,2,0.680,1.419
27,104,7,3,1.679,2.339
27,104,7,4,2.919,3.119
27,104,7,5,3.259,3.480
27,104,7,6,3.639,4.279
27,104,7,7,4.400,5.539
27,104,8,1,0.399,1.000
27,104,8,2,1.059,1.559
27,104,8,3,1.679,2.220
27,104,8,4,2.339,2.919
27,104,8,5,3.639,3.919
27,104,8,6,3.939,4.460
27,104,8,7,4.599,4.779
27,104,8,8,4.799,5.420
27,104,8,9,5.480,6.239
27,104,9,1,0.340,0.879
27,104,9,2,0.979,1.319
27,104,9,3,1.500,1.759
27,104,9,4,1.819,2.619
27,104,9,5,3.359,3.679
27,104,9,6,3.779,4.619
27,104,9,7,5.000,5.839
27,104,9,8,5.920,6.739
27,104,10,1,0.340,1.179
27,104,10,2,1.579,2.240
27,104,10,3,2.359,3.220
27,104,10,4,3.799,4.000
27,104,10,5,4.099,4.579
27,104,10,6,4.699,5.819
27,104,11,1,0.319,0.859
27,104,11,2,0.979,1.159
27,104,11,3,1.319,1.839
27,104,11,4,1.979,2.480
27,104,11,5,3.299,3.959
27,104,11,6,4.119,4.779
27,104,11,7,4.980,5.960
27,104,12,1,0.359,1.079
27,104,12,2,1.120,1.319
27,104,12,3,1.399,2.319
27,104,12,4,2.379,2.980
27,104,12,5,3.859,4.440
27,104,12,6,4.579,5.380
27,104,12,7,5.440,6.159
27,104,12,8,6.279,7.099
27,104,13,1,0.340,0.819
27,104,13,2,0.979,1.500
27,104,13,3,1.860,2.939
27,104,13,4,3.919,4.699
27,104,13,5,4.739,5.639
27,104,13,6,6.039,6.779
27,104,13,7,6.819,7.720
27,104,14,1,0.239,0.939
27,104,14,2,1.059,1.559
27,104,14,3,1.620,2.339
27,104,14,4,2.980,3.799
27,104,14,5,3.879,4.639
27,104,14,6,4.679,5.279
27,104,14,7,5.900,6.679
27,104,14,8,6.819,7.319
27,104,14,9,7.659,7.879
27,104,14,10,7.940,8.939
27,104,15,1,0.219,1.019
27,104,15,2,1.079,1.959
27,104,15,3,2.000,2.440
27,104,15,4,2.500,3.019
27,104,15,5,3.579,4.239
27,104,15,6,4.319,4.819
27,104,15,7,4.859,5.719
27,104,15,8,6.219,7.299
27,104,15,9,7.379,7.839
27,104,15,10,8.000,8.579
27,104,15,11,8.699,9.600
27,104,16,1,0.359,1.139
27,104,16,2,1.220,1.759
27,104,16,3,1.799,2.879
27,104,16,4,2.960,3.460
27,104,16,5,3.519,4.279
27,104,16,6,4.319,4.739
27,104,16,7,4.819,5.539
27,104,17,1,0.199,0.680
27,104,17,2,0.719,1.079
27,104,17,3,1.199,1.979
27,104,17,4,2.019,3.139
27,104,17,5,4.019,4.719
27,104,17,6,4.960,5.659
27,104,17,7,5.779,6.420
27,104,18,1,0.259,0.699
27,104,18,2,0.779,1.740
27,104,18,3,1.779,2.679
27,104,18,4,3.519,4.299
27,104,18,5,4.339,4.980
27,104,18,6,5.039,6.319
27,104,19,1,0.359,0.740
27,104,19,2,0.939,1.579
27,104,19,3,1.639,2.359
27,104,19,4,3.220,3.799
27,104,19,5,3.879,4.480
27,104,19,6,4.500,5.539
27,104,20,1,0.259,0.979
27,104,20,2,1.019,1.639
27,104,20,3,1.719,2.119
27,104,20,4,2.200,2.740
27,104,20,5,3.480,3.759
27,104,20,6,3.899,4.579
27,104,20,7,4.739,4.960
27,104,20,8,5.079,5.519
27,104,20,9,5.579,6.320
27,104,21,1,0.239,1.100
27,104,21,2,1.220,1.779
27,104,21,3,1.839,2.720
27,104,21,4,3.359,4.360
27,104,21,5,4.480,5.079
27,104,21,6,5.239,6.139
27,104,22,1,0.199,0.839
27,104,22,2,0.919,2.079
27,104,22,3,2.159,3.119
27,104,22,4,3.839,4.299
27,104,22,5,4.400,5.380
27,104,22,6,5.440,6.500
27,104,23,1,0.399,0.939
27,104,23,2,1.120,1.779
27,104,23,3,1.879,3.000
27,104,23,4,3.579,4.940
27,104,23,5,5.000,5.380
27,104,23,6,5.460,6.239
27,104,24,1,0.319,0.639
27,104,24,2,0.759,1.339
27,104,24,3,1.439,2.359
27,104,24,4,2.500,3.220
27,104,24,5,3.980,4.719
27,104,24,6,4.819,5.559
27,104,24,7,5.679,6.259
27,104,24,8,6.920,7.579
27,104,24,9,7.619,8.479
27,104,24,10,8.519,9.539
27,104,25,1,0.359,0.719
27,104,25,2,0.759,1.399
27,104,25,3,1.480,1.979
27,104,25,4,2.000,2.500
27,104,25,5,2.539,3.139
27,104,25,6,3.639,3.980
27,104,25,7,4.059,4.659
27,104,25,8,4.719,5.119
27,104,25,9,5.239,5.900
27,104,25,10,6.420,7.159
27,104,25,11,7.359,8.260
27,104,25,12,8.460,8.699
27,104,25,13,8.800,9.599
27,104,26,1,0.399,0.859
27,104,26,2,0.899,1.699
27,104,26,3,1.799,2.639
27,104,26,4,3.399,4.119
27,104,26,5,4.239,4.400
27,104,26,6,4.519,5.219
27,104,26,7,5.480,6.239
27,104,26,8,6.420,6.920
27,104,27,1,0.259,1.019
27,104,27,2,1.079,1.539
27,104,27,3,1.559,2.639
27,104,27,4,3.199,3.819
27,104,27,5,3.859,4.539
27,104,27,6,4.659,5.539
27,104,28,1,0.119,0.459
27,104,28,2,0.500,0.939
27,104,28,3,1.000,1.719
27,104,28,4,2.480,3.059
27,104,28,5,3.119,3.579
27,104,28,6,4.000,4.839
27,104,28,7,4.900,5.420
27,104,29,1,0.179,0.779
27,104,29,2,0.919,1.379
27,104,29,3,1.639,2.599
27,104,29,4,3.139,3.720
27,104,29,5,3.759,4.339
27,104,29,6,4.460,5.239
27,104,29,7,5.879,6.359
27,104,29,8,6.460,7.199
27,104,29,9,7.480,8.399
27,104,30,1,0.199,0.959
27,104,30,2,1.039,1.699
27,104,30,3,1.860,2.819
27,104,30,4,3.699,4.799
27,104,30,5,4.960,5.480
27,104,30,6,5.539,6.319
27,104,31,1,0.340,0.799
27,104,31,2,0.919,1.519
27,104,31,3,1.539,1.799
27,104,31,4,2.200,2.799
27,104,31,5,3.619,4.299
27,104,31,6,4.420,4.539
27,104,31,7,5.259,6.420
27,104,32,1,0.219,1.139
27,104,32,2,1.159,1.959
27,104,32,3,2.019,2.799
27,104,32,4,3.659,4.400
27,104,32,5,4.440,5.119
27,104,32,6,5.239,6.500
27,104,33,1,0.319,1.079
27,104,33,2,1.139,1.500
27,104,33,3,1.919,2.679
27,104,33,4,3.339,4.360
27,104,33,5,4.480,5.119
27,104,33,6,5.259,6.139
27,104,34,1,0.319,1.079
27,104,34,2,1.139,1.539
27,104,34,3,1.639,2.139
27,104,34,4,2.779,3.439
27,104,34,5,3.740,4.440
27,104,34,6,4.559,5.419
27,104,35,1,0.140,0.699
27,104,35,2,0.819,1.679
27,104,35,3,1.759,2.000
27,104,35,4,2.079,2.879
27,104,35,5,3.659,4.519
27,104,35,6,4.639,4.880
27,104,35,7,5.019,5.480
27,104,35,8,6.299,6.960
27,104,35,9,7.099,7.739
27,104,35,10,7.960,8.300
27,104,35,11,8.359,8.640
27,104,35,12,9.479,10.179
27,104,35,13,10.260,10.739
27,105,1,1,0.280,0.799
27,105,1,2,0.859,1.599
27,105,1,3,1.699,2.259
27,105,1,4,2.299,2.899
27,105,1,5,3.559,4.239
27,105,1,6,4.279,5.019
27,105,1,7,5.139,6.239
27,105,2,1,0.379,0.859
27,105,2,2,0.919,1.159
27,105,2,3,1.279,1.939
27,105,2,4,1.959,2.200
27,105,2,5,2.980,3.699
27,105,2,6,3.759,4.299
27,105,2,7,4.360,5.639
27,105,3,1,0.259,1.139
27,105,3,2,1.220,1.639
27,105,3,3,1.740,2.339
27,105,3,4,3.240,4.079
27,105,3,5,4.219,4.759
27,105,3,6,4.839,5.619
27,105,3,7,5.779,6.659
27,105,4,1,0.319,1.059
27,105,4,2,1.079,1.219
27,105,4,3,1.360,2.559
27,105,4,4,3.179,3.879
27,105,4,5,4.039,4.719
27,105,4,6,4.759,5.420
27,105,5,1,0.340,0.939
27,105,5,2,1.039,2.159
27,105,5,3,2.220,2.659
27,105,5,4,2.700,3.139
27,105,5,5,3.879,4.779
27,105,5,6,4.980,5.859
27,105,5,7,6.039,6.659
27,105,6,1,0.319,0.779
27,105,6,2,0.939,1.719
27,105,6,3,1.799,2.299
27,105,6,4,3.179,3.619
27,105,6,5,3.699,4.400
27,105,6,6,4.579,5.539
27,105,7,1,0.319,0.779
27,105,7,2,1.279,2.220
27,105,7,3,2.221,2.819
27,105,7,4,3.439,3.980
27,105,7,5,4.079,4.920
27,105,7,6,5.039,6.139
27,105,8,1,0.280,0.859
27,105,8,2,0.919,1.439
27,105,8,3,1.539,2.099
27,105,8,4,2.819,3.319
27,105,8,5,3.480,4.199
27,105,8,6,4.219,4.880
27,105,8,7,4.940,5.539
27,105,9,1,0.219,0.799
27,105,9,2,0.839,1.319
27,105,9,3,1.379,1.620
27,105,9,4,1.679,2.399
27,105,9,5,3.059,4.159
27,105,9,6,4.219,5.360
27,105,10,1,0.179,1.459
27,105,10,2,1.519,2.460
27,105,10,3,2.500,2.960
27,105,10,4,3.759,5.159
27,105,10,5,5.219,5.599
27,105,10,6,5.679,6.420
27,105,11,1,0.340,0.919
27,105,11,2,1.419,2.039
27,105,11,3,2.180,2.779
27,105,11,4,3.279,3.639
27,105,11,5,3.699,4.239
27,105,11,6,4.299,4.960
27,105,11,7,5.539,6.139
27,105,11,8,6.259,7.119
27,105,12,1,0.239,1.019
27,105,12,2,1.059,1.439
27,105,12,3,1.459,2.180
27,105,12,4,2.799,3.480
27,105,12,5,3.519,4.159
27,105,12,6,4.299,4.760
27,105,13,1,0.239,1.620
27,105,13,2,1.719,2.339
27,105,13,3,2.460,2.619
27,105,13,4,2.720,3.019
27,105,13,5,3.460,4.719
27,105,13,6,4.980,5.199
27,105,13,7,5.299,5.599
27,105,13,8,5.639,6.320
27,105,14,1,0.280,0.599
27,105,14,2,0.639,1.459
27,105,14,3,1.480,2.539
27,105,14,4,2.559,2.960
27,105,14,5,3.759,4.699
27,105,14,6,4.759,5.359
27,105,14,7,5.519,6.320
27,105,15,1,0.259,0.500
27,105,15,2,0.639,1.240
27,105,15,3,1.379,2.339
27,105,15,4,2.960,4.179
27,105,15,5,4.299,4.500
27,105,15,6,4.639,5.639
27,105,16,1,0.219,0.899
27,105,16,2,0.979,1.659
27,105,16,3,1.719,1.899
27,105,16,4,1.979,2.720
27,105,16,5,3.339,3.699
27,105,16,6,3.859,4.460
27,105,16,7,4.480,5.079
27,105,16,8,5.519,6.319
27,105,17,1,0.280,0.680
27,105,17,2,0.759,1.379
27,105,17,3,1.419,1.759
27,105,17,4,2.480,3.099
27,105,17,5,3.259,3.819
27,105,17,6,3.939,4.759
27,105,18,1,0.239,0.879
27,105,18,2,1.279,2.139
27,105,18,3,2.200,2.819
27,105,18,4,3.699,4.480
27,105,18,5,4.619,5.099
27,105,18,6,5.119,6.059
27,105,19,1,0.359,0.779
27,105,19,2,0.859,1.179
27,105,19,3,1.480,1.740
27,105,19,4,1.819,2.440
27,105,19,5,3.019,3.699
27,105,19,6,3.879,4.199
27,105,19,7,4.679,5.719
27,105,20,1,0.259,0.680
27,105,20,2,0.759,1.259
27,105,20,3,1.299,2.579
27,105,20,4,3.199,3.639
27,105,20,5,3.699,4.199
27,105,20,6,4.259,5.719
27,105,21,1,0.359,0.879
27,105,21,2,1.179,1.639
27,105,21,3,1.699,2.359
27,105,21,4,2.919,3.720
27,105,21,5,4.059,4.699
27,105,21,6,4.739,5.719
27,105,22,1,0.199,0.979
27,105,22,2,1.079,1.679
27,105,22,3,1.759,2.500
27,105,22,4,3.419,4.539
27,105,22,5,4.639,5.639
27,105,23,1,0.319,0.799
27,105,23,2,1.100,1.819
27,105,23,3,1.899,2.759
27,105,23,4,3.279,4.159
27,105,23,5,4.219,4.699
27,105,23,6,4.739,5.440
27,105,23,7,5.579,6.139
27,105,24,1,0.340,1.220
27,105,24,2,1.259,1.379
27,105,24,3,1.459,1.959
27,105,24,4,2.000,2.559
27,105,24,5,3.259,4.839
27,105,24,6,4.880,6.059
27,105,25,1,0.280,0.819
27,105,25,2,0.839,1.419
27,105,25,3,1.500,1.939
27,105,25,4,2.099,2.559
27,105,25,5,3.079,4.219
27,105,25,6,4.259,5.420
27,105,26,1,0.199,0.620
27,105,26,2,0.699,1.240
27,105,26,3,1.299,1.819
27,105,26,4,2.279,2.919
27,105,26,5,3.259,3.839
27,105,26,6,3.859,4.339
27,105,26,7,4.380,4.940
27,105,27,1,0.539,1.000
27,105,27,2,1.120,1.480
27,105,27,3,1.500,2.000
27,105,27,4,2.019,2.859
27,105,27,5,3.079,4.079
27,105,27,6,4.179,4.980
27,105,27,7,5.019,5.639
27,105,28,1,0.239,0.719
27,105,28,2,0.819,1.399
27,105,28,3,1.500,2.859
27,105,28,4,4.380,4.779
27,105,28,5,4.960,5.599
27,105,28,6,5.659,5.859
27,105,28,7,5.920,6.739
27,105,29,1,0.299,0.759
27,105,29,2,0.779,0.959
27,105,29,3,1.039,1.639
27,105,29,4,1.719,2.279
27,105,29,5,2.939,3.899
27,105,29,6,3.939,4.199
27,105,29,7,4.219,5.219
27,105,30,1,0.379,1.039
27,105,30,2,1.120,1.620
27,105,30,3,1.759,2.619
27,105,30,4,3.259,4.119
27,105,30,5,4.179,5.359
27,105,31,1,0.299,0.899
27,105,31,2,1.139,1.799
27,105,31,3,1.879,2.299
27,105,31,4,2.819,3.539
27,105,31,5,3.579,3.959
27,105,31,6,4.059,4.940
27,105,32,1,0.299,0.759
27,105,32,2,0.819,1.500
27,105,32,3,1.620,2.119
27,105,32,4,2.899,3.379
27,105,32,5,3.419,4.159
27,105,32,6,4.279,5.219
27,105,33,1,0.319,0.879
27,105,33,2,0.979,1.740
27,105,33,3,1.779,2.819
27,105,33,4,3.699,4.679
27,105,33,5,4.779,5.039
27,105,33,6,5.179,6.139
27,105,34,1,0.319,0.839
27,105,34,2,1.159,1.559
27,105,34,3,1.959,2.480
27,105,34,4,3.079,4.019
27,105,34,5,4.039,4.599
27,105,34,6,4.619,5.639
27,105,35,1,0.179,1.120
27,105,35,2,1.220,1.459
27,105,35,3,1.559,2.099
27,105,35,4,2.200,3.059
27,105,35,5,3.659,4.679
27,105,35,6,4.839,5.299
27,105,35,7,5.440,6.420
27,105,36,1,0.239,0.919
27,105,36,2,0.939,1.139
27,105,36,3,1.220,1.799
27,105,36,4,1.860,2.679
27,105,36,5,3.480,4.139
27,105,36,6,4.219,4.699
27,105,36,7,4.859,5.639
27,105,37,1,0.319,1.259
27,105,37,2,1.360,2.180
27,105,37,3,2.259,2.960
27,105,37,4,3.579,4.099
27,105,37,5,4.239,5.139
27,105,37,6,5.259,6.139
27,105,38,1,0.280,0.759
27,105,38,2,0.839,1.639
27,105,38,3,1.759,2.519
27,105,38,4,3.159,3.299
27,105,38,5,3.339,4.039
27,105,38,6,4.319,5.159
27,105,38,7,5.219,6.139
27,105,39,1,0.280,0.879
27,105,39,2,0.899,1.399
27,105,39,3,1.439,2.139
27,105,39,4,2.859,3.619
27,105,39,5,4.039,4.799
27,105,39,6,4.940,5.720
27,105,40,1,0.359,0.899
27,105,40,2,0.959,1.740
27,105,40,3,1.819,2.359
27,105,40,4,3.059,3.799
27,105,40,5,3.959,4.759
27,105,40,6,4.799,5.960
27,105,41,1,0.219,0.899
27,105,41,2,1.019,1.480
27,105,41,3,1.579,2.939
27,105,41,4,2.960,3.460
27,105,41,5,4.179,4.880
27,105,41,6,5.079,6.179
27,105,41,7,6.259,7.099
27,105,42,1,0.219,0.379
27,105,42,2,0.439,0.959
27,105,42,3,0.979,1.100
27,105,42,4,1.120,1.439
27,105,42,5,1.559,2.159
27,105,42,6,2.579,2.879
27,105,42,7,2.980,3.799
27,105,42,8,3.899,4.639
27,105,43,1,0.239,1.039
27,105,43,2,1.139,1.620
27,105,43,3,1.699,2.419
27,105,43,4,3.159,4.000
27,105,43,5,4.039,4.299
27,105,43,6,4.360,5.359
27,105,44,1,0.259,1.100
27,105,44,2,1.120,1.620
27,105,44,3,1.659,2.279
27,105,44,4,2.319,2.779
27,105,44,5,3.419,4.019
27,105,44,6,4.059,4.839
27,105,44,7,4.880,5.960
27,105,45,1,0.319,1.039
27,105,45,2,1.379,2.159
27,105,45,3,2.220,2.919
27,105,45,4,3.579,4.639
27,105,45,5,5.099,6.039
27,105,45,6,6.379,7.039
27,105,45,7,7.199,7.719
27,106,1,1,0.259,0.879
27,106,1,2,0.899,1.179
27,106,1,3,2.000,2.539
27,106,1,4,2.599,3.299
27,106,1,5,3.339,3.519
27,106,1,6,3.539,3.939
27,106,1,7,4.579,4.719
27,106,1,8,4.759,5.500
27,106,1,9,5.539,6.320
27,106,2,1,0.299,0.459
27,106,2,2,0.560,1.259
27,106,2,3,1.319,1.939
27,106,2,4,1.959,3.220
27,106,2,5,3.359,4.139
27,106,2,6,4.319,4.579
27,106,2,7,4.699,5.719
27,106,3,1,0.199,0.819
27,106,3,2,0.919,1.459
27,106,3,3,1.500,2.039
27,106,3,4,2.720,3.139
27,106,3,5,3.259,4.000
27,106,3,6,4.119,4.559
27,106,3,7,4.599,5.119
27,106,4,1,0.359,1.139
27,106,4,2,1.199,1.339
27,106,4,3,1.860,2.419
27,106,4,4,2.500,3.259
27,106,4,5,4.339,5.119
27,106,4,6,5.199,6.500
27,106,5,1,0.280,1.000
27,106,5,2,1.039,1.639
27,106,5,3,1.779,2.539
27,106,5,4,3.480,4.360
27,106,5,5,4.420,5.119
27,106,5,6,5.239,5.859
27,106,5,7,6.599,7.839
27,106,5,8,7.919,8.260
27,106,5,9,8.300,9.539
27,106,6,1,0.280,1.199
27,106,6,2,1.299,1.620
27,106,6,3,1.879,2.639
27,106,6,4,3.139,4.119
27,106,6,5,4.219,5.420
27,106,7,1,0.280,1.019
27,106,7,2,1.079,2.019
27,106,7,3,2.039,2.220
27,106,7,4,2.240,3.000
27,106,7,5,3.319,4.480
27,106,7,6,5.019,5.299
27,106,7,7,5.440,6.179
27,106,7,8,6.379,6.599
27,106,7,9,6.659,6.959
27,106,7,10,7.019,7.799
27,106,7,11,8.359,9.099
27,106,7,12,9.239,9.399
27,106,7,13,9.420,9.819
27,106,7,14,9.920,10.340
27,106,7,15,10.420,10.920
27,106,8,1,0.280,1.299
27,106,8,2,1.319,1.899
27,106,8,3,1.919,2.339
27,106,8,4,3.159,4.000
27,106,8,5,4.039,4.239
27,106,8,6,4.279,5.359
27,106,9,1,0.239,1.220
27,106,9,2,1.399,1.819
27,106,9,3,1.860,2.519
27,106,9,4,2.599,3.480
27,106,9,5,4.159,5.199
27,106,9,6,5.239,6.299
27,106,9,7,6.480,7.619
27,106,10,1,0.280,1.399
27,106,10,2,1.439,2.019
27,106,10,3,2.039,2.480
27,106,10,4,3.139,4.299
27,106,10,5,4.380,5.079
27,106,10,6,5.119,5.960
27,106,11,1,0.259,1.240
27,106,11,2,1.279,1.779
27,106,11,3,1.919,2.599
27,106,11,4,3.240,3.559
27,106,11,5,3.659,4.179
27,106,11,6,4.339,4.480
27,106,11,7,4.539,5.360
27,106,12,1,0.319,1.339
27,106,12,2,1.419,2.200
27,106,12,3,2.799,3.539
27,106,12,4,3.619,4.940
27,106,13,1,0.259,0.919
27,106,13,2,1.039,1.740
27,106,13,3,1.779,2.500
27,106,13,4,3.279,3.500
27,106,13,5,3.599,4.199
27,106,13,6,4.319,5.420
27,106,14,1,0.280,1.620
27,106,14,2,1.719,2.339
27,106,14,3,2.359,3.199
27,106,14,4,3.939,4.980
27,106,14,5,5.019,5.440
27,106,14,6,5.559,6.659
27,106,15,1,0.319,1.139
27,106,15,2,1.159,1.639
27,106,15,3,1.740,2.599
27,106,15,4,3.339,4.219
27,106,15,5,4.279,4.859
27,106,15,6,5.000,6.059
27,106,16,1,0.239,1.220
27,106,16,2,1.279,1.939
27,106,16,3,2.000,2.879
27,106,16,4,3.480,4.400
27,106,16,5,4.599,5.139
27,106,16,6,5.339,6.139
27,106,17,1,0.259,0.899
27,106,17,2,1.059,1.679
27,106,17,3,1.719,2.460
27,106,17,4,2.639,3.159
27,106,17,5,3.819,4.839
27,106,17,6,4.859,5.139
27,106,17,7,5.199,5.819
27,106,17,8,5.879,6.839
27,106,18,1,0.399,1.319
27,106,18,2,1.360,1.879
27,106,18,3,1.979,2.839
27,106,18,4,3.619,4.239
27,106,18,5,4.480,5.059
27,106,18,6,5.119,6.059
27,106,19,1,0.359,1.000
27,106,19,2,1.039,1.599
27,106,19,3,1.679,2.299
27,106,19,4,2.879,4.119
27,106,19,5,4.199,5.420
27,106,20,1,0.280,1.259
27,106,20,2,1.299,1.500
27,106,20,3,1.599,2.259
27,106,20,4,2.879,3.619
27,106,20,5,3.639,4.179
27,106,20,6,4.239,4.679
27,106,20,7,4.759,5.539
27,106,21,1,0.280,0.979
27,106,21,2,1.159,1.319
27,106,21,3,1.500,2.159
27,106,21,4,2.759,3.259
27,106,21,5,3.379,4.099
27,106,21,6,4.159,5.420
27,106,22,1,0.199,1.179
27,106,22,2,1.240,1.939
27,106,22,3,1.979,2.299
27,106,22,4,3.000,3.939
27,106,22,5,3.980,4.159
27,106,22,6,4.219,4.440
27,106,22,7,4.579,5.119
27,106,23,1,0.299,1.480
27,106,23,2,1.559,2.559
27,106,23,3,3.099,3.539
27,106,23,4,3.659,4.139
27,106,23,5,4.179,4.839
27,106,23,6,5.219,5.699
27,106,23,7,5.799,6.699
27,106,23,8,6.779,7.440
27,106,23,9,8.079,8.840
27,106,23,10,8.899,9.579
27,106,23,11,10.119,11.159
27,106,24,1,0.239,1.559
27,106,24,2,1.599,2.259
27,106,24,3,2.359,2.879
27,106,24,4,3.619,3.919
27,106,24,5,3.980,4.739
27,106,24,6,4.819,5.719
27,106,25,1,0.379,1.500
27,106,25,2,1.899,3.039
27,106,25,3,3.699,3.980
27,106,25,4,4.159,4.779
27,106,25,5,4.839,5.359
27,106,25,6,5.460,6.319
27,106,26,1,0.159,1.039
27,106,26,2,1.059,1.419
27,106,26,3,1.500,2.180
27,106,26,4,2.259,2.839
27,106,26,5,2.879,3.279
27,106,26,6,3.399,4.420
27,106,27,1,0.140,0.939
27,106,27,2,1.019,1.599
27,106,27,3,1.699,2.399
27,106,27,4,2.980,4.279
27,106,27,5,4.480,5.539
27,106,28,1,0.319,1.699
27,106,28,2,1.819,2.500
27,106,28,3,2.700,3.199
27,106,28,4,3.959,4.859
27,106,28,5,4.960,5.420
27,106,28,6,5.500,6.239
27,106,29,1,0.280,1.319
27,106,29,2,1.679,3.460
27,106,29,3,3.500,4.639
27,106,29,4,4.940,5.460
27,106,29,5,5.579,6.500
27,106,30,1,0.399,1.319
27,106,30,2,1.399,2.200
27,106,30,3,2.759,4.139
27,106,30,4,4.619,5.779
27,106,30,5,5.879,7.259
27,106,31,1,0.359,1.259
27,106,31,2,1.319,1.500
27,106,31,3,1.519,2.279
27,106,31,4,2.659,3.259
27,106,31,5,3.339,4.099
27,106,31,6,4.159,4.400
27,106,31,7,4.460,5.219
27,106,32,1,0.340,1.500
27,106,32,2,1.559,1.759
27,106,32,3,1.839,2.039
27,106,32,4,2.139,2.759
27,106,32,5,3.480,4.259
27,106,32,6,4.420,5.079
27,106,32,7,5.139,6.239
27,106,33,1,0.179,0.319
27,106,33,2,0.340,0.899
27,106,33,3,1.039,1.259
27,106,33,4,1.299,1.759
27,106,33,5,2.220,3.199
27,106,33,6,3.359,4.639
27,106,34,1,0.439,0.799
27,106,34,2,0.859,1.919
27,106,34,3,1.979,2.220
27,106,34,4,2.299,3.059
27,106,34,5,3.500,4.159
27,106,34,6,4.199,4.779
27,106,34,7,4.880,5.059
27,106,34,8,5.099,6.139
27,106,35,1,0.219,1.599
27,106,35,2,1.699,2.379
27,106,35,3,2.899,4.059
27,106,35,4,4.179,5.360
27,106,36,1,0.179,1.500
27,106,36,2,1.539,1.860
27,106,36,3,1.899,2.879
27,106,36,4,3.339,4.259
27,106,36,5,4.380,4.960
27,106,36,6,5.059,5.960
27,106,37,1,0.239,1.459
27,106,37,2,1.500,1.679
27,106,37,3,1.819,2.659
27,106,37,4,2.740,3.319
27,106,37,5,3.359,4.219
27,106,37,6,4.319,5.360
27,106,38,1,0.239,1.319
27,106,38,2,1.459,1.759
27,106,38,3,1.799,2.259
27,106,38,4,2.859,3.240
27,106,38,5,3.359,4.079
27,106,38,6,4.199,5.239
27,106,38,7,5.639,6.179
27,106,38,8,6.440,7.259
27,106,38,9,7.559,8.500
27,106,38,10,8.619,9.599
27,106,39,1,0.199,0.660
27,106,39,2,0.680,2.139
27,106,39,3,2.339,3.159
27,106,39,4,4.179,5.239
27,106,39,5,5.319,9.239
27,106,40,1,0.239,1.399
27,106,40,2,1.419,1.799
27,106,40,3,1.819,2.119
27,106,40,4,2.460,3.159
27,106,40,5,3.480,4.559
27,106,40,6,4.599,4.839
27,106,40,7,4.900,5.820
27,106,41,1,0.159,1.079
27,106,41,2,1.159,1.579
27,106,41,3,1.599,2.079
27,106,41,4,2.440,3.439
27,106,41,5,3.519,4.059
27,106,41,6,4.179,5.220
27,106,42,1,0.159,1.459
27,106,42,2,1.500,2.200
27,106,42,3,2.639,3.980
27,106,42,4,4.400,4.980
27,106,42,5,5.059,5.820
27,106,43,1,0.219,0.799
27,106,43,2,0.859,1.459
27,106,43,3,1.500,2.279
27,106,43,4,2.639,3.240
27,106,43,5,3.319,3.899
27,106,43,6,3.980,5.400
27,106,43,7,5.500,6.920
27,106,43,8,7.219,8.219
27,106,44,1,0.280,1.000
27,106,44,2,1.159,1.799
27,106,44,3,1.839,2.299
27,106,44,4,2.960,3.879
27,106,44,5,3.899,4.199
27,106,44,6,4.259,5.420
27,106,45,1,0.219,1.059
27,106,45,2,1.100,1.579
27,106,45,3,1.719,2.379
27,106,45,4,2.839,4.079
27,106,45,5,4.219,4.819
27,106,45,6,4.880,5.960
27,106,46,1,0.280,1.019
27,106,46,2,1.039,1.559
27,106,46,3,1.620,2.419
27,106,46,4,3.019,3.639
27,106,46,5,3.799,4.360
27,106,46,6,4.559,5.639
27,106,47,1,0.259,1.339
27,106,47,2,1.480,1.819
27,106,47,3,2.480,3.220
27,106,47,4,3.839,5.239
27,106,47,5,5.279,5.579
27,106,47,6,5.599,6.319
27,106,47,7,6.940,7.579
27,106,47,8,7.639,8.059
27,106,47,9,8.159,9.000
27,106,47,10,9.399,11.019
27,106,47,11,11.239,12.919
27,106,48,1,0.219,0.839
27,106,48,2,0.899,1.159
27,106,48,3,1.719,2.279
27,106,48,4,2.299,3.039
27,106,48,5,3.599,3.899
27,106,48,6,3.959,4.599
27,106,48,7,4.719,5.119
27,106,48,8,5.139,5.779
27,106,48,9,6.339,7.099
27,106,48,10,7.259,7.519
27,106,48,11,7.619,8.199
27,106,48,12,8.720,9.299
27,106,48,13,9.779,10.340
27,106,48,14,10.420,10.839
27,107,1,1,0.199,0.699
27,107,1,2,0.759,1.379
27,107,1,3,1.439,1.620
27,107,1,4,1.639,2.039
27,107,1,5,2.240,2.339
27,107,1,6,2.399,3.059
27,107,1,7,3.119,3.920
27,107,2,1,0.280,0.859
27,107,2,2,0.899,1.419
27,107,2,3,1.539,1.599
27,107,2,4,1.600,2.919
27,107,2,5,3.019,3.659
27,107,2,6,3.699,4.139
27,107,2,7,4.219,4.820
27,107,3,1,0.179,1.299
27,107,3,2,1.319,2.379
27,107,3,3,2.440,3.220
27,107,3,4,3.240,4.319
27,107,3,5,4.420,5.259
27,107,3,6,5.299,6.319
27,107,4,1,0.319,0.819
27,107,4,2,0.899,1.799
27,107,4,3,2.099,2.759
27,107,4,4,2.919,3.419
27,107,4,5,3.879,4.199
27,107,4,6,4.339,4.940
27,107,4,7,5.059,5.239
27,107,4,8,5.299,6.239
27,107,5,1,0.299,0.939
27,107,5,2,1.000,1.259
27,107,5,3,1.319,1.919
27,107,5,4,2.440,3.139
27,107,5,5,3.259,3.839
27,107,5,6,3.899,5.019
27,107,6,1,0.219,1.299
27,107,6,2,1.319,1.480
27,107,6,3,1.500,1.699
27,107,6,4,2.119,2.700
27,107,6,5,2.740,3.139
27,107,6,6,3.619,5.159
27,107,6,7,5.199,6.239
27,107,7,1,0.259,1.220
27,107,7,2,1.299,1.899
27,107,7,3,1.979,2.619
27,107,7,4,3.279,4.119
27,107,7,5,4.159,4.339
27,107,7,6,4.420,4.679
27,107,7,7,4.799,5.539
27,107,8,1,0.340,0.779
27,107,8,2,0.839,1.439
27,107,8,3,1.559,2.139
27,107,8,4,2.579,3.799
27,107,8,5,3.919,4.360
27,107,8,6,4.519,5.219
27,107,9,1,0.299,0.479
27,107,9,2,0.500,1.379
27,107,9,3,1.419,1.959
27,107,9,4,2.000,2.599
27,107,9,5,3.139,3.879
27,107,9,6,3.959,4.519
27,107,9,7,4.719,5.259
27,107,9,8,5.299,5.820
27,107,10,1,0.280,1.000
27,107,10,2,1.079,1.620
27,107,10,3,1.679,3.179
27,107,10,4,3.240,4.000
27,107,10,5,4.019,4.940
27,107,10,6,5.000,6.139
27,107,11,1,0.239,0.419
27,107,11,2,0.439,1.000
27,107,11,3,1.159,1.519
27,107,11,4,1.579,1.839
27,107,11,5,2.359,3.039
27,107,11,6,3.099,3.679
27,107,11,7,3.759,4.820
27,107,12,1,0.299,1.100
27,107,12,2,1.179,1.819
27,107,12,3,1.879,2.440
27,107,12,4,2.960,3.679
27,107,12,5,3.779,4.279
27,107,12,6,4.299,5.119
27,107,13,1,0.179,1.100
27,107,13,2,1.139,1.299
27,107,13,3,1.319,1.419
27,107,13,4,1.939,2.440
27,107,13,5,2.500,2.899
27,107,13,6,3.319,4.639
27,107,13,7,4.739,5.719
27,107,14,1,0.299,0.959
27,107,14,2,1.000,1.679
27,107,14,3,1.759,3.099
27,107,14,4,3.159,5.079
27,107,14,5,5.119,6.059
27,107,15,1,0.299,0.779
27,107,15,2,0.819,1.099
27,107,15,3,1.519,2.099
27,107,15,4,2.599,3.779
27,107,15,5,3.919,4.399
27,107,15,6,4.500,5.219
27,107,16,1,0.259,0.479
27,107,16,2,0.500,1.100
27,107,16,3,1.120,1.659
27,107,16,4,1.699,2.359
27,107,16,5,2.859,3.500
27,107,16,6,3.579,4.219
27,107,16,7,4.339,5.359
27,107,17,1,0.359,0.919
27,107,17,2,1.039,1.719
27,107,17,3,1.879,2.519
27,107,17,4,3.159,4.519
27,107,17,5,4.719,5.819
27,107,18,1,0.239,0.579
27,107,18,2,0.620,1.159
27,107,18,3,1.299,1.899
27,107,18,4,1.919,2.500
27,107,18,5,3.139,4.299
27,107,18,6,4.360,4.559
27,107,18,7,4.639,5.099
27,107,18,8,5.259,5.960
27,107,19,1,0.219,1.139
27,107,19,2,1.220,1.299
27,107,19,3,1.339,1.539
27,107,19,4,1.939,2.480
27,107,19,5,2.539,2.939
27,107,19,6,3.399,4.819
27,107,19,7,4.880,5.820
27,107,20,1,0.259,0.779
27,107,20,2,0.839,1.360
27,107,20,3,1.379,2.639
27,107,20,4,2.759,3.720
27,107,20,5,3.759,5.219
27,107,21,1,0.319,0.740
27,107,21,2,0.819,1.399
27,107,21,3,1.439,1.959
27,107,21,4,2.419,3.779
27,107,21,5,3.819,4.400
27,107,21,6,4.460,5.219
27,107,22,1,0.259,1.159
27,107,22,2,1.199,1.699
27,107,22,3,1.779,2.180
27,107,22,4,2.839,3.759
27,107,22,5,3.919,4.639
27,107,22,6,4.759,5.719
27,107,23,1,0.319,0.779
27,107,23,2,0.819,1.579
27,107,23,3,1.679,2.519
27,107,23,4,3.059,3.519
27,107,23,5,3.579,4.199
27,107,23,6,4.319,4.960
27,107,23,7,5.039,5.820
27,107,24,1,0.259,0.879
27,107,24,2,0.919,1.500
27,107,24,3,1.599,2.200
27,107,24,4,2.299,3.379
27,107,24,5,3.439,4.779
27,107,24,6,4.880,6.059
27,107,25,1,0.359,1.220
27,107,25,2,1.759,2.679
27,107,25,3,2.720,3.119
27,107,25,4,3.259,3.759
27,107,25,5,4.119,5.119
27,107,25,6,5.179,6.059
27,107,26,1,0.280,0.879
27,107,26,2,0.899,1.679
27,107,26,3,1.740,2.220
27,107,26,4,2.339,2.899
27,107,26,5,3.559,4.299
27,107,26,6,4.420,4.920
27,107,26,7,5.059,6.239
27,107,27,1,0.299,1.100
27,107,27,2,1.220,2.139
27,107,27,3,2.220,3.159
27,107,27,4,3.659,4.159
27,107,27,5,4.259,5.119
27,107,27,6,5.519,6.839
27,107,28,1,0.239,1.159
27,107,28,2,1.179,1.319
27,107,28,3,1.360,1.419
27,107,28,4,1.979,2.519
27,107,28,5,2.599,3.000
27,107,28,6,3.399,4.859
27,107,28,7,4.920,5.960
27,107,29,1,0.340,0.879
27,107,29,2,0.979,1.519
27,107,29,3,1.559,2.180
27,107,29,4,2.759,3.720
27,107,29,5,3.879,4.820
27,107,30,1,0.299,1.500
27,107,30,2,1.579,1.819
27,107,30,3,1.860,2.639
27,107,30,4,3.299,4.299
27,107,30,5,4.339,4.559
27,107,30,6,4.639,5.159
27,107,30,7,5.199,6.139
27,107,31,1,0.340,0.680
27,107,31,2,0.719,1.199
27,107,31,3,1.399,1.939
27,107,31,4,2.399,3.460
27,107,31,5,3.579,4.000
27,107,31,6,4.099,4.820
27,107,32,1,0.319,1.299
27,107,32,2,1.399,1.759
27,107,32,3,1.839,2.099
27,107,32,4,2.599,3.299
27,107,32,5,3.399,4.059
27,107,32,6,4.079,5.360
27,107,33,1,0.299,0.839
27,107,33,2,0.899,1.480
27,107,33,3,1.519,2.220
27,107,33,4,2.679,3.720
27,107,33,5,3.740,4.279
27,107,33,6,4.360,5.719
27,107,34,1,0.219,0.959
27,107,34,2,1.100,1.579
27,107,34,3,1.639,2.379
27,107,34,4,3.000,3.720
27,107,34,5,3.839,4.460
27,107,34,6,4.559,4.940
27,107,35,1,0.280,0.839
27,107,35,2,0.899,1.519
27,107,35,3,1.599,2.319
27,107,35,4,2.379,2.879
27,107,35,5,3.460,4.259
27,107,35,6,4.420,5.059
27,107,35,7,5.199,6.219
27,107,35,8,6.299,7.019
27,107,36,1,0.280,1.379
27,107,36,2,1.459,1.759
27,107,36,3,1.860,2.419
27,107,36,4,3.059,3.919
27,107,36,5,4.000,4.339
27,107,36,6,4.400,5.119
27,107,37,1,0.280,1.339
27,107,37,2,1.360,1.919
27,107,37,3,2.000,2.859
27,107,37,4,2.899,3.480
27,107,37,5,4.119,5.319
27,107,37,6,5.380,5.699
27,107,37,7,5.819,6.659
27,107,38,1,0.340,1.220
27,107,38,2,1.379,2.059
27,107,38,3,2.139,2.599
27,107,38,4,3.159,4.400
27,107,38,5,4.519,4.659
27,107,38,6,4.699,5.539
27,107,39,1,0.299,1.519
27,107,39,2,1.839,2.819
27,107,39,3,3.339,4.139
27,107,39,4,4.259,4.799
27,107,39,5,4.920,5.719
27,107,40,1,0.379,0.899
27,107,40,2,1.059,1.559
27,107,40,3,1.699,1.899
27,107,40,4,2.039,2.559
27,107,40,5,3.159,4.139
27,107,40,6,4.179,4.839
27,107,40,7,4.940,5.159
27,107,40,8,5.199,6.059
27,107,41,1,0.179,1.399
27,107,41,2,1.439,1.959
27,107,41,3,2.059,2.659
27,107,41,4,3.240,4.199
27,107,41,5,4.239,4.839
27,107,41,6,4.960,6.059
27,107,42,1,0.359,1.000
27,107,42,2,1.079,1.799
27,107,42,3,1.879,3.039
27,107,42,4,3.759,4.179
27,107,42,5,4.319,4.759
27,107,42,6,4.980,5.639
27,107,42,7,5.839,6.659
27,107,43,1,0.379,0.659
27,107,43,2,0.759,1.339
27,107,43,3,1.419,2.159
27,107,43,4,2.379,2.879
27,107,43,5,3.460,4.779
27,107,43,6,4.940,5.559
27,107,43,7,5.699,6.659
27,108,1,1,0.000,0.340
27,108,1,2,0.419,0.879
27,108,1,3,0.919,1.459
27,108,2,1,0.199,0.740
27,108,2,2,0.799,1.299
27,108,2,3,1.399,1.919
27,108,2,4,2.539,3.259
27,108,2,5,3.339,4.480
27,108,2,6,4.579,4.859
27,108,2,7,4.900,5.639
27,108,3,1,0.399,0.979
27,108,3,2,1.000,1.639
27,108,3,3,1.719,2.480
27,108,3,4,2.859,3.460
27,108,3,5,3.619,4.519
27,108,4,1,0.179,0.620
27,108,4,2,0.939,1.679
27,108,4,3,1.779,2.799
27,108,4,4,2.960,4.440
27,108,4,5,4.480,4.819
27,108,4,6,4.839,5.639
27,108,5,1,0.199,0.439
27,108,5,2,0.479,1.019
27,108,5,3,1.159,1.480
27,108,5,4,1.679,2.359
27,108,5,5,2.460,3.079
27,108,5,6,3.679,4.179
27,108,5,7,4.199,4.940
27,108,5,8,5.380,6.659
27,108,6,1,0.399,0.919
27,108,6,2,0.979,1.120
27,108,6,3,1.279,1.939
27,108,6,4,2.119,2.599
27,108,6,5,3.059,3.399
27,108,6,6,3.519,3.759
27,108,6,7,3.799,4.639
27,108,6,8,4.659,5.639
27,108,7,1,0.340,1.199
27,108,7,2,1.240,2.180
27,108,7,3,2.240,2.960
27,108,7,4,3.659,4.500
27,108,7,5,4.559,5.679
27,108,7,6,5.799,6.840
27,108,8,1,0.219,0.779
27,108,8,2,0.859,1.399
27,108,8,3,1.539,2.359
27,108,8,4,2.819,3.980
27,108,8,5,4.039,4.880
27,108,8,6,4.900,5.359
27,108,8,7,5.839,6.359
27,108,8,8,6.440,7.179
27,108,8,9,7.239,8.139
27,108,9,1,0.340,0.620
27,108,9,2,0.680,1.279
27,108,9,3,1.360,1.519
27,108,9,4,1.559,2.240
27,108,9,5,2.639,3.599
27,108,9,6,3.679,4.299
27,108,9,7,4.420,4.880
27,108,9,8,6.639,7.279
27,108,9,9,7.599,8.639
27,108,10,1,0.340,0.959
27,108,10,2,1.259,1.579
27,108,10,3,1.659,2.220
27,108,10,4,2.639,2.799
27,108,10,5,2.899,3.500
27,108,10,6,3.539,4.119
27,108,10,7,4.219,4.779
27,108,10,8,5.119,5.460
27,108,10,9,5.519,6.460
27,108,10,10,6.500,7.519
27,108,11,1,0.340,0.579
27,108,11,2,0.659,1.399
27,108,11,3,1.419,1.639
27,108,11,4,1.759,2.399
27,108,11,5,3.099,3.279
27,108,11,6,3.359,4.119
27,108,11,7,4.159,4.420
27,108,11,8,4.460,5.019
27,108,12,1,0.159,0.500
27,108,12,2,0.599,1.100
27,108,12,3,1.179,2.180
27,108,12,4,2.619,3.000
27,108,12,5,3.019,3.619
27,108,12,6,3.720,4.179
27,108,12,7,4.299,5.720
27,108,13,1,0.379,1.039
27,108,13,2,1.059,1.559
27,108,13,3,1.659,2.279
27,108,13,4,2.440,3.099
27,108,13,5,3.639,4.440
27,108,13,6,4.500,5.179
27,108,13,7,5.239,5.960
27,108,14,1,0.319,0.939
27,108,14,2,1.079,1.719
27,108,14,3,1.779,2.279
27,108,14,4,2.859,3.399
27,108,14,5,3.919,4.440
27,108,14,6,4.579,5.420
27,109,1,1,0.140,1.000
27,109,1,2,1.199,1.539
27,109,1,3,1.819,2.339
27,109,1,4,2.419,2.500
27,109,1,5,2.500,2.501
27,109,1,6,2.500,2.501
27,109,1,7,2.500,2.501
27,109,2,1,0.280,3.740
27,109,2,2,3.819,4.039
27,109,2,3,4.079,4.799
27,109,2,4,4.880,5.219
27,109,2,5,5.259,5.879
27,109,2,6,5.980,6.399
27,109,2,7,6.559,7.239
27,109,2,8,8.199,8.760
27,109,2,9,8.779,9.199
27,109,2,10,9.239,9.699
27,109,2,11,9.819,10.539
27,109,3,1,0.319,0.919
27,109,3,2,0.939,1.579
27,109,3,3,1.679,2.399
27,109,3,4,3.039,4.579
27,109,3,5,4.679,5.420
27,109,4,1,0.259,0.839
27,109,4,2,0.879,1.559
27,109,4,3,1.740,2.619
27,109,4,4,3.399,4.259
27,109,4,5,4.299,5.359
27,109,5,1,0.379,1.319
27,109,5,2,1.379,1.799
27,109,5,3,1.860,2.220
27,109,5,4,2.319,2.799
27,109,5,5,2.819,3.119
27,109,5,6,3.980,4.839
27,109,5,7,5.000,5.519
27,109,5,8,5.599,6.500
27,109,6,1,0.319,0.839
27,109,6,2,0.899,1.259
27,109,6,3,1.299,1.879
27,109,6,4,2.539,3.379
27,109,6,5,3.519,4.099
27,109,6,6,4.159,4.319
27,109,6,7,4.380,5.219
27,109,7,1,0.340,1.500
27,109,7,2,1.559,2.059
27,109,7,3,2.079,2.659
27,109,7,4,3.339,4.480
27,109,7,5,4.599,5.139
27,109,7,6,5.219,6.420
27,109,8,1,0.399,0.899
27,109,8,2,0.959,1.539
27,109,8,3,1.559,2.279
27,109,8,4,2.399,4.019
27,109,8,5,4.119,4.799
27,109,8,6,4.839,5.639
27,109,9,1,0.399,0.919
27,109,9,2,0.979,1.399
27,109,9,3,1.480,2.079
27,109,9,4,2.799,3.839
27,109,9,5,3.859,4.940
27,109,10,1,0.359,1.079
27,109,10,2,1.220,1.939
27,109,10,3,2.000,2.480
27,109,10,4,2.679,3.379
27,109,10,5,4.059,4.980
27,109,10,6,5.119,6.839
27,109,11,1,0.319,1.120
27,109,11,2,1.220,1.759
27,109,11,3,1.879,2.319
27,109,11,4,2.339,2.720
27,109,11,5,2.759,3.059
27,109,11,6,3.919,4.880
27,109,11,7,4.960,5.579
27,109,11,8,5.639,6.500
27,109,12,1,0.259,0.579
27,109,12,2,0.639,1.079
27,109,12,3,1.159,1.439
27,109,12,4,1.559,2.299
27,109,12,5,2.339,2.980
27,109,12,6,3.839,4.319
27,109,12,7,4.339,4.759
27,109,12,8,4.920,5.440
27,109,12,9,5.500,6.659
27,109,13,1,0.340,0.799
27,109,13,2,0.919,1.599
27,109,13,3,1.659,2.379
27,109,13,4,3.179,3.639
27,109,13,5,3.779,4.299
27,109,13,6,4.480,5.179
27,109,13,7,5.219,6.059
27,109,14,1,0.599,1.480
27,109,14,2,1.539,2.119
27,109,14,3,2.139,2.980
27,109,14,4,3.099,3.299
27,109,14,5,3.439,4.619
27,109,14,6,4.779,5.619
27,109,14,7,5.739,6.339
27,109,14,8,6.679,6.879
27,109,14,9,7.099,8.039
27,109,15,1,0.419,1.059
27,109,15,2,1.179,1.699
27,109,15,3,1.819,1.979
27,109,15,4,2.359,2.759
27,109,15,5,3.539,4.360
27,109,15,6,4.460,5.219
27,109,15,7,5.339,6.320
27,109,16,1,0.439,0.979
27,109,16,2,1.019,1.500
27,109,16,3,1.539,1.740
27,109,16,4,1.819,2.500
27,109,16,5,2.659,3.059
27,109,16,6,3.159,3.779
27,109,16,7,4.559,5.460
27,109,16,8,5.519,5.779
27,109,16,9,5.879,6.399
27,109,16,10,6.960,8.039
27,109,16,11,8.119,9.019
27,109,16,12,9.099,9.699
27,109,16,13,9.859,10.840
27,109,17,1,0.579,1.539
27,109,17,2,1.559,2.119
27,109,17,3,2.259,3.439
27,109,17,4,4.119,4.440
27,109,17,5,4.500,5.000
27,109,17,6,5.079,5.819
27,109,17,7,6.319,7.239
27,109,17,8,7.299,8.319
27,109,18,1,0.439,1.259
27,109,18,2,1.339,1.639
27,109,18,3,2.000,2.679
27,109,18,4,3.299,4.000
27,109,18,5,4.039,4.819
27,109,18,6,4.900,5.579
27,109,18,7,6.159,7.199
27,109,18,8,7.659,9.239
27,109,19,1,0.299,0.740
27,109,19,2,0.799,1.139
27,109,19,3,1.539,2.419
27,109,19,4,2.480,3.779
27,109,19,5,3.839,4.859
27,109,19,6,4.980,5.559
27,109,19,7,5.900,7.339
27,109,20,1,0.419,0.839
27,109,20,2,0.979,1.679
27,109,20,3,1.779,2.460
27,109,20,4,2.539,3.019
27,109,20,5,3.079,3.719
27,109,20,6,4.299,5.400
27,109,20,7,5.480,5.839
27,109,20,8,6.159,6.279
27,109,20,9,6.379,7.099
27,109,21,1,0.319,1.179
27,109,21,2,1.319,1.860
27,109,21,3,2.159,2.839
27,109,21,4,3.379,4.000
27,109,21,5,4.119,4.679
27,109,21,6,4.759,5.400
27,109,21,7,5.500,6.099
27,109,21,8,6.839,6.940
27,109,21,9,7.039,7.399
27,109,21,10,7.500,8.420
27,109,21,11,8.460,9.539
27,109,22,1,0.280,0.479
27,109,22,2,0.560,1.059
27,109,22,3,1.100,1.919
27,109,22,4,2.099,2.700
27,109,22,5,3.299,4.139
27,109,22,6,4.559,5.219
27,109,22,7,5.259,6.239
27,109,23,1,0.299,0.939
27,109,23,2,1.079,1.959
27,109,23,3,2.000,2.839
27,109,23,4,3.699,4.779
27,109,23,5,4.920,5.960
27,109,24,1,0.359,1.019
27,109,24,2,1.120,1.719
27,109,24,3,1.740,2.339
27,109,24,4,2.919,3.759
27,109,24,5,4.139,4.759
27,109,24,6,4.859,5.960
27,109,25,1,0.280,0.959
27,109,25,2,0.979,1.699
27,109,25,3,1.779,2.259
27,109,25,4,2.440,2.859
27,109,25,5,3.399,4.159
27,109,25,6,4.639,5.359
27,109,25,7,5.420,6.239
27,109,26,1,0.299,1.179
27,109,26,2,1.199,1.459
27,109,26,3,2.139,2.759
27,109,26,4,3.179,4.139
27,109,26,5,4.239,5.539
27,109,27,1,0.219,0.939
27,109,27,2,1.019,1.240
27,109,27,3,1.259,1.599
27,109,27,4,1.879,2.200
27,109,27,5,2.779,3.399
27,109,27,6,3.559,3.859
27,109,27,7,4.880,5.639
27,109,28,1,0.359,1.100
27,109,28,2,1.139,1.659
27,109,28,3,2.059,2.759
27,109,28,4,2.879,3.480
27,109,28,5,4.099,4.659
27,109,28,6,5.059,6.319
27,109,28,7,6.699,7.559
27,109,28,8,7.819,8.739
27,109,29,1,0.459,1.259
27,109,29,2,1.399,2.079
27,109,29,3,2.259,2.960
27,109,29,4,3.559,4.500
27,109,29,5,4.599,5.319
27,109,29,6,5.500,6.320
27,109,30,1,0.340,0.939
27,109,30,2,1.019,2.259
27,109,30,3,2.279,2.500
27,109,30,4,2.501,2.720
27,109,30,5,3.399,4.059
27,109,30,6,4.139,4.819
27,109,30,7,5.219,6.500
27,109,31,1,0.259,0.459
27,109,31,2,0.519,1.279
27,109,31,3,1.500,2.059
27,109,31,4,2.220,2.779
27,109,31,5,3.339,4.319
27,109,31,6,4.639,5.639
27,109,31,7,5.819,6.739
27,110,1,1,0.000,0.560
27,110,1,2,0.620,1.120
27,110,1,3,2.419,2.619
27,110,1,4,2.659,2.839
27,110,1,5,3.599,4.139
27,110,1,6,4.380,4.739
27,110,1,7,4.799,5.400
27,110,1,8,5.900,6.199
27,110,1,9,6.359,6.879
27,110,1,10,6.940,7.559
27,110,1,11,7.859,8.399
27,110,1,12,8.460,9.419
27,110,2,1,0.280,0.839
27,110,2,2,0.919,1.439
27,110,2,3,1.679,2.240
27,110,2,4,2.259,2.839
27,110,2,5,2.899,3.859
27,110,2,6,4.400,4.799
27,110,2,7,4.920,5.719
27,110,2,8,5.759,6.739
27,110,3,1,0.299,0.839
27,110,3,2,1.039,1.799
27,110,3,3,1.860,2.200
27,110,3,4,2.319,2.939
27,110,3,5,3.579,4.279
27,110,3,6,4.380,5.000
27,110,3,7,5.359,6.039
27,110,3,8,6.099,6.799
27,110,3,9,7.359,7.919
27,110,3,10,8.199,8.639
27,110,3,11,8.720,9.939
27,110,4,1,0.419,1.059
27,110,4,2,1.199,1.939
27,110,4,3,1.959,2.180
27,110,4,4,2.240,2.980
27,110,4,5,4.019,4.579
27,110,4,6,4.719,5.199
27,110,4,7,5.239,5.879
27,110,4,8,7.500,7.759
27,110,4,9,7.839,8.579
27,110,4,10,8.739,9.319
27,110,4,11,9.479,10.239
27,110,5,1,0.199,0.939
27,110,5,2,1.019,1.220
27,110,5,3,1.319,2.039
27,110,5,4,2.700,3.399
27,110,5,5,3.839,4.400
27,110,5,6,4.480,5.119
27,110,5,7,5.299,6.139
27,110,6,1,0.319,0.759
27,110,6,2,0.879,1.839
27,110,6,3,2.039,2.460
27,110,6,4,2.559,3.220
27,110,6,5,3.759,4.339
27,110,6,6,4.440,4.980
27,110,6,7,5.059,5.299
27,110,6,8,5.359,5.839
27,110,6,9,5.920,6.739
27,110,7,1,0.219,1.019
27,110,7,2,1.059,1.759
27,110,7,3,1.799,2.379
27,110,7,4,2.799,3.039
27,110,7,5,3.220,3.539
27,110,7,6,3.859,4.400
27,110,7,7,4.440,5.119
27,111,1,1,0.199,0.799
27,111,1,2,0.879,1.100
27,111,1,3,2.019,2.559
27,111,1,4,2.679,3.079
27,111,1,5,3.259,3.599
27,111,1,6,3.659,4.139
27,111,1,7,4.699,5.139
27,111,1,8,5.159,5.819
27,111,1,9,5.940,6.739
27,111,2,1,0.259,0.859
27,111,2,2,0.879,1.439
27,111,2,3,1.539,2.419
27,111,2,4,2.519,3.259
27,111,2,5,3.339,3.959
27,111,2,6,4.019,5.219
27,111,3,1,0.219,0.680
27,111,3,2,0.719,1.539
27,111,3,3,1.799,2.460
27,111,3,4,2.939,4.099
27,111,3,5,4.139,4.819
27,111,3,6,4.880,5.639
27,111,4,1,0.359,0.919
27,111,4,2,0.979,1.399
27,111,4,3,1.459,2.619
27,111,4,4,3.039,3.679
27,111,4,5,3.759,4.500
27,111,4,6,4.539,5.359
27,111,5,1,0.219,0.740
27,111,5,2,0.799,1.240
27,111,5,3,1.319,1.959
27,111,5,4,2.440,3.000
27,111,5,5,3.079,3.720
27,111,5,6,3.759,4.519
27,111,6,1,0.219,0.319
27,111,6,2,0.759,1.339
27,111,6,3,1.459,1.939
27,111,6,4,2.000,2.639
27,111,6,5,3.119,3.599
27,111,6,6,3.619,4.199
27,111,6,7,4.259,4.799
27,111,6,8,4.880,5.539
27,111,7,1,0.319,0.899
27,111,7,2,0.939,1.480
27,111,7,3,1.659,2.079
27,111,7,4,2.099,2.740
27,111,7,5,3.359,4.539
27,111,7,6,4.619,5.199
27,111,7,7,5.239,6.320
27,111,8,1,0.299,0.959
27,111,8,2,1.039,1.539
27,111,8,3,1.599,2.180
27,111,8,4,2.700,3.439
27,111,8,5,3.559,4.139
27,111,8,6,4.219,5.019
27,111,9,1,0.299,0.740
27,111,9,2,0.779,1.240
27,111,9,3,1.299,1.879
27,111,9,4,2.279,2.839
27,111,9,5,2.899,3.419
27,111,9,6,3.539,4.079
27,111,9,7,4.559,5.279
27,111,9,8,5.359,6.019
27,111,9,9,6.039,6.739
27,111,10,1,0.319,0.899
27,111,10,2,1.000,1.659
27,111,10,3,1.719,2.339
27,111,10,4,2.379,3.459
27,111,10,5,3.579,4.099
27,111,10,6,4.199,4.539
27,111,10,7,4.579,5.059
27,111,10,8,5.099,5.759
27,111,10,9,6.519,7.539
27,111,10,10,7.759,8.460
27,111,10,11,8.500,9.340
27,112,1,1,0.079,0.519
27,112,1,2,0.599,0.839
27,112,1,3,1.519,2.200
27,112,1,4,2.259,2.599
27,112,1,5,2.679,3.139
27,112,1,6,3.199,3.439
27,112,1,7,3.539,4.079
27,112,1,8,4.500,5.480
27,112,1,9,5.519,6.000
27,112,1,10,6.059,6.659
27,112,2,1,0.340,0.859
27,112,2,2,0.899,1.539
27,112,2,3,1.579,2.019
27,112,2,4,2.039,2.539
27,112,2,5,2.980,3.279
27,112,2,6,3.339,3.939
27,112,2,7,4.019,4.820
27,112,3,1,0.179,0.519
27,112,3,2,0.579,1.199
27,112,3,3,1.299,1.939
27,112,3,4,2.339,3.480
27,112,3,5,3.539,4.179
27,112,3,6,4.239,4.940
27,112,4,1,0.179,0.779
27,112,4,2,0.839,1.699
27,112,4,3,1.740,1.979
27,112,4,4,2.079,2.799
27,112,4,5,3.299,3.939
27,112,4,6,4.000,4.699
27,112,4,7,4.739,5.720
27,112,5,1,0.199,0.560
27,112,5,2,0.699,1.019
27,112,5,3,1.179,1.679
27,112,5,4,1.699,2.339
27,112,5,5,2.720,3.559
27,112,5,6,3.619,4.339
27,112,5,7,4.420,5.419
27,112,6,1,0.239,0.379
27,112,6,2,0.419,1.039
27,112,6,3,1.100,1.220
27,112,6,4,1.259,1.879
27,112,6,5,2.399,2.980
27,112,6,6,3.019,3.759
27,112,6,7,3.859,4.400
27,112,6,8,4.579,5.219
27,112,7,1,0.280,1.279
27,112,7,2,1.379,1.719
27,112,7,3,1.779,1.939
27,112,7,4,2.019,2.419
27,112,7,5,3.000,3.439
27,112,7,6,3.460,4.019
27,112,7,7,4.380,5.139
27,112,7,8,5.179,6.059
27,112,8,1,0.219,0.719
27,112,8,2,0.759,1.279
27,112,8,3,1.379,1.559
27,112,8,4,1.620,2.039
27,112,8,5,2.679,2.960
27,112,8,6,3.079,3.679
27,112,8,7,3.839,4.440
27,112,8,8,4.460,5.420
27,112,9,1,0.219,0.919
27,112,9,2,0.979,1.500
27,112,9,3,1.539,2.359
27,112,9,4,2.919,3.740
27,112,9,5,3.779,4.440
27,112,9,6,4.500,4.940
27,112,9,7,5.619,6.139
27,112,9,8,6.480,6.879
27,112,9,9,6.960,7.800
27,112,10,1,0.280,0.899
27,112,10,2,0.919,1.480
27,112,10,3,1.500,2.259
27,112,10,4,2.679,3.279
27,112,10,5,3.339,3.939
27,112,10,6,4.000,4.699
27,112,10,7,5.159,5.799
27,112,10,8,5.859,6.599
27,112,10,9,7.059,7.679
27,113,1,1,0.399,0.959
27,113,1,2,1.059,1.240
27,113,1,3,2.259,2.919
27,113,1,4,3.059,3.500
27,113,1,5,3.599,4.759
27,113,1,6,4.859,5.639
27,113,1,7,5.699,5.879
27,113,1,8,5.960,6.339
27,113,1,9,6.359,7.259
27,113,2,1,0.379,0.939
27,113,2,2,1.039,1.480
27,113,2,3,1.519,1.619
27,113,2,4,2.200,2.819
27,113,2,5,3.419,4.159
27,113,2,6,4.299,4.619
27,113,2,7,4.679,5.360
27,113,3,1,0.299,1.059
27,113,3,2,1.159,1.699
27,113,3,3,1.779,1.939
27,113,3,4,2.000,2.579
27,113,3,5,3.059,3.859
27,113,3,6,3.899,4.239
27,113,3,7,4.319,5.019
27,113,4,1,0.379,0.839
27,113,4,2,0.899,1.019
27,113,4,3,1.159,1.419
27,113,4,4,1.459,1.899
27,113,4,5,1.979,2.019
27,113,4,6,3.000,3.179
27,113,4,7,3.240,4.259
27,113,4,8,4.279,5.019
27,113,5,1,0.340,0.680
27,113,5,2,0.719,0.979
27,113,5,3,1.019,2.220
27,113,5,4,2.659,3.759
27,113,5,5,3.819,4.939
27,113,6,1,0.219,1.259
27,113,6,2,1.339,1.879
27,113,6,3,2.299,3.439
27,113,6,4,3.500,4.519
27,113,7,1,0.319,0.939
27,113,7,2,1.079,1.759
27,113,7,3,1.799,2.099
27,113,7,4,2.740,3.740
27,113,7,5,3.779,4.259
27,113,7,6,4.299,5.119
27,113,8,1,0.340,1.179
27,113,8,2,1.220,1.419
27,113,8,3,1.539,2.139
27,113,8,4,2.619,2.899
27,113,8,5,2.960,3.460
27,113,8,6,3.559,4.420
27,113,9,1,0.319,1.039
27,113,9,2,1.120,1.919
27,113,9,3,1.959,2.779
27,113,9,4,3.399,3.740
27,113,9,5,3.879,4.639
27,113,9,6,4.759,5.440
27,113,9,7,5.879,6.500
27,113,9,8,6.639,7.099
27,114,1,1,0.280,0.959
27,114,1,2,1.019,1.759
27,114,1,3,1.779,2.720
27,114,1,4,3.299,3.559
27,114,1,5,3.599,4.319
27,114,1,6,4.380,4.739
27,114,1,7,4.799,5.639
27,114,2,1,0.259,0.799
27,114,2,2,0.879,1.399
27,114,2,3,1.459,2.279
27,114,2,4,2.799,3.720
27,114,2,5,3.779,5.019
27,114,3,1,0.319,1.000
27,114,3,2,1.039,1.419
27,114,3,3,1.519,2.440
27,114,3,4,2.939,3.899
27,114,3,5,4.019,4.659
27,114,3,6,4.719,5.639
27,114,4,1,0.239,0.939
27,114,4,2,1.019,1.599
27,114,4,3,1.699,2.440
27,114,4,4,3.079,3.839
27,114,4,5,4.059,4.400
27,114,4,6,4.539,5.119
27,114,5,1,0.419,0.599
27,114,5,2,0.740,1.019
27,114,5,3,1.279,1.899
27,114,5,4,2.000,2.159
27,114,5,5,2.180,2.700
27,114,5,6,3.379,4.179
27,114,5,7,4.319,5.019
27,114,5,8,5.059,6.059
27,114,6,1,0.219,0.959
27,114,6,2,1.100,1.740
27,114,6,3,1.819,2.559
27,114,6,4,3.199,4.059
27,114,6,5,4.119,4.579
27,114,6,6,4.659,5.219
27,114,7,1,0.259,1.019
27,114,7,2,1.159,1.659
27,114,7,3,1.799,2.279
27,114,7,4,2.379,2.939
27,114,7,5,3.539,4.339
27,114,7,6,4.539,5.179
27,114,7,7,5.440,6.319
27,114,8,1,0.219,0.919
27,114,8,2,1.120,1.759
27,114,8,3,2.099,2.559
27,114,8,4,2.679,3.159
27,114,8,5,3.659,4.579
27,114,8,6,5.019,6.059
27,114,8,7,6.179,6.659
27,115,1,1,0.259,0.439
27,115,1,2,0.560,0.979
27,115,1,3,1.079,1.159
27,115,1,4,1.719,1.879
27,115,1,5,1.899,2.379
27,115,1,6,3.099,3.259
27,115,1,7,3.319,4.079
27,115,1,8,4.279,4.480
27,115,1,9,4.579,5.099
27,115,1,10,5.739,5.940
27,115,1,11,6.000,6.759
27,115,1,12,6.839,6.920
27,115,1,13,7.059,8.319
27,115,2,1,0.319,0.859
27,115,2,2,0.919,1.419
27,115,2,3,1.500,2.460
27,115,2,4,2.539,3.019
27,115,2,5,3.079,3.319
27,115,2,6,3.439,4.340
27,115,3,1,0.319,1.179
27,115,3,2,1.199,2.180
27,115,3,3,2.799,3.159
27,115,3,4,3.199,3.679
27,115,3,5,3.740,4.360
27,115,3,6,4.440,5.119
27,115,4,1,0.239,1.339
27,115,4,2,1.379,1.899
27,115,4,3,2.000,2.659
27,115,4,4,3.379,4.019
27,115,4,5,4.139,4.599
27,115,4,6,4.659,5.360
27,115,5,1,0.299,0.680
27,115,5,2,0.699,1.299
27,115,5,3,1.339,1.679
27,115,5,4,1.740,2.679
27,115,5,5,3.379,4.159
27,115,5,6,4.199,4.739
27,115,5,7,4.799,5.139
27,115,5,8,5.179,5.960
27,115,6,1,0.280,1.079
27,115,6,2,1.120,1.620
27,115,6,3,1.740,2.059
27,115,6,4,2.099,3.119
27,115,6,5,3.779,4.139
27,115,6,6,4.219,4.639
27,115,6,7,4.799,5.179
27,115,6,8,5.259,6.239
27,115,7,1,0.299,0.959
27,115,7,2,1.100,1.399
27,115,7,3,1.559,2.299
27,115,7,4,3.059,3.819
27,115,7,5,3.939,4.239
27,115,7,6,4.319,5.259
27,115,7,7,6.019,6.359
27,115,7,8,6.539,7.359
27,115,7,9,7.519,8.559
27,115,8,1,0.179,0.819
27,115,8,2,0.839,1.379
27,115,8,3,1.439,2.139
27,115,8,4,2.659,2.859
27,115,8,5,3.000,3.519
27,115,8,6,3.579,3.899
27,115,8,7,4.279,4.940
27,115,9,1,0.319,1.059
27,115,9,2,1.199,1.679
27,115,9,3,1.699,2.279
27,115,9,4,2.899,3.639
27,115,9,5,3.679,4.339
27,115,9,6,4.480,5.119
27,115,10,1,0.179,0.500
27,115,10,2,0.599,1.079
27,115,10,3,1.199,1.699
27,115,10,4,1.819,2.919
27,115,10,5,3.019,3.819
27,115,10,6,3.879,4.779
27,115,10,7,4.799,5.360
27,115,11,1,0.299,0.899
27,115,11,2,0.919,1.219
27,115,11,3,1.620,2.159
27,115,11,4,2.240,2.879
27,115,11,5,3.419,4.119
27,115,11,6,4.420,5.420
27,115,11,7,5.440,5.819
27,115,12,1,0.159,0.859
27,115,12,2,0.979,1.879
27,115,12,3,2.240,4.079
27,115,12,4,4.679,5.259
27,115,12,5,5.299,5.500
27,115,12,6,5.559,5.779
27,115,12,7,5.859,6.679
27,115,12,8,6.940,7.539
27,115,12,9,7.579,7.719
27,115,12,10,7.839,8.039
27,115,12,11,8.220,8.939
27,115,13,1,0.259,0.979
27,115,13,2,1.019,1.599
27,115,13,3,1.699,1.819
27,115,13,4,1.820,4.000
27,115,13,5,4.039,4.279
27,115,13,6,4.319,5.420
27,115,14,1,0.379,1.039
27,115,14,2,1.079,1.620
27,115,14,3,1.699,2.279
27,115,14,4,2.740,3.319
27,115,14,5,3.619,4.000
27,115,14,6,4.119,5.019
27,115,15,1,0.199,0.959
27,115,15,2,1.019,1.559
27,115,15,3,1.639,3.019
27,115,15,4,3.020,3.319
27,115,15,5,3.519,4.279
27,115,15,6,4.380,5.220
27,115,16,1,0.239,1.419
27,115,16,2,1.519,2.099
27,115,16,3,2.159,3.139
27,115,16,4,3.279,4.319
27,115,16,5,4.400,4.940
27,115,16,6,5.059,5.579
27,115,16,7,5.639,6.320
27,115,17,1,0.239,0.479
27,115,17,2,0.560,1.279
27,115,17,3,1.360,2.099
27,115,17,4,2.180,2.359
27,115,17,5,3.119,3.579
27,115,17,6,3.720,3.980
27,115,17,7,4.099,4.539
27,115,17,8,4.739,5.420
27,115,18,1,0.299,1.240
27,115,18,2,1.360,2.019
27,115,18,3,2.039,2.319
27,115,18,4,3.059,3.859
27,115,18,5,3.980,4.380
27,115,18,6,4.420,4.900
27,115,18,7,5.319,5.920
27,115,18,8,6.039,6.319
27,116,1,1,0.280,1.039
27,116,1,2,1.240,1.379
27,116,1,3,1.459,2.220
27,116,1,4,2.319,2.339
27,116,1,5,2.340,3.659
27,116,1,6,3.799,4.159
27,116,1,7,4.319,5.419
27,116,2,1,0.219,0.419
27,116,2,2,0.439,1.039
27,116,2,3,1.220,1.779
27,116,2,4,1.819,2.039
27,116,2,5,2.619,3.539
27,116,2,6,3.779,4.639
27,116,3,1,0.319,1.259
27,116,3,2,1.360,1.860
27,116,3,3,1.899,2.460
27,116,3,4,3.179,3.839
27,116,3,5,3.939,4.559
27,116,3,6,4.659,5.519
27,116,3,7,6.319,6.739
27,116,3,8,6.839,7.579
27,116,3,9,7.639,8.399
27,116,4,1,0.299,1.059
27,116,4,2,1.120,1.399
27,116,4,3,1.919,2.460
27,116,4,4,3.199,3.740
27,116,4,5,3.859,4.179
27,116,4,6,4.659,5.119
27,116,4,7,5.259,5.960
27,116,5,1,0.239,0.799
27,116,5,2,0.899,1.559
27,116,5,3,1.639,2.259
27,116,5,4,2.819,3.679
27,116,5,5,4.000,4.940
27,116,6,1,0.340,0.859
27,116,6,2,1.000,1.740
27,116,6,3,1.779,2.079
27,116,6,4,3.019,3.779
27,116,6,5,3.959,4.360
27,116,6,6,4.480,5.639
27,116,7,1,0.359,0.779
27,116,7,2,0.919,1.539
27,116,7,3,1.659,2.679
27,116,7,4,3.299,3.460
27,116,7,5,3.519,3.839
27,116,7,6,4.279,4.779
27,116,7,7,4.819,5.719
27,116,8,1,0.280,0.439
27,116,8,2,0.479,1.179
27,116,8,3,1.299,1.779
27,116,8,4,1.819,2.679
27,116,8,5,3.259,3.460
27,116,8,6,3.500,3.919
27,116,8,7,3.959,4.179
27,116,8,8,4.299,4.900
27,116,8,9,5.440,5.639
27,116,8,10,5.719,6.279
27,116,8,11,6.460,7.519
27,116,9,1,0.359,1.279
27,116,9,2,1.339,1.860
27,116,9,3,1.939,2.500
27,116,9,4,3.159,4.079
27,116,9,5,4.219,5.219
27,116,10,1,0.239,1.139
27,116,10,2,1.159,1.299
27,116,10,3,1.399,2.119
27,116,10,4,2.819,3.279
27,116,10,5,3.359,3.919
27,116,10,6,4.000,4.820
27,116,11,1,0.319,0.639
27,116,11,2,0.699,1.339
27,116,11,3,1.439,2.279
27,116,11,4,2.960,3.279
27,116,11,5,3.379,4.019
27,116,11,6,4.159,5.019
27,116,12,1,0.299,0.560
27,116,12,2,0.579,1.079
27,116,12,3,1.139,2.399
27,116,12,4,2.440,2.659
27,116,12,5,2.799,3.779
27,116,12,6,3.919,4.639
27,116,13,1,0.239,0.680
27,116,13,2,0.719,1.519
27,116,13,3,1.559,2.139
27,116,13,4,2.759,3.319
27,116,13,5,3.399,3.599
27,116,13,6,3.779,4.940
27,116,14,1,0.280,0.859
27,116,14,2,0.899,1.699
27,116,14,3,1.719,2.359
27,116,14,4,3.059,3.460
27,116,14,5,3.699,3.919
27,116,14,6,4.059,4.559
27,116,14,7,4.599,5.420
27,116,15,1,0.340,1.059
27,116,15,2,1.100,1.579
27,116,15,3,1.740,2.960
27,116,15,4,3.039,3.919
27,116,15,5,4.079,5.219
27,116,16,1,0.340,0.879
27,116,16,2,1.079,1.719
27,116,16,3,1.819,1.939
27,116,16,4,2.039,2.319
27,116,16,5,2.379,3.119
27,116,16,6,3.740,4.119
27,116,16,7,4.219,4.940
27,116,16,8,5.139,5.559
27,116,16,9,5.599,6.319
27,116,16,10,6.819,7.599
27,116,16,11,7.759,8.819
27,116,17,1,0.379,0.659
27,116,17,2,1.019,1.659
27,116,17,3,1.779,2.399
27,116,17,4,2.419,2.819
27,116,17,5,3.359,3.939
27,116,17,6,3.959,4.199
27,116,17,7,4.859,5.639
27,116,18,1,0.319,0.899
27,116,18,2,0.979,1.779
27,116,18,3,1.799,2.399
27,116,18,4,3.079,3.480
27,116,18,5,3.619,3.899
27,116,18,6,4.079,4.479
27,116,18,7,4.559,5.419
27,116,19,1,0.239,1.079
27,116,19,2,1.199,1.459
27,116,19,3,1.620,2.200
27,116,19,4,2.839,3.599
27,116,19,5,3.679,4.659
27,116,19,6,5.159,5.739
27,116,19,7,5.859,6.320
27,117,1,1,0.319,0.979
27,117,1,2,1.000,1.199
27,117,1,3,1.259,1.879
27,117,1,4,2.000,2.220
27,117,1,5,2.259,2.740
27,117,1,6,3.319,4.360
27,117,1,7,4.420,4.619
27,117,1,8,4.699,5.719
27,117,2,1,0.280,0.560
27,117,2,2,0.659,1.299
27,117,2,3,1.339,1.839
27,117,2,4,1.879,2.460
27,117,2,5,3.139,3.939
27,117,2,6,4.000,4.599
27,117,2,7,4.679,5.299
27,117,2,8,5.819,6.440
27,117,2,9,6.539,7.019
27,118,1,1,0.299,0.879
27,118,1,2,0.919,1.480
27,118,1,3,1.699,1.819
27,118,1,4,1.919,2.359
27,118,1,5,2.919,3.099
27,118,1,6,3.139,3.879
27,118,1,7,3.939,4.759
27,118,2,1,0.280,0.719
27,118,2,2,0.799,1.000
27,118,2,3,1.139,1.919
27,118,2,4,2.399,2.519
27,118,2,5,2.619,3.319
27,118,2,6,3.359,4.139
27,118,3,1,0.259,0.899
27,118,3,2,0.919,1.240
27,118,3,3,1.279,1.599
27,118,3,4,1.639,2.240
27,118,3,5,2.759,2.879
27,118,3,6,2.960,3.699
27,118,3,7,3.740,4.519
27,118,4,1,0.379,1.000
27,118,4,2,1.039,1.199
27,118,4,3,1.299,1.860
27,118,4,4,2.039,2.619
27,118,4,5,3.159,3.319
27,118,4,6,3.359,4.000
27,118,4,7,4.159,5.019
27,118,5,1,0.439,0.680
27,118,5,2,0.759,1.799
27,118,5,3,1.879,2.500
27,118,5,4,2.599,2.759
27,118,5,5,3.519,4.259
27,118,5,6,4.400,5.279
27,118,5,7,5.339,5.820
27,118,6,1,0.239,0.479
27,118,6,2,1.039,1.279
27,118,6,3,1.379,1.620
27,118,6,4,1.740,2.180
27,118,6,5,2.839,3.139
27,118,6,6,3.199,3.779
27,118,6,7,3.859,3.959
27,118,6,8,4.119,4.820
27,118,7,1,0.239,0.579
27,118,7,2,0.979,1.199
27,118,7,3,1.319,2.159
27,118,7,4,2.859,3.439
27,118,7,5,3.720,4.299
27,118,7,6,4.360,5.420
27,118,8,1,0.259,0.680
27,118,8,2,0.740,1.539
27,118,8,3,1.579,2.539
27,118,8,4,2.639,3.679
27,118,8,5,3.720,4.759
27,118,9,1,0.219,0.639
27,118,9,2,0.680,1.360
27,118,9,3,1.459,2.099
27,118,9,4,2.440,3.119
27,118,9,5,3.480,4.519
27,118,10,1,0.259,0.560
27,118,10,2,0.639,1.000
27,118,10,3,1.139,1.839
27,118,10,4,2.299,2.779
27,118,10,5,2.819,2.899
27,118,10,6,3.619,3.759
27,118,10,7,3.919,4.759
27,118,11,1,0.340,1.179
27,118,11,2,1.220,1.480
27,118,11,3,1.539,2.299
27,118,11,4,2.779,3.480
27,118,11,5,3.599,3.619
27,118,11,6,4.319,4.460
27,118,11,7,4.599,5.420
27,118,12,1,0.319,1.079
27,118,12,2,1.139,1.959
27,118,12,3,2.519,3.220
27,118,12,4,3.259,3.740
27,118,12,5,3.799,4.319
27,118,12,6,4.920,5.579
27,118,12,7,5.619,5.759
27,118,12,8,6.379,6.519
27,118,12,9,6.659,7.519
27,118,13,1,0.359,0.659
27,118,13,2,1.039,1.819
27,118,13,3,1.860,2.480
27,118,13,4,3.019,3.839
27,118,13,5,3.959,5.119
27,118,14,1,0.299,0.879
27,118,14,2,0.959,1.679
27,118,14,3,1.759,1.959
27,118,14,4,2.639,3.319
27,118,14,5,3.359,3.539
27,118,14,6,3.639,4.639
27,118,15,1,0.179,0.740
27,118,15,2,0.839,1.399
27,118,15,3,1.459,2.180
27,118,15,4,2.279,3.000
27,118,15,5,3.119,3.839
27,118,15,6,4.579,5.039
27,118,15,7,5.179,5.480
27,118,15,8,6.059,6.460
27,118,15,9,6.639,7.440
27,118,16,1,0.239,0.739
27,118,16,2,0.919,0.999
27,118,16,3,1.579,2.180
27,118,16,4,2.700,3.139
27,118,16,5,3.279,3.659
27,118,16,6,3.919,4.679
27,118,16,7,4.739,5.539
27,118,17,1,0.319,0.620
27,118,17,2,0.719,1.240
27,118,17,3,1.299,1.480
27,118,17,4,1.519,2.139
27,118,17,5,2.740,3.859
27,118,17,6,4.019,4.619
27,118,17,7,4.679,5.119
27,118,18,1,0.299,0.979
27,118,18,2,1.199,2.299
27,118,18,3,2.319,2.440
27,118,18,4,3.099,4.079
27,118,18,5,4.139,4.380
27,118,18,6,4.420,5.539
27,118,19,1,0.219,0.779
27,118,19,2,0.799,1.039
27,118,19,3,1.079,1.579
27,118,19,4,1.740,2.220
27,118,19,5,2.700,3.179
27,118,19,6,3.299,3.679
27,118,19,7,3.879,4.279
27,118,19,8,4.339,4.820
27,118,20,1,0.299,0.599
27,118,20,2,0.639,1.480
27,118,20,3,1.539,2.679
27,118,20,4,2.839,3.819
27,118,20,5,3.859,4.319
27,118,20,6,4.400,5.019
27,118,21,1,0.239,0.599
27,118,21,2,0.899,1.059
27,118,21,3,1.120,1.919
27,118,21,4,2.539,3.220
27,118,21,5,3.339,3.740
27,118,21,6,3.839,4.760
27,118,22,1,0.280,0.839
27,118,22,2,1.000,1.599
27,118,22,3,1.639,2.480
27,118,22,4,3.079,3.659
27,118,22,5,3.819,4.440
27,118,22,6,4.480,5.219
27,118,23,1,0.239,0.659
27,118,23,2,0.719,1.699
27,118,23,3,1.719,2.039
27,118,23,4,2.180,2.480
27,118,23,5,2.899,3.219
27,118,23,6,3.379,4.219
27,118,23,7,4.279,5.219
27,118,24,1,0.299,0.659
27,118,24,2,0.719,1.459
27,118,24,3,1.500,2.059
27,118,24,4,2.099,3.119
27,118,24,5,3.199,3.859
27,118,24,6,3.939,4.699
27,118,24,7,4.859,5.360
27,118,25,1,0.319,1.039
27,118,25,2,1.240,2.500
27,118,25,3,2.501,3.000
27,118,25,4,3.220,3.460
27,118,25,5,4.119,4.719
27,118,25,6,4.819,5.679
27,118,25,7,5.680,6.339
27,118,25,8,6.420,7.019
27,118,26,1,0.259,0.819
27,118,26,2,0.879,1.459
27,118,26,3,1.500,2.099
27,118,26,4,2.139,3.179
27,118,26,5,3.240,4.299
27,118,26,6,4.380,5.139
27,118,26,7,5.159,6.059
27,118,27,1,0.239,0.719
27,118,27,2,0.879,1.179
27,118,27,3,1.180,2.399
27,118,27,4,2.460,2.980
27,118,27,5,3.539,4.199
27,118,27,6,4.219,4.539
27,118,27,7,4.639,5.380
27,118,27,8,5.859,6.179
27,118,27,9,6.199,6.879
27,118,27,10,6.920,8.219
27,118,28,1,0.219,0.899
27,118,28,2,0.939,1.500
27,118,28,3,1.579,2.419
27,118,28,4,3.000,3.919
27,118,28,5,3.980,5.219
27,118,29,1,0.239,0.839
27,118,29,2,0.879,1.539
27,118,29,3,1.559,1.699
27,118,29,4,1.779,2.139
27,118,29,5,2.659,2.939
27,118,29,6,3.039,3.759
27,118,29,7,3.980,4.760
27,119,1,1,0.340,0.959
27,119,1,2,1.059,1.659
27,119,1,3,1.799,2.359
27,119,1,4,2.879,3.740
27,119,1,5,3.799,4.440
27,119,1,6,4.539,5.360
27,119,2,1,0.399,1.019
27,119,2,2,1.159,1.699
27,119,2,3,1.779,2.519
27,119,2,4,3.259,3.779
27,119,2,5,3.799,4.179
27,119,2,6,4.319,5.639
27,119,3,1,0.379,0.799
27,119,3,2,0.859,1.079
27,119,3,3,1.259,1.860
27,119,3,4,1.919,2.419
27,119,3,5,3.179,3.919
27,119,3,6,4.139,5.019
27,119,4,1,0.519,1.039
27,119,4,2,1.279,2.059
27,119,4,3,2.939,3.939
27,119,4,4,4.059,4.659
27,119,4,5,4.739,5.639
27,119,5,1,0.479,1.220
27,119,5,2,1.319,2.180
27,119,5,3,2.579,3.779
27,119,5,4,3.859,4.559
27,119,5,5,4.759,5.959
27,119,6,1,0.500,0.939
27,119,6,2,1.039,1.279
27,119,6,3,1.439,1.939
27,119,6,4,2.500,3.599
27,119,6,5,3.959,4.099
27,119,6,6,4.239,4.480
27,119,6,7,4.619,5.819
27,119,7,1,0.500,1.259
27,119,7,2,1.419,2.240
27,119,7,3,2.359,2.859
27,119,7,4,3.679,4.559
27,119,7,5,4.759,5.539
27,119,7,6,5.779,6.919
27,119,8,1,0.519,0.839
27,119,8,2,0.919,1.740
27,119,8,3,1.899,2.639
27,119,8,4,3.439,3.839
27,119,8,5,3.980,5.119
27,119,8,6,5.579,5.819
27,119,8,7,5.940,6.739
27,119,9,1,0.539,1.059
27,119,9,2,1.179,1.899
27,119,9,3,2.019,2.519
27,119,9,4,2.700,2.879
27,119,9,5,2.960,3.519
27,119,9,6,4.139,4.980
27,119,9,7,5.000,6.239
27,119,10,1,0.379,0.879
27,119,10,2,0.919,1.500
27,119,10,3,1.579,2.519
27,119,10,4,3.460,3.740
27,119,10,5,3.919,4.819
27,119,10,6,4.960,6.500
27,119,11,1,0.479,1.139
27,119,11,2,1.259,2.079
27,119,11,3,2.119,3.079
27,119,11,4,3.699,4.420
27,119,11,5,4.819,5.199
27,119,11,6,5.239,5.859
27,119,11,7,5.900,6.420
27,119,12,1,0.359,0.979
27,119,12,2,1.019,1.559
27,119,12,3,1.579,2.339
27,119,12,4,2.639,3.480
27,119,12,5,3.579,4.639
27,119,13,1,0.479,1.299
27,119,13,2,1.519,2.319
27,119,13,3,2.879,3.179
27,119,13,4,3.299,4.039
27,119,13,5,4.159,5.019
27,119,14,1,0.519,1.259
27,119,14,2,1.279,1.939
27,119,14,3,2.359,2.899
27,119,14,4,3.539,4.079
27,119,14,5,4.279,4.559
27,119,14,6,4.599,5.359
27,119,15,1,0.399,1.799
27,119,15,2,1.819,2.539
27,119,15,3,3.259,4.259
27,119,15,4,4.599,5.960
27,119,16,1,0.500,1.759
27,119,16,2,2.279,3.439
27,119,16,3,4.059,4.500
27,119,16,4,4.579,5.519
27,119,16,5,5.579,6.920
27,119,17,1,0.519,1.100
27,119,17,2,1.159,1.379
27,119,17,3,1.419,2.399
27,119,17,4,2.419,3.159
27,119,17,5,3.279,4.179
27,119,17,6,4.319,5.419
27,119,18,1,0.419,0.859
27,119,18,2,0.879,1.399
27,119,18,3,1.519,2.519
27,119,18,4,3.039,4.059
27,119,18,5,4.119,5.639
27,119,19,1,0.340,0.740
27,119,19,2,0.879,1.500
27,119,19,3,1.620,2.419
27,119,19,4,2.980,3.159
27,119,19,5,3.299,3.939
27,119,19,6,3.980,4.819
27,119,19,7,5.139,6.420
27,119,20,1,0.439,1.159
27,119,20,2,1.279,1.919
27,119,20,3,2.019,2.819
27,119,20,4,3.519,3.699
27,119,20,5,3.839,4.699
27,119,20,6,4.980,5.420
27,119,20,7,5.460,6.139
27,119,21,1,0.439,1.000
27,119,21,2,1.360,2.039
27,119,21,3,2.099,2.700
27,119,21,4,3.359,4.339
27,119,21,5,4.380,6.059
27,119,22,1,0.479,0.819
27,119,22,2,0.959,1.639
27,119,22,3,1.699,2.220
27,119,22,4,2.379,2.980
27,119,22,5,3.519,3.679
27,119,22,6,3.740,4.500
27,119,22,7,4.719,5.960
27,119,23,1,0.479,0.939
27,119,23,2,0.959,1.939
27,119,23,3,1.959,2.619
27,119,23,4,3.240,3.539
27,119,23,5,3.559,4.319
27,119,23,6,4.819,5.440
27,119,23,7,5.819,6.719
27,119,23,8,6.759,8.140
27,119,24,1,0.319,0.719
27,119,24,2,0.759,1.459
27,119,24,3,1.819,2.799
27,119,24,4,3.460,4.139
27,119,24,5,4.199,5.359
27,119,25,1,0.519,1.059
27,119,25,2,1.220,1.839
27,119,25,3,1.899,2.500
27,119,25,4,3.019,3.859
27,119,25,5,3.899,5.019
27,119,26,1,0.359,1.199
27,119,26,2,1.319,2.159
27,119,26,3,2.200,3.319
27,119,26,4,3.899,4.739
27,119,26,5,4.839,6.139
27,119,27,1,0.479,1.000
27,119,27,2,1.139,1.939
27,119,27,3,2.159,3.000
27,119,27,4,3.619,4.579
27,119,27,5,4.739,6.419
27,119,28,1,0.439,1.059
27,119,28,2,1.120,1.699
27,119,28,3,1.719,2.519
27,119,28,4,3.179,4.119
27,119,28,5,4.219,5.419
27,119,29,1,0.479,1.259
27,119,29,2,1.319,1.879
27,119,29,3,1.939,2.480
27,119,29,4,2.639,3.399
27,119,29,5,3.959,4.900
27,119,29,6,5.059,6.239
27,119,30,1,0.359,1.100
27,119,30,2,1.139,1.699
27,119,30,3,1.779,2.460
27,119,30,4,3.220,4.139
27,119,30,5,4.460,5.719
27,119,31,1,0.500,1.220
27,119,31,2,1.339,2.359
27,119,31,3,2.399,2.839
27,119,31,4,3.159,4.299
27,119,31,5,4.440,5.719
27,119,32,1,0.359,0.859
27,119,32,2,0.959,1.779
27,119,32,3,2.079,2.619
27,119,32,4,3.279,3.679
27,119,32,5,3.740,4.360
27,119,32,6,4.440,5.359
27,119,33,1,0.439,0.919
27,119,33,2,0.959,1.379
27,119,33,3,1.819,2.240
27,119,33,4,2.299,2.939
27,119,33,5,3.759,4.960
27,119,33,6,5.099,5.960
27,119,34,1,0.319,1.120
27,119,34,2,1.179,2.019
27,119,34,3,2.139,2.899
27,119,34,4,3.419,4.759
27,119,34,5,5.019,5.579
27,119,34,6,5.599,6.139
27,119,35,1,0.319,1.240
27,119,35,2,1.299,1.779
27,119,35,3,1.879,2.839
27,119,35,4,3.279,3.500
27,119,35,5,3.539,3.819
27,119,35,6,3.919,5.019
27,119,36,1,0.299,0.759
27,119,36,2,0.859,1.500
27,119,36,3,1.599,1.819
27,119,36,4,1.860,2.619
27,119,36,5,3.379,4.299
27,119,36,6,4.380,4.699
27,119,36,7,4.739,5.719
27,119,37,1,0.319,1.059
27,119,37,2,1.100,1.699
27,119,37,3,1.799,2.500
27,119,37,4,2.539,2.899
27,119,37,5,3.399,4.339
27,119,37,6,4.619,5.719
27,119,38,1,0.340,1.039
27,119,38,2,1.079,1.879
27,119,38,3,2.059,2.919
27,119,38,4,3.579,4.400
27,119,38,5,4.460,6.139
27,119,39,1,0.299,1.019
27,119,39,2,1.059,1.899
27,119,39,3,1.959,2.379
27,119,39,4,2.440,3.119
27,119,39,5,3.779,4.019
27,119,39,6,4.179,5.119
27,119,39,7,5.480,6.239
27,119,40,1,0.299,0.779
27,119,40,2,1.039,1.899
27,119,40,3,1.959,3.119
27,119,40,4,3.720,5.039
27,119,40,5,5.179,6.239
27,119,41,1,0.680,1.860
27,119,41,2,1.979,2.720
27,119,41,3,3.000,3.639
27,119,41,4,4.139,5.199
27,119,41,5,5.339,6.839
27,119,42,1,0.340,1.120
27,119,42,2,1.259,1.839
27,119,42,3,1.939,2.379
27,119,42,4,2.960,3.099
27,119,42,5,3.220,3.879
27,119,42,6,4.279,5.539
27,119,43,1,0.319,0.819
27,119,43,2,0.959,1.779
27,119,43,3,1.860,2.399
27,119,43,4,2.480,3.000
27,119,43,5,3.039,3.480
27,119,43,6,4.039,4.299
27,119,43,7,4.420,4.920
27,119,43,8,5.500,5.619
27,119,43,9,5.699,6.799
27,119,43,10,7.299,8.399
27,119,44,1,0.359,1.360
27,119,44,2,1.500,2.200
27,119,44,3,2.299,2.740
27,119,44,4,3.359,4.039
27,119,44,5,4.159,5.019
27,119,45,1,0.340,1.599
27,119,45,2,2.019,2.899
27,119,45,3,3.339,3.619
27,119,45,4,3.679,4.559
27,119,45,5,4.839,5.640
27,119,46,1,0.359,1.439
27,119,46,2,1.539,2.440
27,119,46,3,2.879,3.399
27,119,46,4,3.439,4.239
27,119,46,5,4.719,5.119
27,119,46,6,5.259,6.139
27,119,47,1,0.319,1.759
27,119,47,2,1.799,2.960
27,119,47,3,3.480,4.159
27,119,47,4,4.199,5.019
27,119,48,1,0.459,1.259
27,119,48,2,1.279,2.220
27,119,48,3,2.339,2.460
27,119,48,4,2.599,3.959
27,119,48,5,4.019,4.500
27,119,48,6,4.719,5.359
27,119,48,7,5.859,7.099
27,119,48,8,7.199,8.560
27,119,49,1,0.639,1.159
27,119,49,2,1.199,1.620
27,119,49,3,1.740,2.980
27,119,49,4,3.000,3.339
27,119,49,5,3.379,4.119
27,119,49,6,4.159,5.639
27,119,50,1,0.399,0.899
27,119,50,2,1.000,1.860
27,119,50,3,2.019,2.679
27,119,50,4,3.199,3.539
27,119,50,5,3.619,4.299
27,119,50,6,4.319,6.239
27,119,51,1,0.379,1.079
27,119,51,2,1.100,2.019
27,119,51,3,2.099,2.259
27,119,51,4,2.379,2.839
27,119,51,5,3.339,4.519
27,119,51,6,4.599,4.839
27,119,51,7,4.880,5.820
27,119,52,1,0.340,1.199
27,119,52,2,1.279,2.200
27,119,52,3,2.819,3.480
27,119,52,4,4.039,4.960
27,119,52,5,4.961,6.500
27,119,53,1,0.419,1.319
27,119,53,2,1.399,2.259
27,119,53,3,2.319,3.099
27,119,53,4,3.740,4.440
27,119,53,5,4.639,5.819
27,119,54,1,0.599,1.399
27,119,54,2,1.439,1.839
27,119,54,3,1.939,2.099
27,119,54,4,2.139,2.919
27,119,54,5,3.599,4.199
27,119,54,6,4.319,5.359
27,119,55,1,0.439,1.100
27,119,55,2,1.159,1.919
27,119,55,3,2.099,2.519
27,119,55,4,2.939,4.039
27,119,55,5,4.059,5.159
27,119,55,6,5.319,6.420
27,119,56,1,0.419,0.859
27,119,56,2,0.899,1.299
27,119,56,3,1.319,1.620
27,119,56,4,2.159,2.259
27,119,56,5,2.500,3.399
27,119,56,6,4.099,5.219
27,119,57,1,0.419,0.939
27,119,57,2,1.039,1.299
27,119,57,3,2.299,2.960
27,119,57,4,3.000,3.599
27,119,57,5,3.679,4.759
27,119,58,1,0.239,1.100
27,119,58,2,1.139,1.740
27,119,58,3,1.860,2.319
27,119,58,4,2.339,3.039
27,119,58,5,3.079,3.899
27,119,58,6,3.939,5.539
27,119,59,1,0.259,1.120
27,119,59,2,1.279,1.899
27,119,59,3,2.500,3.359
27,119,59,4,3.399,4.319
27,119,59,5,4.380,4.719
27,119,59,6,4.759,5.960
27,119,60,1,0.319,0.899
27,119,60,2,1.360,1.639
27,119,60,3,1.799,3.359
27,119,60,4,3.439,4.159
27,119,60,5,4.339,5.719
27,119,61,1,0.319,0.779
27,119,61,2,0.879,1.679
27,119,61,3,1.699,2.679
27,119,61,4,3.220,3.759
27,119,61,5,4.440,4.739
27,119,61,6,4.779,5.719
27,119,62,1,0.379,0.919
27,119,62,2,0.959,1.419
27,119,62,3,1.519,2.200
27,119,62,4,2.279,2.839
27,119,62,5,2.919,3.240
27,119,62,6,3.759,3.980
27,119,62,7,4.079,4.699
27,119,62,8,4.960,6.139
27,119,63,1,0.379,0.919
27,119,63,2,0.979,1.379
27,119,63,3,1.439,1.959
27,119,63,4,2.000,2.480
27,119,63,5,2.539,3.339
27,119,63,6,4.039,5.000
27,119,63,7,5.420,6.739
27,119,64,1,0.359,0.919
27,119,64,2,1.259,2.319
27,119,64,3,2.359,3.139
27,119,64,4,3.159,4.099
27,119,64,5,4.500,5.500
27,119,64,6,5.879,7.099
27,119,65,1,0.500,0.899
27,119,65,2,0.979,1.500
27,119,65,3,1.899,2.200
27,119,65,4,2.259,2.799
27,119,65,5,3.419,4.079
27,119,65,6,4.099,5.539
27,119,66,1,0.039,0.219
27,119,66,2,0.340,0.859
27,119,66,3,0.959,1.740
27,119,66,4,1.779,2.579
27,119,66,5,3.099,3.279
27,119,66,6,3.339,4.639
27,119,66,7,5.000,6.139
27,119,67,1,0.399,0.979
27,119,67,2,1.100,1.719
27,119,67,3,1.939,2.200
27,119,67,4,2.299,2.799
27,119,67,5,3.359,4.079
27,119,67,6,4.500,5.400
27,119,67,7,5.579,6.500
27,119,68,1,0.379,0.899
27,119,68,2,0.939,1.620
27,119,68,3,1.659,2.299
27,119,68,4,2.819,3.559
27,119,68,5,3.819,4.939
27,119,69,1,0.340,1.100
27,119,69,2,1.199,1.740
27,119,69,3,1.759,2.339
27,119,69,4,2.500,2.919
27,119,69,5,3.619,4.039
27,119,69,6,4.139,4.619
27,119,69,7,4.659,5.079
27,119,69,8,5.119,5.960
27,119,69,9,6.000,7.339
27,119,70,1,0.459,1.079
27,119,70,2,1.199,1.919
27,119,70,3,1.959,2.519
27,119,70,4,3.319,3.699
27,119,70,5,3.919,4.739
27,119,70,6,4.900,6.139
27,119,71,1,0.439,0.799
27,119,71,2,0.899,1.100
27,119,71,3,1.240,1.419
27,119,71,4,1.480,2.200
27,119,71,5,2.759,3.639
27,119,71,6,3.720,4.239
27,119,71,7,4.480,5.639
27,119,72,1,0.340,0.859
27,119,72,2,0.919,1.100
27,119,72,3,1.319,1.919
27,119,72,4,1.939,2.259
27,119,72,5,2.939,3.740
27,119,72,6,3.899,4.639
27,119,72,7,4.719,5.960
27,119,73,1,0.459,1.019
27,119,73,2,1.279,1.939
27,119,73,3,2.019,3.099
27,119,73,4,3.539,4.480
27,119,73,5,4.539,5.519
27,119,73,6,5.619,6.920
27,119,74,1,0.319,0.939
27,119,74,2,1.199,2.039
27,119,74,3,2.139,3.319
27,119,74,4,3.919,4.079
27,119,74,5,4.199,4.900
27,119,74,6,5.319,6.420
27,119,75,1,0.340,1.000
27,119,75,2,1.059,1.379
27,119,75,3,1.779,1.959
27,119,75,4,2.079,2.559
27,119,75,5,2.659,3.559
27,119,75,6,4.179,5.119
27,119,75,7,5.159,6.500
27,119,76,1,0.439,0.740
27,119,76,2,0.799,0.899
27,119,76,3,1.000,1.959
27,119,76,4,2.059,2.960
27,119,76,5,3.439,4.400
27,119,76,6,4.839,6.059
27,119,77,1,0.319,1.199
27,119,77,2,1.339,2.159
27,119,77,3,2.279,3.000
27,119,77,4,3.539,3.659
27,119,77,5,3.799,4.599
27,119,77,6,4.819,6.140
27,119,78,1,0.479,1.199
27,119,78,2,1.339,1.919
27,119,78,3,1.959,2.099
27,119,78,4,2.180,2.779
27,119,78,5,2.879,3.740
27,119,78,6,4.360,4.839
27,119,78,7,5.219,5.960
27,119,78,8,6.359,7.799
27,119,79,1,0.379,1.199
27,119,79,2,1.240,1.480
27,119,79,3,1.559,2.419
27,119,79,4,2.879,3.759
27,119,79,5,3.879,5.019
27,119,80,1,0.359,0.680
27,119,80,2,0.719,1.179
27,119,80,3,1.299,1.719
27,119,80,4,1.819,2.679
27,119,80,5,3.199,3.980
27,119,80,6,4.339,4.699
27,119,80,7,4.739,5.639
27,119,81,1,0.459,1.139
27,119,81,2,1.220,2.240
27,119,81,3,2.399,2.899
27,119,81,4,3.439,4.099
27,119,81,5,4.539,5.639
27,119,82,1,0.299,0.799
27,119,82,2,0.819,1.599
27,119,82,3,1.639,2.779
27,119,82,4,3.319,4.159
27,119,82,5,4.339,4.859
27,119,82,6,4.980,6.139
27,119,83,1,0.280,0.419
27,119,83,2,0.439,1.220
27,119,83,3,1.279,1.839
27,119,83,4,1.899,2.579
27,119,83,5,3.220,3.899
27,119,83,6,4.119,4.319
27,119,83,7,4.339,5.420
27,119,84,1,0.259,0.839
27,119,84,2,0.939,1.259
27,119,84,3,1.299,2.039
27,119,84,4,2.579,3.079
27,119,84,5,3.199,3.839
27,119,84,6,3.959,4.779
27,119,84,7,4.920,5.720
27,119,85,1,0.439,0.919
27,119,85,2,1.019,1.220
27,119,85,3,1.360,1.899
27,119,85,4,2.159,3.379
27,119,85,5,3.439,3.919
27,119,85,6,4.079,4.279
27,119,85,7,4.420,5.819
27,119,86,1,0.379,0.759
27,119,86,2,0.859,1.899
27,119,86,3,2.059,2.619
27,119,86,4,3.220,3.919
27,119,86,5,4.019,4.880
27,119,86,6,5.199,6.320
27,119,87,1,0.379,1.079
27,119,87,2,1.120,1.899
27,119,87,3,2.059,2.799
27,119,87,4,3.359,4.000
27,119,87,5,4.099,4.279
27,119,87,6,4.339,4.980
27,119,87,7,5.380,6.659
27,119,88,1,0.340,1.360
27,119,88,2,1.379,2.539
27,119,88,3,2.639,3.859
27,119,88,4,3.919,4.360
27,119,88,5,4.559,5.419
27,119,89,1,0.579,1.399
27,119,89,2,1.459,2.579
27,119,89,3,2.639,3.480
27,119,89,4,3.599,4.380
27,119,89,5,4.420,5.639
27,119,90,1,0.299,0.799
27,119,90,2,0.859,1.459
27,119,90,3,1.500,2.460
27,119,90,4,3.240,3.859
27,119,90,5,4.159,4.779
27,119,90,6,4.859,6.059
27,119,91,1,0.340,1.360
27,119,91,2,1.559,2.119
27,119,91,3,2.220,2.859
27,119,91,4,3.379,3.519
27,119,91,5,3.599,4.579
27,119,91,6,4.679,5.819
27,119,92,1,0.379,0.759
27,119,92,2,0.919,1.579
27,119,92,3,1.979,2.259
27,119,92,4,3.439,4.019
27,119,92,5,4.099,4.839
27,119,92,6,4.880,5.960
27,119,93,1,0.259,0.899
27,119,93,2,0.979,1.199
27,119,93,3,1.220,1.740
27,119,93,4,1.919,2.679
27,119,93,5,3.339,3.480
27,119,93,6,3.619,3.959
27,119,93,7,4.279,5.719
27,119,94,1,0.479,0.759
27,119,94,2,1.139,1.759
27,119,94,3,1.799,2.619
27,119,94,4,3.119,3.220
27,119,94,5,3.379,4.199
27,119,94,6,4.380,5.359
27,119,95,1,0.280,0.740
27,119,95,2,0.779,1.199
27,119,95,3,1.319,1.979
27,119,95,4,2.059,3.099
27,119,95,5,3.679,4.420
27,119,95,6,4.859,5.960
27,119,96,1,0.319,0.859
27,119,96,2,1.039,1.559
27,119,96,3,1.719,2.279
27,119,96,4,2.359,2.779
27,119,96,5,3.419,4.079
27,119,96,6,4.519,5.579
27,119,96,7,5.659,6.500
27,119,97,1,0.799,1.199
27,119,97,2,1.259,1.979
27,119,97,3,2.299,3.059
27,119,97,4,3.559,3.819
27,119,97,5,3.899,4.639
27,119,97,6,4.679,4.980
27,119,97,7,5.139,6.139
27,119,98,1,0.299,1.120
27,119,98,2,1.199,2.339
27,119,98,3,2.399,3.279
27,119,98,4,3.779,3.980
27,119,98,5,4.039,4.980
27,119,98,6,5.000,5.400
27,119,98,7,5.420,6.139
27,119,99,1,0.340,0.959
27,119,99,2,1.000,1.919
27,119,99,3,1.939,2.700
27,119,99,4,3.220,3.379
27,119,99,5,3.419,4.239
27,119,99,6,5.039,5.500
27,119,99,7,5.519,6.139
27,119,100,1,0.479,1.579
27,119,100,2,1.620,2.980
27,119,100,3,3.019,3.139
27,119,100,4,3.220,4.000
27,119,100,5,4.400,5.539
27,119,101,1,0.019,0.140
27,119,101,2,0.319,0.819
27,119,101,3,0.859,1.100
27,119,101,4,1.519,2.200
27,119,101,5,2.879,3.500
27,119,101,6,3.839,4.739
27,119,101,7,4.779,5.480
27,119,101,8,5.619,6.739
27,119,102,1,0.459,1.659
27,119,102,2,1.899,2.139
27,119,102,3,2.240,2.779
27,119,102,4,3.359,3.519
27,119,102,5,3.839,4.719
27,119,102,6,4.759,6.059
27,119,103,1,0.459,0.779
27,119,103,2,0.819,1.559
27,119,103,3,1.659,2.460
27,119,103,4,2.480,3.259
27,119,103,5,4.039,5.000
27,119,103,6,5.519,6.319
27,119,104,1,0.399,1.620
27,119,104,2,1.839,2.599
27,119,104,3,3.139,3.319
27,119,104,4,3.480,3.819
27,119,104,5,4.219,5.000
27,119,104,6,5.299,5.699
27,119,104,7,5.739,6.259
27,119,104,8,6.420,7.340
27,119,105,1,0.839,1.319
27,119,105,2,1.399,1.939
27,119,105,3,2.000,2.859
27,119,105,4,3.259,3.919
27,119,105,5,4.059,5.360
27,119,106,1,0.479,1.459
27,119,106,2,1.519,2.700
27,119,106,3,3.220,3.879
27,119,106,4,4.039,4.679
27,119,106,5,4.920,6.059
27,119,107,1,0.239,0.939
27,119,107,2,1.000,1.179
27,119,107,3,1.279,2.039
27,119,107,4,2.099,2.439
27,119,107,5,2.859,3.599
27,119,107,6,3.619,4.759
27,119,108,1,0.319,0.959
27,119,108,2,1.199,1.639
27,119,108,3,1.759,2.359
27,119,108,4,2.379,2.579
27,119,108,5,2.639,3.759
27,119,108,6,3.760,4.699
27,119,108,7,4.859,5.960
27,119,109,1,0.179,0.839
27,119,109,2,0.939,1.599
27,119,109,3,1.679,2.059
27,119,109,4,2.679,3.579
27,119,109,5,3.839,4.059
27,119,109,6,4.119,4.819
27,119,110,1,0.259,0.899
27,119,110,2,0.919,1.639
27,119,110,3,1.659,1.919
27,119,110,4,2.039,2.220
27,119,110,5,2.779,4.199
27,119,110,6,4.579,4.779
27,119,110,7,4.880,6.140
27,119,111,1,0.259,0.899
27,119,111,2,0.939,1.599
27,119,111,3,1.759,2.399
27,119,111,4,2.919,3.039
27,119,111,5,3.139,3.659
27,119,111,6,3.740,4.319
27,119,111,7,4.339,5.119
27,119,112,1,0.340,1.079
27,119,112,2,1.100,2.019
27,119,112,3,2.099,2.700
27,119,112,4,2.819,3.959
27,119,112,5,4.079,5.159
27,119,112,6,5.279,6.239
27,119,113,1,0.399,1.059
27,119,113,2,1.139,1.759
27,119,113,3,2.259,3.299
27,119,113,4,3.319,4.139
27,119,114,1,0.280,0.799
27,119,114,2,0.839,1.779
27,119,114,3,2.099,2.539
27,119,114,4,3.139,4.319
27,119,114,5,4.460,5.360
27,119,115,1,0.299,0.859
27,119,115,2,0.899,1.679
27,119,115,3,1.719,2.299
27,119,115,4,2.799,4.039
27,119,115,5,4.219,5.039
27,119,115,6,5.279,6.239
27,119,116,1,0.340,1.240
27,119,116,2,1.279,2.480
27,119,116,3,2.899,3.720
27,119,116,4,4.179,4.599
27,119,116,5,4.759,5.559
27,119,116,6,5.619,6.659
27,119,117,1,0.299,1.100
27,119,117,2,1.199,2.879
27,119,117,3,2.980,4.039
27,119,117,4,4.219,5.380
27,119,117,5,5.659,6.659
27,119,118,1,0.419,1.000
27,119,118,2,1.279,1.539
27,119,118,3,1.659,2.180
27,119,118,4,2.240,3.000
27,119,118,5,3.639,3.839
27,119,118,6,3.939,4.699
27,119,118,7,4.739,5.820
27,119,119,1,0.399,1.100
27,119,119,2,1.419,2.119
27,119,119,3,2.220,3.319
27,119,119,4,3.399,4.019
27,119,119,5,4.039,4.619
27,119,119,6,5.139,5.599
27,119,119,7,6.000,6.719
27,119,119,8,6.799,7.799
27,119,120,1,0.399,0.939
27,119,120,2,1.100,2.159
27,119,120,3,2.240,2.740
27,119,120,4,3.339,4.739
27,119,120,5,4.880,5.639
27,119,121,1,0.379,1.039
27,119,121,2,1.059,1.699
27,119,121,3,1.799,2.539
27,119,121,4,3.179,3.500
27,119,121,5,3.679,4.779
27,119,121,6,4.880,6.059
27,119,122,1,0.219,0.799
27,119,122,2,0.879,1.339
27,119,122,3,1.480,2.000
27,119,122,4,2.720,2.939
27,119,122,5,3.179,4.079
27,119,122,6,4.179,4.820
27,119,123,1,0.359,1.120
27,119,123,2,1.139,1.519
27,119,123,3,1.579,2.500
27,119,123,4,3.000,4.319
27,119,123,5,4.400,5.639
27,119,124,1,0.179,0.779
27,119,124,2,0.819,1.159
27,119,124,3,1.179,1.839
27,119,124,4,2.200,3.179
27,119,124,5,3.699,4.559
27,119,124,6,4.639,5.720
27,119,125,1,0.239,0.919
27,119,125,2,1.120,1.599
27,119,125,3,1.860,2.659
27,119,125,4,3.139,4.000
27,119,125,5,4.219,5.360
27,119,126,1,0.459,0.919
27,119,126,2,0.959,1.579
27,119,126,3,1.639,2.359
27,119,126,4,2.799,3.500
27,119,126,5,3.519,4.639
27,119,127,1,0.199,0.459
27,119,127,2,0.579,1.360
27,119,127,3,1.480,2.099
27,119,127,4,2.139,3.139
27,119,127,5,3.619,4.759
27,119,127,6,4.819,5.820
27,119,128,1,0.319,0.479
27,119,128,2,0.560,0.779
27,119,128,3,0.899,1.100
27,119,128,4,1.220,1.879
27,119,128,5,1.959,2.659
27,119,128,6,2.779,3.599
27,119,128,7,4.179,4.619
27,119,128,8,4.659,5.259
27,119,128,9,5.380,6.199
27,119,128,10,6.379,7.260
27,119,129,1,0.259,1.000
27,119,129,2,1.039,1.819
27,119,129,3,2.379,2.559
27,119,129,4,2.599,2.960
27,119,129,5,2.980,3.959
27,119,129,6,4.019,4.819
27,119,130,1,0.319,0.919
27,119,130,2,0.959,1.579
27,119,130,3,1.919,2.539
27,119,130,4,3.240,3.819
27,119,130,5,4.019,4.940
27,119,131,1,0.280,0.579
27,119,131,2,0.719,1.480
27,119,131,3,1.539,2.819
27,119,131,4,3.419,3.579
27,119,131,5,3.639,4.739
27,119,131,6,4.920,5.819
27,119,132,1,0.179,0.599
27,119,132,2,0.639,1.120
27,119,132,3,1.179,2.099
27,119,132,4,2.619,3.619
27,119,132,5,3.740,4.380
27,119,132,6,4.579,5.420
27,119,133,1,0.239,0.859
27,119,133,2,0.879,1.339
27,119,133,3,1.419,2.579
27,119,133,4,3.159,3.579
27,119,133,5,3.720,4.380
27,119,133,6,4.460,4.719
27,119,133,7,4.759,5.319
27,119,133,8,5.359,6.059
27,119,134,1,0.280,0.959
27,119,134,2,1.220,1.779
27,119,134,3,1.799,3.000
27,119,134,4,3.079,4.079
27,119,134,5,4.339,5.719
27,119,135,1,0.199,0.740
27,119,135,2,0.839,1.519
27,119,135,3,1.539,2.519
27,119,135,4,3.019,4.299
27,119,135,5,4.339,4.579
27,119,135,6,4.679,5.719
27,119,136,1,0.280,0.839
27,119,136,2,0.959,1.559
27,119,136,3,1.620,2.279
27,119,136,4,2.359,2.919
27,119,136,5,3.579,4.019
27,119,136,6,4.119,4.259
27,119,136,7,4.440,5.079
27,119,136,8,5.339,6.740
27,119,137,1,0.479,1.100
27,119,137,2,1.139,1.779
27,119,137,3,1.799,2.359
27,119,137,4,2.619,3.399
27,119,137,5,3.599,4.760
27,119,138,1,0.199,0.879
27,119,138,2,1.159,1.719
27,119,138,3,1.779,2.939
27,119,138,4,3.039,3.919
27,119,138,5,4.159,5.219
27,119,139,1,0.340,1.539
27,119,139,2,1.579,2.159
27,119,139,3,2.859,3.179
27,119,139,4,3.220,3.939
27,119,139,5,4.039,4.699
27,119,139,6,5.000,5.819
27,119,140,1,0.159,0.759
27,119,140,2,0.939,1.779
27,119,140,3,1.860,2.379
27,119,140,4,2.859,3.879
27,119,140,5,4.179,4.940
27,119,141,1,0.239,0.859
27,119,141,2,1.039,1.519
27,119,141,3,1.559,2.379
27,119,141,4,2.859,3.720
27,119,141,5,4.039,4.199
27,119,141,6,4.299,5.119
27,119,142,1,0.299,1.199
27,119,142,2,1.319,1.919
27,119,142,3,1.959,2.519
27,119,142,4,3.099,3.899
27,119,142,5,4.420,5.119
27,119,143,1,0.259,0.759
27,119,143,2,0.799,1.480
27,119,143,3,1.599,2.359
27,119,143,4,2.980,3.899
27,119,143,5,4.199,5.420
27,119,144,1,0.280,0.879
27,119,144,2,0.899,1.659
27,119,144,3,1.839,2.440
27,119,144,4,3.079,3.879
27,119,144,5,3.899,4.760
27,119,145,1,0.179,0.799
27,119,145,2,0.919,1.360
27,119,145,3,1.379,1.779
27,119,145,4,1.959,2.559
27,119,145,5,2.579,2.819
27,119,145,6,3.839,4.679
27,119,145,7,4.880,5.960
27,119,146,1,0.159,0.899
27,119,146,2,0.959,1.939
27,119,146,3,2.419,3.539
27,119,146,4,3.579,4.639
27,119,147,1,0.019,0.719
27,119,147,2,0.759,1.699
27,119,147,3,1.779,2.939
27,119,147,4,3.679,4.819
27,119,147,5,4.980,5.819
27,119,148,1,0.219,0.839
27,119,148,2,0.859,1.480
27,119,148,3,1.500,2.259
27,119,148,4,2.819,3.659
27,119,148,5,3.720,5.119
27,119,149,1,0.199,0.659
27,119,149,2,0.939,1.779
27,119,149,3,1.860,2.720
27,119,149,4,3.480,3.579
27,119,149,5,4.239,5.359
27,119,149,6,5.379,6.739
27,119,150,1,0.179,0.899
27,119,150,2,0.939,1.579
27,119,150,3,1.599,2.099
27,119,150,4,2.679,3.759
27,119,150,5,3.919,4.940
27,119,151,1,0.259,0.919
27,119,151,2,0.979,1.620
27,119,151,3,1.679,2.819
27,119,151,4,2.879,3.399
27,119,151,5,3.539,4.819
27,119,151,6,4.839,5.419
27,119,152,1,0.179,0.779
27,119,152,2,0.799,1.399
27,119,152,3,1.480,2.419
27,119,152,4,3.000,3.179
27,119,152,5,3.299,4.279
27,119,152,6,4.319,5.360
27,119,153,1,0.340,0.819
27,119,153,2,0.879,1.459
27,119,153,3,1.539,2.720
27,119,153,4,3.220,3.460
27,119,153,5,3.559,4.380
27,119,153,6,4.880,5.059
27,119,153,7,5.179,6.139
27,119,154,1,0.319,0.919
27,119,154,2,1.000,1.419
27,119,154,3,1.679,2.579
27,119,154,4,3.079,4.099
27,119,154,5,4.500,5.639
27,119,155,1,0.340,0.879
27,119,155,2,0.939,1.740
27,119,155,3,1.799,2.379
27,119,155,4,3.059,3.159
27,119,155,5,3.279,3.919
27,119,155,6,4.099,4.299
27,119,155,7,4.339,5.219
27,119,156,1,0.280,0.939
27,119,156,2,1.100,1.740
27,119,156,3,1.759,2.859
27,119,156,4,2.899,4.079
27,119,156,5,4.239,5.360
27,119,157,1,0.259,0.839
27,119,157,2,0.919,1.579
27,119,157,3,1.659,2.359
27,119,157,4,3.000,3.879
27,119,157,5,4.019,4.179
27,119,157,6,4.319,5.220
27,119,158,1,0.299,0.859
27,119,158,2,0.919,1.659
27,119,158,3,1.759,3.079
27,119,158,4,3.699,4.319
27,119,158,5,4.360,5.339
27,119,158,6,5.480,5.679
27,119,158,7,5.779,6.659
27,119,159,1,0.340,0.899
27,119,159,2,1.319,1.679
27,119,159,3,1.879,2.779
27,119,159,4,3.079,3.740
27,119,159,5,4.239,4.420
27,119,159,6,5.299,6.319
27,119,159,7,6.440,7.440
27,119,160,1,0.299,0.740
27,119,160,2,0.779,1.480
27,119,160,3,1.779,2.259
27,119,160,4,2.879,4.019
27,119,160,5,4.059,4.480
27,119,160,6,4.539,5.259
27,119,160,7,5.339,6.499
27,119,161,1,0.280,0.799
27,119,161,2,0.859,1.559
27,119,161,3,1.620,2.299
27,119,161,4,2.799,4.139
27,119,161,5,4.900,5.500
27,119,161,6,5.539,6.240
27,119,162,1,0.359,0.859
27,119,162,2,0.899,1.399
27,119,162,3,1.500,1.699
27,119,162,4,1.740,2.500
27,119,162,5,3.179,3.819
27,119,162,6,3.939,4.440
27,119,162,7,4.519,5.019
27,119,163,1,0.340,1.019
27,119,163,2,1.179,1.879
27,119,163,3,1.959,3.000
27,119,163,4,3.539,4.380
27,119,163,5,4.679,5.539
27,119,164,1,0.419,1.059
27,119,164,2,1.079,1.699
27,119,164,3,1.799,2.960
27,119,164,4,3.539,3.879
27,119,164,5,4.099,4.960
27,119,164,6,5.119,6.319
27,119,165,1,0.239,0.699
27,119,165,2,0.799,1.139
27,119,165,3,1.240,2.019
27,119,165,4,2.119,2.899
27,119,165,5,3.480,4.039
27,119,165,6,4.079,4.619
27,119,165,7,4.719,5.639
27,119,166,1,0.459,1.360
27,119,166,2,1.419,2.419
27,119,166,3,2.440,2.799
27,119,166,4,4.039,5.219
27,119,166,5,5.400,6.320
27,119,167,1,0.359,1.059
27,119,167,2,1.139,1.679
27,119,167,3,1.759,2.619
27,119,167,4,3.220,4.199
27,119,167,5,4.299,5.019
27,119,168,1,0.280,0.979
27,119,168,2,1.079,2.019
27,119,168,3,2.139,3.079
27,119,168,4,3.759,3.939
27,119,168,5,4.000,4.400
27,119,168,6,4.500,5.279
27,119,168,7,5.819,6.919
27,119,169,1,0.219,0.779
27,119,169,2,0.839,1.480
27,119,169,3,1.539,2.319
27,119,169,4,2.639,3.679
27,119,169,5,3.879,4.659
27,119,169,6,5.039,6.059
27,119,170,1,0.239,0.579
27,119,170,2,0.659,1.459
27,119,170,3,1.519,2.299
27,119,170,4,2.859,4.099
27,119,170,5,4.119,5.420
27,119,171,1,0.280,1.179
27,119,171,2,1.259,1.839
27,119,171,3,2.000,2.679
27,119,171,4,3.240,3.439
27,119,171,5,3.460,4.500
27,119,171,6,4.619,5.719
27,119,172,1,0.259,0.839
27,119,172,2,0.919,1.620
27,119,172,3,1.679,2.659
27,119,172,4,3.240,3.460
27,119,172,5,3.480,3.859
27,119,172,6,4.019,5.059
27,119,172,7,5.319,5.959
27,119,173,1,0.199,0.519
27,119,173,2,0.599,0.979
27,119,173,3,1.199,2.159
27,119,173,4,2.740,2.919
27,119,173,5,2.960,3.839
27,119,173,6,4.099,5.019
27,119,174,1,0.199,1.159
27,119,174,2,1.240,2.279
27,119,174,3,2.419,3.079
27,119,174,4,3.879,4.839
27,119,174,5,5.059,6.239
27,119,175,1,0.140,0.479
27,119,175,2,0.539,1.100
27,119,175,3,1.259,2.539
27,119,175,4,3.159,4.559
27,119,175,5,5.059,6.319
27,119,176,1,0.099,0.859
27,119,176,2,1.000,1.659
27,119,176,3,1.679,2.220
27,119,176,4,2.819,3.480
27,119,176,5,3.519,4.079
27,119,176,6,4.940,5.139
27,119,176,7,5.239,6.259
27,119,176,8,6.879,7.199
27,119,176,9,7.339,8.140
27,120,1,1,0.259,0.699
27,120,1,2,0.740,1.579
27,120,1,3,2.480,2.779
27,120,1,4,2.919,3.179
27,120,1,5,3.659,4.639
27,120,1,6,4.659,4.859
27,120,1,7,5.480,6.059
27,120,1,8,6.119,7.440
27,120,2,1,0.239,1.579
27,120,2,2,1.599,2.159
27,120,2,3,2.180,2.659
27,120,2,4,2.859,3.599
27,120,2,5,3.639,4.099
27,120,2,6,4.639,5.579
27,120,2,7,5.679,6.659
27,120,3,1,0.219,0.500
27,120,3,2,0.519,1.220
27,120,3,3,1.240,1.480
27,120,3,4,1.759,2.099
27,120,3,5,2.180,2.679
27,120,3,6,2.700,2.980
27,120,3,7,3.500,4.119
27,120,3,8,4.219,5.119
27,120,4,1,0.259,0.819
27,120,4,2,0.899,1.539
27,120,4,3,1.579,2.139
27,120,4,4,2.839,3.179
27,120,4,5,3.379,4.179
27,120,4,6,4.219,5.119
27,120,5,1,0.319,0.859
27,120,5,2,0.959,1.079
27,120,5,3,1.199,1.419
27,120,5,4,1.459,1.919
27,120,5,5,2.000,2.579
27,120,5,6,3.259,4.019
27,120,5,7,4.119,4.460
27,120,5,8,4.480,5.039
27,120,5,9,5.119,5.960
27,120,6,1,0.280,0.959
27,120,6,2,1.220,1.919
27,120,6,3,1.979,2.200
27,120,6,4,2.279,2.740
27,120,6,5,3.579,4.000
27,120,6,6,4.319,4.799
27,120,6,7,4.839,5.639
27,120,7,1,0.280,0.719
27,120,7,2,0.919,1.439
27,120,7,3,1.779,2.180
27,120,7,4,2.359,3.059
27,120,7,5,3.539,4.119
27,120,7,6,4.480,5.819
27,121,1,1,0.000,0.459
27,121,1,2,0.560,1.379
27,121,1,3,2.180,2.919
27,121,1,4,2.980,3.599
27,121,1,5,3.759,4.000
27,121,1,6,4.099,4.699
27,121,1,7,5.299,6.159
27,121,1,8,6.219,6.679
27,121,1,9,6.739,7.519
27,121,2,1,0.280,0.819
27,121,2,2,0.899,1.360
27,121,2,3,1.439,1.679
27,121,2,4,2.519,2.980
27,121,2,5,3.139,3.839
27,121,2,6,3.980,4.760
27,121,3,1,0.299,0.620
27,121,3,2,0.639,1.179
27,121,3,3,1.220,1.819
27,121,3,4,1.860,2.519
27,121,3,5,3.059,3.319
27,121,3,6,3.359,3.919
27,121,3,7,4.059,5.119
27,121,4,1,0.299,0.779
27,121,4,2,0.799,0.939
27,121,4,3,0.979,1.439
27,121,4,4,1.539,1.879
27,121,4,5,1.959,2.659
27,121,4,6,3.220,3.939
27,121,4,7,4.019,5.019
27,121,5,1,0.280,0.679
27,121,5,2,1.139,1.899
27,121,5,3,2.519,3.159
27,121,5,4,3.359,4.119
27,121,5,5,4.299,4.480
27,121,5,6,4.500,4.739
27,121,5,7,4.880,5.820
27,121,6,1,0.359,0.819
27,121,6,2,0.919,1.899
27,121,6,3,1.959,2.139
27,121,6,4,2.200,3.019
27,121,6,5,3.679,4.719
27,121,6,6,4.759,5.720
27,121,7,1,0.280,0.639
27,121,7,2,0.859,1.959
27,121,7,3,2.019,2.539
27,121,7,4,2.599,2.879
27,121,7,5,3.539,4.380
27,121,7,6,4.420,4.699
27,121,7,7,4.759,5.719
27,121,8,1,0.280,0.959
27,121,8,2,1.019,1.899
27,121,8,3,2.000,2.460
27,121,8,4,2.839,3.679
27,121,8,5,4.219,5.039
27,121,8,6,5.339,5.779
27,121,8,7,5.819,6.500
27,122,1,1,0.259,0.659
27,122,1,2,0.719,1.579
27,122,1,3,1.659,3.079
27,122,1,4,3.259,4.000
27,122,1,5,4.099,4.940
27,122,1,6,4.960,5.159
27,122,1,7,5.699,5.940
27,122,1,8,6.119,6.319
27,122,1,9,6.359,7.340
27,122,2,1,0.340,0.979
27,122,2,2,1.019,1.360
27,122,2,3,1.459,2.180
27,122,2,4,2.819,3.980
27,122,2,5,4.079,5.359
27,122,3,1,0.219,1.220
27,122,3,2,1.259,2.200
27,122,3,3,2.679,3.199
27,122,3,4,3.319,4.199
27,122,3,5,4.279,4.579
27,122,3,6,4.880,5.719
27,122,4,1,0.299,1.039
27,122,4,2,1.059,1.399
27,122,4,3,1.500,2.159
27,122,4,4,2.480,3.059
27,122,4,5,3.179,3.480
27,122,4,6,3.939,4.519
27,122,4,7,4.579,5.480
27,122,4,8,6.059,6.819
27,122,4,9,6.920,7.559
27,122,4,10,7.619,8.399
27,122,5,1,0.219,0.579
27,122,5,2,0.599,1.199
27,122,5,3,1.279,1.939
27,122,5,4,2.039,2.679
27,122,5,5,2.720,3.399
27,122,5,6,4.039,4.839
27,122,5,7,4.980,5.400
27,122,5,8,5.440,6.139
27,122,6,1,0.280,0.899
27,122,6,2,0.939,1.360
27,122,6,3,1.480,2.460
27,122,6,4,3.019,3.899
27,122,6,5,4.059,5.220
27,122,7,1,0.299,0.699
27,122,7,2,0.859,1.339
27,122,7,3,1.519,2.159
27,122,7,4,2.859,3.419
27,122,7,5,3.559,5.359
27,122,8,1,0.219,1.019
27,122,8,2,1.059,1.599
27,122,8,3,1.699,2.720
27,122,8,4,2.779,3.639
27,122,8,5,3.779,4.000
27,122,8,6,4.159,4.559
27,122,8,7,4.579,5.119
27,122,9,1,0.280,1.019
27,122,9,2,1.059,1.339
27,122,9,3,1.480,1.739
27,122,9,4,2.319,2.939
27,122,9,5,3.639,4.440
27,122,9,6,4.739,5.059
27,122,9,7,5.119,5.719
27,123,1,1,0.140,0.439
27,123,1,2,0.479,1.240
27,123,1,3,2.200,2.799
27,123,1,4,2.919,3.679
27,123,1,5,3.740,3.899
27,123,1,6,3.959,4.539
27,123,1,7,4.639,5.679
27,123,1,8,5.819,7.260
27,123,2,1,0.219,0.740
27,123,2,2,0.839,1.360
27,123,2,3,1.379,2.059
27,123,2,4,2.180,2.279
27,123,2,5,2.339,2.679
27,123,2,6,2.779,3.439
27,123,2,7,4.360,4.799
27,123,2,8,4.880,5.519
27,123,2,9,5.619,5.719
27,123,2,10,5.759,5.979
27,123,2,11,6.079,6.719
27,123,2,12,7.359,7.799
27,123,2,13,7.839,8.500
27,123,2,14,8.559,8.679
27,123,2,15,8.739,9.960
27,123,2,16,9.980,10.159
27,123,2,17,10.599,10.840
27,123,2,18,11.079,12.639
27,123,3,1,0.340,1.100
27,123,3,2,1.199,1.359
27,123,3,3,1.959,2.720
27,123,3,4,3.279,3.559
27,123,3,5,3.599,4.059
27,123,3,6,4.199,4.839
27,123,3,7,4.940,5.539
27,123,4,1,0.340,1.019
27,123,4,2,1.299,1.899
27,123,4,3,1.959,2.319
27,123,4,4,2.399,3.159
27,123,4,5,3.740,4.659
27,123,4,6,4.699,6.000
27,123,4,7,6.539,7.299
27,123,4,8,7.759,8.999
27,124,1,1,0.399,0.699
27,124,1,2,0.759,1.500
27,124,1,3,1.579,2.059
27,124,1,4,3.159,3.500
27,124,1,5,3.519,3.799
27,124,1,6,4.400,4.900
27,124,1,7,5.019,5.539
27,124,1,8,5.639,6.039
27,124,1,9,6.119,6.319
27,124,1,10,6.339,7.440
27,124,2,1,0.340,0.799
27,124,2,2,0.919,1.240
27,124,2,3,1.659,2.099
27,124,2,4,2.299,2.919
27,124,2,5,3.399,3.980
27,124,2,6,4.059,4.579
27,124,2,7,4.779,5.539
27,124,3,1,0.340,0.740
27,124,3,2,0.859,1.379
27,124,3,3,1.579,2.279
27,124,3,4,3.019,3.819
27,124,3,5,3.899,4.480
27,124,3,6,4.599,5.360
27,124,4,1,0.239,0.639
27,124,4,2,0.659,1.419
27,124,4,3,1.519,2.339
27,124,4,4,3.039,3.720
27,124,4,5,4.159,4.699
27,124,4,6,4.779,4.900
27,124,4,7,5.019,5.960
27,124,5,1,0.299,0.779
27,124,5,2,0.839,1.319
27,124,5,3,1.379,1.559
27,124,5,4,1.620,2.679
27,124,5,5,2.740,3.659
27,124,5,6,3.720,5.019
27,124,6,1,0.299,0.779
27,124,6,2,0.919,1.620
27,124,6,3,2.000,2.659
27,124,6,4,2.740,3.619
27,124,6,5,3.779,4.360
27,124,6,6,4.420,5.719
27,124,7,1,0.259,1.079
27,124,7,2,1.139,2.019
27,124,7,3,2.119,2.779
27,124,7,4,3.119,3.740
27,124,7,5,3.859,5.000
27,124,7,6,5.079,5.619
27,124,7,7,5.679,6.779
27,124,7,8,6.980,7.799
27,124,7,9,7.879,8.999
27,124,8,1,0.259,1.179
27,124,8,2,1.199,1.779
27,124,8,3,1.799,3.220
27,124,8,4,3.319,3.539
27,124,8,5,3.720,4.500
27,124,8,6,4.599,5.539
27,125,1,1,0.319,0.839
27,125,1,2,0.899,1.779
27,125,1,3,2.740,3.639
27,125,1,4,3.740,5.059
27,125,1,5,5.079,5.559
27,125,1,6,5.639,6.239
27,125,1,7,6.319,6.539
27,125,1,8,6.619,7.339
27,125,1,9,7.679,8.340
27,125,1,10,8.420,9.119
27,125,2,1,0.299,1.379
27,125,2,2,1.439,1.939
27,125,2,3,2.059,2.500
27,125,2,4,2.559,3.379
27,125,2,5,3.519,3.859
27,125,2,6,4.339,4.759
27,125,2,7,4.799,5.460
27,125,2,8,5.819,6.659
27,125,2,9,6.799,7.159
27,125,2,10,7.199,7.940
27,125,3,1,0.239,0.379
27,125,3,2,0.479,0.719
27,125,3,3,0.759,1.500
27,125,3,4,1.639,2.200
27,125,3,5,2.240,2.859
27,125,3,6,3.679,3.899
27,125,3,7,4.059,4.519
27,125,3,8,4.619,5.659
27,125,3,9,7.019,7.679
27,125,3,10,7.719,7.879
27,125,3,11,7.960,8.779
27,125,3,12,8.819,9.960
27,125,3,13,10.500,11.719
27,125,3,14,12.139,13.159
27,125,4,1,0.319,1.299
27,125,4,2,1.459,1.479
27,125,4,3,1.639,2.879
27,125,4,4,3.599,4.639
27,125,4,5,4.819,6.059
27,125,5,1,0.239,1.339
27,125,5,2,1.399,2.859
27,125,5,3,3.439,4.079
27,125,5,4,4.179,4.299
27,125,5,5,5.059,5.239
27,125,5,6,5.380,5.920
27,125,5,7,5.980,6.739
27,125,5,8,7.339,7.899
27,125,5,9,8.079,8.279
27,125,5,10,8.359,9.539
27,126,1,1,0.119,0.419
27,126,1,2,0.459,1.220
27,126,1,3,2.139,2.799
27,126,1,4,2.839,2.879
27,126,1,5,3.079,3.779
27,126,1,6,3.799,4.299
27,126,1,7,4.319,4.940
27,126,1,8,5.400,6.119
27,126,1,9,6.219,7.339
27,126,2,1,0.319,0.699
27,126,2,2,0.759,1.439
27,126,2,3,1.500,1.979
27,126,2,4,2.099,2.519
27,126,2,5,2.879,3.819
27,126,2,6,3.899,4.440
27,126,2,7,5.219,5.559
27,126,2,8,5.619,6.099
27,126,2,9,6.199,6.899
27,126,2,10,7.419,8.079
27,126,2,11,8.179,8.320
27,126,2,12,8.880,9.479
27,126,2,13,9.639,9.800
27,126,2,14,10.019,10.420
27,126,3,1,0.199,0.819
27,126,3,2,0.979,1.279
27,126,3,3,1.620,2.240
27,126,3,4,2.279,3.059
27,126,3,5,3.519,4.380
27,126,3,6,4.420,5.360
27,126,4,1,0.359,0.939
27,126,4,2,1.199,1.219
27,126,4,3,1.979,2.259
27,126,4,4,2.480,3.419
27,126,4,5,4.239,5.219
27,126,4,6,5.380,6.420
27,126,5,1,0.199,1.120
27,126,5,2,1.240,1.919
27,126,5,3,2.419,3.199
27,126,5,4,3.379,4.420
27,126,6,1,0.340,0.939
27,126,6,2,1.000,1.579
27,126,6,3,1.599,2.240
27,126,6,4,2.700,3.240
27,126,6,5,3.439,4.039
27,126,6,6,4.059,4.859
27,126,6,7,5.500,5.879
27,126,6,8,5.940,6.420
27,126,6,9,6.559,7.299
27,126,6,10,7.759,8.379
27,126,6,11,8.599,9.939
27,127,1,1,0.219,0.560
27,127,1,2,0.599,1.419
27,127,1,3,1.480,2.180
27,127,1,4,3.099,3.460
27,127,1,5,3.559,3.699
27,127,1,6,4.239,4.339
27,127,1,7,4.380,4.779
27,127,1,8,4.859,5.319
27,127,1,9,5.960,6.359
27,127,1,10,6.559,7.159
27,127,1,11,7.239,7.639
27,127,1,12,7.759,8.059
27,127,1,13,8.779,8.960
27,127,1,14,8.979,9.119
27,127,1,15,9.579,9.699
27,127,1,16,9.760,10.380
27,127,1,17,10.420,10.800
27,127,1,18,11.300,11.719
27,127,1,19,11.840,12.500
27,127,1,20,12.639,13.340
27,127,2,1,0.359,0.620
27,127,2,2,0.759,1.199
27,127,2,3,1.259,1.860
27,127,2,4,1.899,2.180
27,127,2,5,2.619,3.299
27,127,2,6,3.379,3.980
27,127,2,7,4.480,5.059
27,127,2,8,5.139,5.619
27,127,2,9,5.679,6.599
27,127,2,10,7.179,7.719
27,127,2,11,7.839,8.479
27,127,2,12,8.599,9.220
27,127,2,13,9.340,10.019
27,127,3,1,0.299,0.879
27,127,3,2,0.979,1.620
27,127,3,3,1.659,1.939
27,127,3,4,2.240,2.639
27,127,3,5,3.339,3.859
27,127,3,6,4.059,4.319
27,127,3,7,4.380,5.420
27,127,4,1,0.219,1.179
27,127,4,2,1.339,1.879
27,127,4,3,1.939,2.559
27,127,4,4,3.220,3.699
27,127,4,5,3.759,4.139
27,127,4,6,4.179,5.360
27,127,5,1,0.219,0.799
27,127,5,2,0.959,1.779
27,127,5,3,2.200,2.639
27,127,5,4,2.759,3.259
27,127,5,5,3.319,3.579
27,127,5,6,3.639,4.339
27,127,5,7,4.400,4.920
27,127,5,8,5.480,5.759
27,127,5,9,5.819,6.539
27,127,5,10,7.019,7.239
27,127,5,11,7.419,8.539
27,127,5,12,8.599,8.859
27,127,5,13,9.039,9.699
27,127,5,14,10.139,11.259
27,128,1,1,0.019,0.299
27,128,1,2,0.359,1.039
27,128,1,3,1.879,2.500
27,128,1,4,2.599,2.879
27,128,1,5,2.980,3.399
27,128,1,6,3.500,3.519
27,128,1,7,4.299,5.099
27,128,1,8,5.159,6.139
27,128,2,1,0.259,0.759
27,128,2,2,0.919,1.559
27,128,2,3,1.819,1.959
27,128,2,4,2.039,2.599
27,128,2,5,3.079,3.879
27,128,2,6,4.239,4.719
27,128,2,7,4.779,5.220
27,128,3,1,0.299,1.179
27,128,3,2,1.399,2.279
27,128,3,3,2.339,3.000
27,128,3,4,3.539,4.420
27,128,3,5,4.559,5.219
27,128,3,6,5.859,6.559
27,128,3,7,6.699,7.599
27,128,3,8,7.659,8.460
27,128,3,9,8.559,9.039
27,128,3,10,9.099,10.420
27,128,4,1,0.199,0.819
27,128,4,2,1.299,1.599
27,128,4,3,1.619,2.039
27,128,4,4,2.079,2.700
27,128,4,5,2.740,3.259
27,128,4,6,3.839,4.460
27,128,4,7,4.480,5.359
27,128,5,1,0.280,1.139
27,128,5,2,1.480,1.500
27,128,5,3,1.839,3.039
27,128,5,4,3.579,4.159
27,128,5,5,4.199,4.699
27,128,5,6,4.739,6.119
27,128,5,7,6.199,6.539
27,128,5,8,6.579,7.000
27,128,5,9,7.059,8.039
27,128,6,1,0.219,0.779
27,128,6,2,0.859,1.319
27,128,6,3,1.439,2.180
27,128,6,4,2.759,3.379
27,128,6,5,3.460,3.599
27,128,6,6,3.699,4.759
27,129,1,1,0.259,0.740
27,129,1,2,0.779,1.639
27,129,1,3,2.519,3.119
27,129,1,4,3.179,3.899
27,129,1,5,4.019,4.920
27,129,1,6,5.019,5.460
27,129,1,7,5.519,5.699
27,129,1,8,5.799,6.739
27,129,2,1,0.319,0.939
27,129,2,2,1.079,1.939
27,129,2,3,2.319,3.299
27,129,2,4,3.679,4.059
27,129,2,5,4.099,4.360
27,129,2,6,4.500,5.099
27,129,2,7,5.119,5.639
27,129,3,1,0.319,0.519
27,129,3,2,0.620,1.100
27,129,3,3,1.199,1.759
27,129,3,4,1.879,2.539
27,129,3,5,3.039,3.819
27,129,3,6,3.980,5.360
27,129,4,1,0.219,0.619
27,129,4,2,1.079,1.620
27,129,4,3,2.059,2.819
27,129,4,4,2.879,3.500
27,129,4,5,3.559,4.420
27,129,5,1,0.359,1.120
27,129,5,2,1.220,2.099
27,129,5,3,2.139,2.659
27,129,5,4,3.159,3.679
27,129,5,5,3.720,4.259
27,129,5,6,4.420,5.360
27,129,6,1,0.239,0.939
27,129,6,2,0.979,1.759
27,129,6,3,2.220,2.859
27,129,6,4,3.399,4.579
27,129,6,5,4.639,5.059
27,129,6,6,5.139,5.960
27,129,7,1,0.319,0.719
27,129,7,2,0.939,1.599
27,129,7,3,1.639,2.220
27,129,7,4,2.339,2.859
27,129,7,5,3.339,4.279
27,129,7,6,4.339,5.360
27,129,8,1,0.299,0.659
27,129,8,2,0.759,1.319
27,129,8,3,1.360,2.159
27,129,8,4,2.599,3.359
27,129,8,5,3.419,3.699
27,129,8,6,4.199,4.839
27,129,8,7,5.579,6.359
27,129,8,8,6.399,7.000
27,129,8,9,7.440,8.119
27,129,8,10,8.500,9.420
27,130,1,1,0.059,0.479
27,130,1,2,0.519,1.360
27,130,1,3,2.139,3.419
27,130,1,4,3.919,4.659
27,130,1,5,4.679,5.719
27,130,2,1,0.259,0.779
27,130,2,2,0.939,1.480
27,130,2,3,1.559,2.119
27,130,2,4,2.639,3.359
27,130,2,5,3.399,4.019
27,130,2,6,4.319,5.219
27,130,2,7,5.500,6.039
27,130,2,8,6.139,7.099
27,130,3,1,0.280,0.579
27,130,3,2,0.639,1.240
27,130,3,3,1.319,1.839
27,130,3,4,1.879,2.079
27,130,3,5,2.679,3.319
27,130,3,6,3.359,3.599
27,130,3,7,3.619,4.519
27,130,4,1,0.199,0.340
27,130,4,2,0.359,0.819
27,130,4,3,1.079,1.979
27,130,4,4,2.359,3.039
27,130,4,5,3.199,4.139
27,130,5,1,0.119,0.939
27,130,5,2,0.959,1.319
27,130,5,3,1.759,2.440
27,130,5,4,2.480,2.899
27,130,5,5,3.399,4.319
27,130,5,6,4.360,5.420
27,130,6,1,0.319,0.899
27,130,6,2,0.959,1.620
27,130,6,3,2.000,2.779
27,130,6,4,2.879,3.859
27,130,6,5,3.939,4.559
27,130,6,6,4.639,5.639
27,130,7,1,0.280,0.939
27,130,7,2,0.979,1.819
27,130,7,3,1.959,2.220
27,130,7,4,2.319,2.799
27,130,7,5,3.379,3.519
27,130,7,6,3.579,3.799
27,130,7,7,3.819,4.079
27,130,7,8,4.099,5.219
27,130,7,9,5.599,6.339
27,130,7,10,6.420,6.839
27,130,7,11,6.920,7.619
27,130,8,1,0.259,0.759
27,130,8,2,0.859,1.519
27,130,8,3,1.599,1.819
27,130,8,4,1.939,2.799
27,130,8,5,3.179,3.799
27,130,8,6,3.959,5.219
27,131,1,1,0.500,0.839
27,131,1,2,0.859,1.599
27,131,1,3,1.679,2.000
27,131,1,4,3.139,3.899
27,131,1,5,3.959,4.139
27,131,1,6,4.219,4.599
27,131,1,7,4.659,5.199
27,131,1,8,5.779,6.139
27,131,1,9,6.199,6.559
27,131,1,10,6.619,7.119
27,131,1,11,7.579,7.819
27,131,1,12,7.879,8.479
27,131,1,13,8.559,9.260
27,131,1,14,9.679,10.819
27,131,1,15,10.939,12.039
27,131,2,1,0.399,0.620
27,131,2,2,0.699,0.939
27,131,2,3,1.039,1.860
27,131,2,4,1.919,2.839
27,131,2,5,3.399,3.980
27,131,2,6,4.460,5.199
27,131,2,7,5.299,5.579
27,131,2,8,5.699,6.219
27,131,2,9,6.759,7.799
27,131,2,10,7.859,8.319
27,131,2,11,8.359,9.000
27,131,3,1,0.280,0.819
27,131,3,2,0.879,1.799
27,131,3,3,1.860,2.059
27,131,3,4,2.180,2.439
27,131,3,5,3.279,4.059
27,131,3,6,4.420,4.779
27,131,3,7,4.859,5.539
27,132,1,1,0.280,0.599
27,132,1,2,0.620,1.379
27,132,1,3,2.159,2.679
27,132,1,4,2.700,2.939
27,132,1,5,3.299,3.859
27,132,1,6,3.879,4.039
27,132,1,7,4.079,4.279
27,132,1,8,4.360,5.420
27,132,2,1,0.319,0.680
27,132,2,2,0.759,1.259
27,132,2,3,1.319,2.460
27,132,2,4,2.599,3.159
27,132,2,5,3.220,3.799
27,132,2,6,3.839,4.639
27,132,3,1,0.340,0.740
27,132,3,2,0.779,1.259
27,132,3,3,1.339,2.000
27,132,3,4,2.099,2.480
27,132,3,5,3.139,3.539
27,132,3,6,3.579,4.119
27,132,3,7,4.199,4.339
27,132,3,8,4.420,4.920
27,132,3,9,5.059,6.139
27,132,4,1,0.259,0.659
27,132,4,2,0.680,1.220
27,132,4,3,1.339,1.819
27,132,4,4,2.059,2.619
27,132,4,5,3.259,4.440
27,132,4,6,4.599,5.420
27,132,5,1,0.259,0.680
27,132,5,2,0.740,1.360
27,132,5,3,1.399,1.860
27,132,5,4,1.939,2.539
27,132,5,5,3.099,4.000
27,132,5,6,4.099,4.779
27,132,5,7,4.819,5.639
27,132,6,1,0.219,0.699
27,132,6,2,0.779,1.939
27,132,6,3,2.259,3.259
27,132,6,4,3.919,4.880
27,132,6,5,4.960,5.579
27,132,6,6,5.599,6.320
27,132,7,1,0.239,0.719
27,132,7,2,0.979,2.159
27,132,7,3,2.700,3.399
27,132,7,4,3.779,4.339
27,132,7,5,4.400,5.119
27,132,8,1,0.219,0.740
27,132,8,2,0.919,1.199
27,132,8,3,1.679,2.859
27,132,8,4,3.299,4.059
27,132,8,5,4.159,4.880
27,132,8,6,4.920,5.959
27,132,9,1,0.280,0.959
27,132,9,2,1.159,1.779
27,132,9,3,1.979,2.919
27,132,9,4,3.059,3.980
27,132,9,5,4.480,5.719
27,132,10,1,0.299,0.919
27,132,10,2,1.100,1.579
27,132,10,3,1.620,2.399
27,132,10,4,2.919,3.179
27,132,10,5,3.319,3.879
27,132,10,6,3.919,4.299
27,132,10,7,4.360,5.420
27,132,11,1,0.280,1.019
27,132,11,2,1.159,1.419
27,132,11,3,1.839,2.480
27,132,11,4,2.960,3.439
27,132,11,5,3.480,3.619
27,132,11,6,3.639,4.139
27,132,11,7,4.199,5.059
27,132,11,8,5.519,6.119
27,132,11,9,6.139,6.960
27,132,11,10,7.399,8.059
27,132,11,11,8.399,9.239
27,132,11,12,9.439,9.939
27,132,12,1,0.319,0.659
27,132,12,2,0.699,1.319
27,132,12,3,1.399,1.879
27,132,12,4,2.139,2.740
27,132,12,5,3.419,4.319
27,132,12,6,4.440,4.819
27,132,12,7,5.380,6.759
27,132,12,8,6.879,7.139
27,132,12,9,7.239,7.879
27,132,12,10,8.000,8.340
27,132,12,11,8.399,8.819
27,132,12,12,9.279,9.939
27,132,12,13,10.260,11.019
27,132,12,14,11.159,11.619
27,132,13,1,0.299,0.479
27,132,13,2,0.719,1.240
27,132,13,3,1.259,1.459
27,132,13,4,1.819,2.619
27,132,13,5,3.279,3.919
27,132,13,6,4.079,4.779
27,132,13,7,4.819,5.220
27,132,14,1,0.340,0.719
27,132,14,2,0.779,1.519
27,132,14,3,1.620,1.879
27,132,14,4,1.939,2.240
27,132,14,5,2.939,3.039
27,132,14,6,3.279,3.939
27,132,14,7,3.980,4.259
27,132,14,8,4.299,5.420
27,132,15,1,0.299,0.839
27,132,15,2,1.100,1.559
27,132,15,3,1.719,2.259
27,132,15,4,2.799,3.679
27,132,15,5,3.699,4.319
27,132,15,6,4.480,5.220
27,132,16,1,0.219,1.220
27,132,16,2,1.319,1.839
27,132,16,3,1.919,2.440
27,132,16,4,3.119,4.059
27,132,16,5,4.299,5.199
27,132,16,6,5.279,6.420
27,132,17,1,0.319,0.740
27,132,17,2,0.779,1.659
27,132,17,3,1.699,2.180
27,132,17,4,2.259,3.220
27,132,17,5,3.319,3.959
27,132,17,6,4.019,4.339
27,132,17,7,4.420,5.420
27,132,18,1,0.199,1.039
27,132,18,2,1.220,1.860
27,132,18,3,1.979,2.599
27,132,18,4,3.199,4.159
27,132,18,5,4.299,4.960
27,132,18,6,5.099,5.720
27,133,1,1,0.099,0.419
27,133,1,2,0.439,1.179
27,133,1,3,1.220,1.719
27,133,1,4,2.619,3.220
27,133,1,5,3.299,3.480
27,133,1,6,3.619,4.039
27,133,1,7,4.059,4.420
27,133,1,8,4.500,5.019
27,133,1,9,5.500,6.059
27,133,1,10,6.099,6.539
27,133,1,11,6.639,6.839
27,133,1,12,6.920,7.619
27,133,2,1,0.259,1.019
27,133,2,2,1.179,1.959
27,133,2,3,2.339,2.539
27,133,2,4,2.599,3.079
27,133,2,5,3.599,4.099
27,133,2,6,4.159,4.299
27,133,2,7,4.400,5.259
27,133,2,8,5.339,5.739
27,133,2,9,5.879,6.419
27,133,2,10,6.940,7.839
27,133,2,11,8.079,8.260
27,133,2,12,8.399,8.639
27,133,2,13,8.739,9.840
27,133,3,1,0.219,0.659
27,133,3,2,0.719,1.360
27,133,3,3,1.399,2.240
27,133,3,4,2.639,2.839
27,133,3,5,2.919,3.480
27,133,3,6,3.559,4.219
27,133,3,7,4.779,4.960
27,133,3,8,5.119,5.539
27,133,3,9,5.659,6.339
27,133,3,10,6.359,6.379
27,133,3,11,6.399,7.539
27,133,3,12,7.619,8.579
27,133,3,13,9.079,9.739
27,133,3,14,10.199,10.599
27,133,3,15,10.659,11.439
27,134,1,1,0.000,0.259
27,134,1,2,0.299,1.019
27,134,1,3,2.279,2.919
27,134,1,4,3.119,3.759
27,134,1,5,3.839,4.099
27,134,1,6,4.199,4.940
27,134,1,7,5.299,5.539
27,134,1,8,5.679,6.159
27,134,1,9,6.199,7.219
27,134,1,10,7.519,8.300
27,134,1,11,8.359,8.779
27,134,1,12,8.840,9.100
27,134,1,13,9.539,10.419
27,134,2,1,0.319,0.759
27,134,2,2,0.959,1.759
27,134,2,3,1.799,2.319
27,134,2,4,2.799,3.759
27,134,2,5,4.179,4.480
27,134,2,6,4.539,5.359
27,134,3,1,0.319,1.100
27,134,3,2,1.319,1.339
27,134,3,3,1.959,3.000
27,134,3,4,3.599,4.199
27,134,3,5,4.360,5.239
27,134,3,6,5.299,6.139
27,135,1,1,0.099,0.680
27,135,1,2,0.799,0.979
27,135,1,3,2.039,2.819
27,135,1,4,2.879,3.159
27,135,1,5,3.220,3.599
27,135,1,6,3.659,4.519
27,135,1,7,4.659,5.159
27,135,1,8,5.319,5.940
27,135,1,9,5.960,6.839
27,135,2,1,0.299,1.139
27,135,2,2,1.179,1.620
27,135,2,3,1.679,2.659
27,135,2,4,2.700,3.699
27,135,2,5,3.759,4.079
27,135,2,6,4.139,5.019
27,135,3,1,0.199,0.759
27,135,3,2,0.839,1.199
27,135,3,3,1.240,1.419
27,135,3,4,1.459,1.759
27,135,3,5,1.879,2.939
27,135,3,6,3.079,3.699
27,135,3,7,3.759,4.400
27,135,3,8,4.559,4.699
27,135,3,9,4.759,5.539
27,135,4,1,0.199,0.340
27,135,4,2,0.419,1.220
27,135,4,3,1.319,1.799
27,135,4,4,1.860,2.039
27,135,4,5,2.099,2.319
27,135,4,6,2.960,3.819
27,135,4,7,4.059,5.420
27,135,5,1,0.239,0.359
27,135,5,2,0.379,0.879
27,135,5,3,0.899,1.519
27,135,5,4,1.599,1.740
27,135,5,5,1.799,2.379
27,135,5,6,2.460,3.439
27,135,5,7,3.519,4.619
27,135,5,8,4.679,5.339
27,135,5,9,5.440,6.319
27,135,6,1,0.199,0.659
27,135,6,2,0.699,1.179
27,135,6,3,1.220,1.779
27,135,6,4,1.799,2.079
27,135,6,5,2.960,3.480
27,135,6,6,3.599,4.659
27,135,6,7,4.699,5.559
27,135,6,8,6.059,7.159
27,135,6,9,7.379,7.879
27,135,6,10,8.000,8.819
27,135,7,1,0.319,0.919
27,135,7,2,0.939,1.740
27,135,7,3,1.799,2.359
27,135,7,4,2.399,3.199
27,135,7,5,4.259,4.900
27,135,7,6,4.980,5.739
27,135,7,7,5.799,6.259
27,135,7,8,6.719,7.259
27,135,7,9,7.339,7.899
27,135,7,10,8.019,9.340
27,135,8,1,0.319,1.039
27,135,8,2,1.139,1.679
27,135,8,3,1.719,2.519
27,135,8,4,3.059,3.799
27,135,8,5,3.919,4.139
27,135,8,6,4.179,5.019
27,135,9,1,0.299,0.779
27,135,9,2,0.799,1.360
27,135,9,3,1.419,2.180
27,135,9,4,2.259,2.980
27,135,9,5,3.039,3.779
27,135,9,6,4.339,5.239
27,135,9,7,5.599,6.319
27,135,9,8,6.420,7.340
27,135,10,1,0.239,0.919
27,135,10,2,1.039,1.480
27,135,10,3,1.559,2.079
27,135,10,4,2.599,3.319
27,135,10,5,3.419,4.119
27,135,10,6,4.159,5.019
27,135,11,1,0.219,0.899
27,135,11,2,1.000,1.439
27,135,11,3,1.459,2.119
27,135,11,4,2.500,3.240
27,135,11,5,3.299,3.779
27,135,11,6,3.819,4.579
27,135,11,7,5.019,5.759
27,135,11,8,5.940,6.639
27,135,11,9,6.779,7.619
27,135,12,1,0.179,0.939
27,135,12,2,0.979,1.659
27,135,12,3,1.679,2.240
27,135,12,4,2.720,3.299
27,135,12,5,3.399,4.380
27,135,12,6,4.440,5.119
27,135,13,1,0.179,0.500
27,135,13,2,0.879,1.419
27,135,13,3,1.480,2.059
27,135,13,4,2.559,3.259
27,135,13,5,3.419,4.299
27,135,13,6,4.360,4.799
27,135,13,7,4.859,5.639
27,135,14,1,0.239,0.439
27,135,14,2,0.460,0.879
27,135,14,3,1.019,1.619
27,135,14,4,1.679,2.200
27,135,14,5,2.759,3.279
27,135,14,6,3.319,3.959
27,135,14,7,4.279,5.360
27,135,15,1,0.319,1.159
27,135,15,2,1.179,1.959
27,135,15,3,2.019,2.599
27,135,15,4,2.639,3.319
27,135,15,5,4.039,4.739
27,135,15,6,4.799,5.199
27,135,15,7,5.279,5.960
27,135,16,1,0.159,0.439
27,135,16,2,0.500,0.959
27,135,16,3,1.339,1.620
27,135,16,4,1.679,2.480
27,135,16,5,3.139,3.779
27,135,16,6,3.839,4.239
27,135,16,7,4.779,5.119
27,135,16,8,5.179,6.059
27,135,17,1,0.199,1.059
27,135,17,2,1.079,1.759
27,135,17,3,1.819,2.180
27,135,17,4,2.339,3.099
27,135,17,5,3.859,4.319
27,135,17,6,4.420,4.599
27,135,17,7,4.739,5.099
27,135,17,8,5.199,5.579
27,135,17,9,5.759,6.419
27,135,18,1,0.140,0.759
27,135,18,2,0.839,1.299
27,135,18,3,1.360,2.059
27,135,18,4,2.639,3.000
27,135,18,5,3.039,3.439
27,135,18,6,3.599,4.299
27,135,18,7,4.339,4.940
27,135,19,1,0.280,0.639
27,135,19,2,0.699,1.439
27,135,19,3,1.459,2.039
27,135,19,4,2.079,2.240
27,135,19,5,2.259,3.339
27,135,19,6,3.379,3.679
27,135,19,7,3.779,4.380
27,135,19,8,4.400,4.900
27,135,19,9,4.940,5.059
27,135,19,10,5.119,5.960
27,135,20,1,0.219,0.560
27,135,20,2,0.599,1.179
27,135,20,3,1.299,1.819
27,135,20,4,1.860,2.000
27,135,20,5,2.039,3.079
27,135,20,6,3.199,3.980
27,135,20,7,4.000,4.299
27,135,20,8,4.779,5.440
27,135,20,9,5.519,5.759
27,135,20,10,5.819,6.659
27,135,21,1,0.259,0.959
27,135,21,2,1.000,1.240
27,135,21,3,1.639,2.579
27,135,21,4,3.159,3.759
27,135,21,5,3.819,5.119
27,135,21,6,5.319,5.920
27,135,21,7,6.079,6.500
27,136,1,1,0.239,0.759
27,136,1,2,0.819,1.500
27,136,1,3,1.539,1.639
27,136,1,4,1.719,2.099
27,136,1,5,2.500,2.619
27,136,1,6,2.659,3.359
27,136,1,7,3.419,4.139
27,136,2,1,0.199,0.719
27,136,2,2,0.759,1.259
27,136,2,3,1.339,2.440
27,136,2,4,2.480,2.659
27,136,2,5,2.700,3.359
27,136,2,6,3.399,4.139
27,136,3,1,0.199,0.599
27,136,3,2,0.680,1.299
27,136,3,3,1.379,2.359
27,136,3,4,2.419,2.559
27,136,3,5,2.599,3.240
27,136,3,6,3.299,4.039
27,136,4,1,0.219,0.919
27,136,4,2,0.979,1.740
27,136,4,3,1.819,2.419
27,136,4,4,2.500,3.099
27,136,4,5,3.539,3.720
27,136,4,6,3.740,4.380
27,136,4,7,4.519,5.359
27,136,5,1,0.199,0.859
27,136,5,2,0.899,1.719
27,136,5,3,1.759,2.379
27,136,5,4,2.779,2.899
27,136,5,5,2.980,3.599
27,136,5,6,3.720,4.519
27,136,6,1,0.239,1.100
27,136,6,2,1.139,1.860
27,136,6,3,1.899,2.019
27,136,6,4,2.079,2.960
27,136,6,5,3.000,3.099
27,136,6,6,3.179,3.839
27,136,6,7,3.879,4.639
27,136,7,1,0.280,0.939
27,136,7,2,0.959,1.360
27,136,7,3,1.500,2.059
27,136,7,4,2.539,2.659
27,136,7,5,2.720,3.419
27,136,7,6,3.480,4.219
27,136,8,1,0.199,0.419
27,136,8,2,0.439,1.139
27,136,8,3,1.159,1.939
27,136,8,4,2.059,2.599
27,136,8,5,3.019,3.119
27,136,8,6,3.179,3.720
27,136,8,7,3.819,4.639
27,136,9,1,0.280,0.519
27,136,9,2,0.539,1.620
27,136,9,3,1.639,2.839
27,136,9,4,2.899,3.839
27,136,9,5,3.959,4.659
27,136,9,6,5.000,5.199
27,136,9,7,5.219,5.920
27,136,9,8,5.980,6.739
27,136,10,1,0.259,0.759
27,136,10,2,0.859,1.679
27,136,10,3,1.839,3.240
27,136,10,4,3.279,3.379
27,136,10,5,3.460,4.019
27,136,10,6,4.139,4.820
27,136,11,1,0.299,0.979
27,136,11,2,1.079,1.719
27,136,11,3,1.819,2.500
27,136,11,4,2.879,3.000
27,136,11,5,3.039,3.679
27,136,11,6,3.720,4.420
27,136,12,1,0.280,0.281
27,136,12,2,0.299,0.740
27,136,12,3,0.819,1.459
27,136,12,4,1.479,2.180
27,136,12,5,2.299,2.839
27,136,12,6,3.379,3.480
27,136,12,7,3.559,4.279
27,136,12,8,4.339,5.119
27,136,13,1,0.219,0.919
27,136,13,2,0.959,1.220
27,136,13,3,1.259,1.519
27,136,13,4,1.579,2.259
27,136,13,5,3.519,3.639
27,136,13,6,3.679,4.400
27,136,13,7,4.440,5.119
27,136,14,1,0.259,1.039
27,136,14,2,1.079,1.679
27,136,14,3,1.799,2.399
27,136,14,4,2.879,2.980
27,136,14,5,3.019,3.679
27,136,14,6,3.720,4.420
27,136,15,1,0.219,0.919
27,136,15,2,0.939,1.439
27,136,15,3,1.480,2.039
27,136,15,4,2.159,2.579
27,136,15,5,2.599,2.919
27,136,15,6,3.199,3.319
27,136,15,7,3.359,3.980
27,136,15,8,4.039,4.760
27,136,16,1,0.219,0.879
27,136,16,2,0.939,1.299
27,136,16,3,1.439,2.519
27,136,16,4,2.579,2.679
27,136,16,5,2.740,3.379
27,136,16,6,3.419,4.139
27,136,17,1,0.179,0.799
27,136,17,2,0.839,1.480
27,136,17,3,1.519,2.419
27,136,17,4,2.460,2.559
27,136,17,5,2.619,3.259
27,136,17,6,3.299,4.039
27,136,18,1,0.199,0.959
27,136,18,2,1.000,1.599
27,136,18,3,1.639,2.259
27,136,18,4,2.619,2.740
27,136,18,5,2.799,3.399
27,136,18,6,3.439,4.139
27,136,19,1,0.239,0.979
27,136,19,2,1.000,1.439
27,136,19,3,1.620,2.139
27,136,19,4,2.480,2.599
27,136,19,5,2.679,3.240
27,136,19,6,3.359,4.139
27,136,20,1,0.119,0.699
27,136,20,2,0.759,1.179
27,136,20,3,1.220,1.959
27,136,20,4,2.319,2.539
27,136,20,5,2.579,3.179
27,136,20,6,3.319,4.039
27,136,21,1,0.219,0.879
27,136,21,2,0.919,1.459
27,136,21,3,1.579,2.299
27,136,21,4,2.679,2.819
27,136,21,5,2.859,3.460
27,136,21,6,3.500,4.219
27,136,22,1,0.239,0.719
27,136,22,2,0.739,1.620
27,136,22,3,1.679,2.159
27,136,22,4,2.579,2.699
27,136,22,5,2.759,3.460
27,136,22,6,3.500,4.219
27,136,23,1,0.239,1.799
27,136,23,2,1.939,2.519
27,136,23,3,2.539,2.960
27,136,23,4,3.379,3.480
27,136,23,5,3.559,4.139
27,136,23,6,4.179,4.940
27,136,24,1,0.259,1.459
27,136,24,2,1.539,2.419
27,136,24,3,2.799,2.919
27,136,24,4,2.980,3.599
27,136,24,5,3.699,4.420
27,136,25,1,0.340,0.859
27,136,25,2,0.979,1.539
27,136,25,3,1.599,2.119
27,136,25,4,2.159,3.119
27,136,25,5,3.159,3.399
27,136,25,6,3.480,4.139
27,136,25,7,4.179,4.940
27,136,26,1,0.239,0.839
27,136,26,2,0.899,1.419
27,136,26,3,1.459,2.359
27,136,26,4,2.720,2.859
27,136,26,5,2.960,3.619
27,136,26,6,3.759,4.519
27,137,1,1,0.439,0.779
27,137,1,2,0.859,1.419
27,137,1,3,1.480,2.000
27,137,1,4,2.159,2.440
27,137,1,5,2.500,3.139
27,137,1,6,3.199,3.419
27,137,1,7,3.439,4.039
27,137,1,8,4.619,5.500
27,137,1,9,5.659,5.879
27,137,1,10,5.940,6.740
27,137,2,1,0.219,0.479
27,137,2,2,0.539,1.079
27,137,2,3,1.159,1.699
27,137,2,4,2.240,2.919
27,137,2,5,3.039,4.340
27,137,3,1,0.219,0.419
27,137,3,2,0.439,0.899
27,137,3,3,1.079,1.860
27,137,3,4,1.979,2.619
27,137,3,5,3.220,3.720
27,137,3,6,3.779,4.239
27,137,3,7,4.659,5.659
27,137,3,8,5.819,6.359
27,137,3,9,6.899,7.440
27,137,3,10,7.500,7.940
27,137,3,11,8.000,8.439
27,137,3,12,8.619,9.119
27,137,4,1,0.280,0.719
27,137,4,2,0.839,1.519
27,137,4,3,1.579,1.799
27,137,4,4,1.819,2.099
27,137,4,5,2.220,2.939
27,137,4,6,3.339,3.480
27,137,4,7,3.659,4.139
27,137,4,8,4.259,4.940
27,137,5,1,0.199,0.680
27,137,5,2,0.719,1.519
27,137,5,3,1.579,2.500
27,137,5,4,3.039,3.859
27,137,5,5,3.980,4.760
27,137,6,1,0.239,0.799
27,137,6,2,0.839,1.399
27,137,6,3,1.459,2.159
27,137,6,4,2.619,2.819
27,137,6,5,2.960,3.179
27,137,6,6,3.379,4.440
27,137,6,7,5.000,5.199
27,137,6,8,5.299,5.519
27,137,6,9,5.699,6.239
27,137,6,10,6.319,6.440
27,137,6,11,6.500,7.459
27,137,6,12,7.879,8.059
27,137,6,13,8.179,8.679
27,137,6,14,8.800,9.720
27,137,7,1,0.299,0.819
27,137,7,2,0.919,1.179
27,137,7,3,1.639,2.059
27,137,7,4,2.139,2.619
27,137,7,5,3.039,3.220
27,137,7,6,3.319,3.619
27,137,7,7,3.699,4.699
27,137,7,8,5.019,5.900
27,137,7,9,6.259,6.839
27,137,7,10,6.940,7.499
27,137,7,11,7.579,7.779
27,137,7,12,7.859,8.479
27,137,7,13,8.579,8.779
27,137,8,1,0.219,0.560
27,137,8,2,0.639,1.120
27,137,8,3,1.220,2.180
27,137,8,4,2.740,3.359
27,137,8,5,3.460,4.400
27,137,8,6,4.440,4.719
27,137,8,7,5.179,5.400
27,137,8,8,5.519,6.179
27,137,8,9,6.599,7.579
27,137,8,10,7.719,8.319
27,137,9,1,0.280,0.919
27,137,9,2,1.059,2.119
27,137,9,3,2.460,3.379
27,137,9,4,3.779,4.039
27,137,9,5,4.139,5.119
27,137,9,6,5.579,5.839
27,137,9,7,5.940,7.099
27,138,1,1,0.099,0.719
27,138,1,2,1.480,2.220
27,138,1,3,2.359,2.799
27,138,1,4,2.879,3.379
27,138,1,5,4.059,4.599
27,138,1,6,4.699,5.440
27,138,1,7,5.480,6.839
27,138,2,1,0.259,1.079
27,138,2,2,1.100,1.240
27,138,2,3,1.279,1.599
27,138,2,4,1.719,2.440
27,138,2,5,3.019,3.699
27,138,2,6,3.759,3.980
27,138,2,7,4.000,5.099
27,138,2,8,5.199,5.400
27,138,2,9,5.500,6.199
27,138,2,10,6.299,6.739
27,138,2,11,6.779,8.179
27,138,2,12,8.279,8.479
27,138,2,13,8.559,9.260
27,138,2,14,9.619,9.779
27,138,2,15,9.819,10.019
27,138,2,16,10.159,10.779
27,138,2,17,11.259,12.460
27,138,3,1,0.280,0.719
27,138,3,2,0.879,1.459
27,138,3,3,1.500,2.559
27,138,3,4,3.299,4.279
27,138,3,5,4.400,5.099
27,138,3,6,5.239,5.719
27,138,4,1,0.399,0.979
27,138,4,2,1.039,1.219
27,138,4,3,2.119,2.399
27,138,4,4,2.539,3.119
27,138,4,5,3.139,3.759
27,138,4,6,4.239,4.360
27,138,4,7,4.539,5.460
27,138,4,8,5.559,5.940
27,138,4,9,6.059,6.839
27,138,5,1,0.239,1.240
27,138,5,2,1.259,2.000
27,138,5,3,2.019,3.159
27,138,5,4,3.240,3.399
27,138,5,5,3.539,4.179
27,138,5,6,4.219,4.739
27,138,5,7,4.799,5.639
27,138,6,1,0.159,0.340
27,138,6,2,0.459,0.859
27,138,6,3,1.000,1.259
27,138,6,4,1.260,2.359
27,138,6,5,2.399,2.939
27,138,6,6,3.480,4.500
27,138,6,7,4.819,5.719
27,138,6,8,5.839,6.739
27,138,7,1,0.199,0.500
27,138,7,2,0.519,0.779
27,138,7,3,0.839,1.399
27,138,7,4,1.559,2.000
27,138,7,5,2.339,3.319
27,138,7,6,3.879,4.059
27,138,7,7,4.159,4.559
27,138,7,8,4.599,5.299
27,138,7,9,5.319,5.960
27,138,7,10,6.019,6.599
27,138,7,11,7.339,8.260
27,138,7,12,8.599,9.539
27,138,8,1,0.179,0.539
27,138,8,2,0.939,1.500
27,138,8,3,1.679,2.299
27,138,8,4,3.000,3.359
27,138,8,5,3.839,4.539
27,138,8,6,4.619,5.219
27,138,8,7,6.059,6.719
27,138,8,8,6.739,7.319
27,138,8,9,7.759,8.000
27,138,8,10,8.220,8.939
27,139,1,1,0.219,0.919
27,139,1,2,1.199,1.719
27,139,1,3,1.779,2.259
27,139,1,4,3.299,3.619
27,139,1,5,4.099,5.000
27,139,1,6,5.019,5.960
27,139,2,1,0.239,0.680
27,139,2,2,0.740,1.339
27,139,2,3,1.459,2.019
27,139,2,4,2.099,2.639
27,139,2,5,3.419,3.980
27,139,2,6,4.099,4.579
27,139,2,7,4.679,5.419
27,139,3,1,0.319,0.839
27,139,3,2,0.899,1.459
27,139,3,3,1.519,2.059
27,139,3,4,2.819,3.299
27,139,3,5,3.399,4.119
27,139,3,6,4.179,5.220
27,139,4,1,0.239,0.439
27,139,4,2,0.500,0.699
27,139,4,3,0.839,1.299
27,139,4,4,1.379,1.959
27,139,4,5,2.619,2.980
27,139,4,6,3.199,3.439
27,139,4,7,3.819,4.659
27,139,4,8,4.679,5.820
27,139,5,1,0.259,0.740
27,139,5,2,0.779,1.439
27,139,5,3,1.559,2.339
27,139,5,4,2.919,3.859
27,139,5,5,3.919,4.480
27,139,5,6,4.679,5.639
27,139,6,1,0.259,1.000
27,139,6,2,1.399,1.919
27,139,6,3,2.019,2.700
27,139,6,4,3.199,4.139
27,139,6,5,4.219,4.380
27,139,6,6,4.460,5.000
27,139,6,7,5.019,5.420
27,139,7,1,0.259,0.779
27,139,7,2,0.979,1.419
27,139,7,3,1.519,2.220
27,139,7,4,2.980,3.799
27,139,7,5,3.839,4.539
27,139,7,6,4.739,5.420
27,139,8,1,0.199,0.439
27,139,8,2,0.479,1.039
27,139,8,3,1.079,1.779
27,139,8,4,1.959,2.339
27,139,8,5,2.599,3.079
27,139,8,6,3.859,4.799
27,139,8,7,4.940,5.579
27,139,8,8,5.900,7.019
27,139,9,1,0.340,0.939
27,139,9,2,0.979,1.360
27,139,9,3,1.500,2.000
27,139,9,4,2.679,3.720
27,139,9,5,3.740,4.519
27,139,9,6,4.599,5.119
27,139,10,1,0.239,0.519
27,139,10,2,0.659,0.959
27,139,10,3,1.039,1.379
27,139,10,4,1.620,2.339
27,139,10,5,2.939,4.159
27,139,10,6,4.179,5.219
27,139,11,1,0.199,0.979
27,139,11,2,1.459,1.719
27,139,11,3,1.819,2.460
27,139,11,4,2.500,3.299
27,139,11,5,3.919,4.779
27,139,11,6,4.819,5.199
27,139,11,7,5.359,6.320
27,139,12,1,0.199,0.539
27,139,12,2,0.579,1.199
27,139,12,3,1.279,1.459
27,139,12,4,1.519,2.220
27,139,12,5,2.740,3.579
27,139,12,6,4.319,5.139
27,139,12,7,5.179,5.739
27,139,12,8,5.819,6.359
27,139,12,9,6.940,7.960
27,139,12,10,8.199,8.999
27,139,13,1,0.199,0.379
27,139,13,2,0.399,0.959
27,139,13,3,1.179,1.599
27,139,13,4,1.740,2.500
27,139,13,5,3.319,4.279
27,139,13,6,4.440,5.199
27,139,13,7,5.239,5.960
27,139,14,1,0.239,0.680
27,139,14,2,1.039,1.220
27,139,14,3,1.339,1.480
27,139,14,4,1.519,2.200
27,139,14,5,2.339,3.199
27,139,14,6,3.639,4.659
27,139,14,7,4.719,5.519
27,139,14,8,6.139,6.859
27,139,14,9,7.359,8.079
27,139,14,10,8.199,8.819
27,139,15,1,0.379,0.699
27,139,15,2,0.799,1.439
27,139,15,3,1.539,2.019
27,139,15,4,2.099,2.819
27,139,15,5,3.399,3.899
27,139,15,6,3.939,4.759
27,139,15,7,4.799,5.599
27,139,15,8,6.199,6.980
27,139,15,9,7.039,8.139
27,139,15,10,8.199,8.739
27,139,16,1,0.280,0.979
27,139,16,2,1.059,1.459
27,139,16,3,1.559,2.099
27,139,16,4,2.659,3.019
27,139,16,5,3.139,3.899
27,139,16,6,4.279,4.880
27,139,16,7,4.960,5.839
27,139,16,8,6.359,6.940
27,139,16,9,7.099,7.980
27,139,16,10,8.539,9.159
27,139,16,11,9.220,9.760
27,139,16,12,10.019,10.739
27,139,17,1,0.359,0.779
27,139,17,2,0.959,1.199
27,139,17,3,1.360,2.000
27,139,17,4,2.119,2.559
27,139,17,5,2.740,3.039
27,139,17,6,3.799,4.059
27,139,17,7,4.259,4.980
27,139,17,8,5.099,6.139
27,139,18,1,0.319,1.139
27,139,18,2,1.399,1.919
27,139,18,3,2.019,2.659
27,139,18,4,3.319,4.199
27,139,18,5,4.279,4.799
27,139,18,6,4.819,5.639
27,139,19,1,0.340,0.659
27,139,19,2,0.759,1.360
27,139,19,3,1.519,1.839
27,139,19,4,2.279,2.819
27,139,19,5,3.439,4.119
27,139,19,6,4.139,4.859
27,139,19,7,5.019,5.559
27,139,19,8,5.599,6.240
27,139,20,1,0.299,0.799
27,139,20,2,0.879,1.620
27,139,20,3,1.779,2.779
27,139,20,4,3.799,4.459
27,139,20,5,4.559,5.319
27,139,20,6,5.380,6.139
27,139,21,1,0.199,0.539
27,139,21,2,0.579,1.419
27,139,21,3,1.480,1.599
27,139,21,4,1.659,2.879
27,139,21,5,3.519,5.099
27,139,21,6,5.119,6.240
27,139,22,1,0.319,0.919
27,139,22,2,1.019,1.539
27,139,22,3,1.779,2.500
27,139,22,4,3.079,3.959
27,139,22,5,4.099,4.559
27,139,22,6,4.579,5.019
27,139,23,1,0.319,1.120
27,139,23,2,1.199,1.500
27,139,23,3,1.559,1.899
27,139,23,4,1.939,2.579
27,139,23,5,3.419,4.460
27,139,23,6,4.519,5.039
27,139,23,7,5.480,6.739
27,139,24,1,0.319,1.100
27,139,24,2,1.539,1.759
27,139,24,3,1.919,2.559
27,139,24,4,2.939,3.539
27,139,24,5,3.559,3.799
27,139,24,6,4.259,5.079
27,139,24,7,5.199,5.779
27,139,24,8,5.839,6.659
27,140,1,1,0.039,0.599
27,140,1,2,0.899,1.279
27,140,1,3,1.319,1.659
27,140,2,1,0.259,1.000
27,140,2,2,1.019,1.199
27,140,2,3,1.759,2.299
27,140,2,4,2.359,2.639
27,140,2,5,3.119,3.659
27,140,2,6,3.699,4.279
27,140,2,7,4.420,5.420
27,140,3,1,0.299,0.759
27,140,3,2,0.799,1.339
27,140,3,3,1.379,1.879
27,140,3,4,1.919,2.319
27,140,3,5,2.919,3.139
27,140,3,6,3.179,3.619
27,140,3,7,3.679,4.259
27,140,3,8,4.319,5.119
27,140,4,1,0.299,0.859
27,140,4,2,0.899,1.519
27,140,4,3,1.620,1.919
27,140,4,4,1.939,2.480
27,140,4,5,3.240,3.720
27,140,4,6,3.779,4.420
27,140,4,7,4.859,5.420
27,140,4,8,5.480,6.239
27,140,4,9,6.480,6.879
27,140,5,1,0.259,0.979
27,140,5,2,1.079,1.219
27,140,5,3,1.799,2.159
27,140,5,4,2.180,2.740
27,140,5,5,3.299,3.839
27,140,5,6,3.879,4.519
27,140,5,7,4.659,5.579
27,140,5,8,6.179,6.579
27,140,5,9,6.679,7.359
27,140,5,10,7.759,8.460
27,140,5,11,8.500,9.340
27,140,6,1,0.199,0.819
27,140,6,2,0.859,1.419
27,140,6,3,1.480,1.719
27,140,6,4,1.779,2.000
27,140,6,5,2.639,3.500
27,140,6,6,4.019,4.900
27,140,6,7,5.059,5.679
27,140,6,8,5.719,6.139
27,140,6,9,6.379,7.000
27,140,6,10,7.719,8.420
27,140,6,11,9.019,9.559
27,140,6,12,9.639,9.939
27,140,6,13,10.039,10.500
27,140,7,1,0.119,0.819
27,140,7,2,1.279,2.139
27,140,7,3,2.379,2.700
27,140,7,4,2.980,3.539
27,140,7,5,4.099,5.000
27,140,7,6,5.079,5.299
27,140,7,7,5.799,6.059
27,140,7,8,6.199,7.199
27,140,8,1,0.219,0.839
27,140,8,2,0.979,1.679
27,140,8,3,1.699,2.059
27,140,8,4,2.139,2.939
27,140,8,5,3.519,4.339
27,140,8,6,4.380,4.960
27,140,8,7,5.039,5.480
27,140,8,8,5.519,6.240
27,140,9,1,0.259,0.579
27,140,9,2,0.699,1.319
27,140,9,3,1.339,1.639
27,140,9,4,2.180,2.960
27,140,9,5,3.059,3.559
27,140,9,6,4.279,5.059
27,140,9,7,5.119,5.279
27,140,9,8,5.400,5.920
27,140,9,9,6.299,6.940
27,140,9,10,7.059,7.539
27,140,10,1,0.259,0.819
27,140,10,2,0.899,1.759
27,140,10,3,2.279,2.819
27,140,10,4,2.919,3.819
27,140,10,5,3.899,5.119
27,140,11,1,0.280,1.139
27,140,11,2,1.159,1.679
27,140,11,3,1.799,2.339
27,140,11,4,2.859,3.500
27,140,11,5,3.579,4.319
27,140,11,6,4.920,6.119
27,140,11,7,6.179,6.379
27,140,11,8,6.440,7.260
27,140,12,1,0.259,0.659
27,140,12,2,0.899,1.500
27,140,12,3,1.659,1.919
27,140,12,4,1.979,2.460
27,140,12,5,2.559,3.339
27,140,12,6,3.839,4.159
27,140,12,7,4.219,4.900
27,140,12,8,5.039,5.359
27,140,12,9,5.759,6.719
27,140,12,10,6.779,8.039
27,140,13,1,0.259,0.839
27,140,13,2,1.079,1.299
27,140,13,3,1.339,2.059
27,140,13,4,2.079,2.379
27,140,13,5,2.859,3.139
27,140,13,6,3.220,3.599
27,140,13,7,4.179,5.019
27,140,13,8,5.039,5.960
27,140,14,1,0.259,0.740
27,140,14,2,0.819,1.500
27,140,14,3,1.620,2.000
27,140,14,4,2.059,2.659
27,140,14,5,3.539,4.279
27,140,14,6,4.380,5.099
27,140,14,7,5.539,5.799
27,140,14,8,5.960,6.839
27,141,1,1,0.000,0.340
27,141,1,2,0.359,0.919
27,141,1,3,1.599,1.799
27,141,1,4,2.299,2.939
27,141,1,5,2.960,3.559
27,141,1,6,3.579,3.819
27,141,1,7,4.360,5.079
27,141,1,8,5.179,5.639
27,141,1,9,5.699,6.379
27,141,1,10,6.460,6.920
27,141,2,1,0.179,0.740
27,141,2,2,0.839,1.599
27,141,2,3,1.679,2.279
27,141,2,4,2.339,3.099
27,141,2,5,3.639,4.360
27,141,2,6,4.380,5.159
27,141,2,7,5.179,5.779
27,141,2,8,5.879,6.500
27,141,3,1,0.340,0.859
27,141,3,2,1.079,1.279
27,141,3,3,1.899,2.519
27,141,3,4,2.579,3.079
27,141,3,5,3.919,4.579
27,141,3,6,4.799,5.000
27,141,3,7,5.039,5.339
27,141,3,8,5.500,6.419
27,141,4,1,0.359,0.620
27,141,4,2,0.759,1.039
27,141,4,3,1.079,1.599
27,141,4,4,1.659,2.240
27,141,4,5,2.279,2.559
27,141,4,6,3.099,4.000
27,141,4,7,4.039,4.659
27,141,4,8,4.719,5.319
27,141,4,9,5.839,6.199
27,141,4,10,6.239,6.920
27,141,4,11,7.119,7.779
27,141,4,12,7.839,8.279
27,141,4,13,8.800,9.300
27,141,4,14,9.519,10.219
27,141,4,15,10.319,11.859
27,141,5,1,0.259,0.979
27,141,5,2,1.100,1.639
27,141,5,3,2.119,2.740
27,141,5,4,3.259,4.299
27,141,5,5,4.920,5.480
27,141,5,6,5.599,6.119
27,141,5,7,6.179,6.339
27,141,5,8,6.440,6.839
27,141,5,9,6.920,7.379
27,141,5,10,7.859,8.000
27,141,5,11,8.059,8.559
27,141,5,12,8.599,9.699
27,141,5,13,10.079,11.340
27,141,6,1,0.259,1.120
27,141,6,2,1.199,1.559
27,141,6,3,1.679,2.180
27,141,6,4,2.299,3.059
27,141,6,5,3.740,4.719
27,141,6,6,4.759,5.440
27,141,6,7,5.579,5.779
27,141,6,8,5.819,6.659
27,141,7,1,0.239,0.560
27,141,7,2,0.659,0.899
27,141,7,3,1.399,2.200
27,141,7,4,2.319,2.980
27,141,7,5,3.599,4.339
27,141,7,6,4.480,5.299
27,141,7,7,5.319,5.719
27,141,7,8,5.739,6.500
27,141,8,1,0.340,0.479
27,141,8,2,0.599,1.299
27,141,8,3,1.480,1.919
27,141,8,4,1.939,2.579
27,141,8,5,2.679,3.179
27,141,8,6,4.000,4.460
27,141,8,7,4.539,5.339
27,141,8,8,5.380,5.539
27,141,8,9,5.659,6.079
27,141,8,10,6.119,6.840
27,141,9,1,0.280,0.979
27,141,9,2,1.079,1.439
27,141,9,3,1.579,1.879
27,141,9,4,1.979,2.619
27,141,9,5,2.679,2.819
27,141,9,6,3.379,4.299
27,141,9,7,4.599,5.139
27,141,9,8,5.359,6.059
27,141,10,1,0.419,1.139
27,141,10,2,1.259,2.440
27,141,10,3,2.519,3.099
27,141,10,4,3.839,4.440
27,141,10,5,4.579,5.119
27,141,10,6,5.559,6.179
27,141,10,7,6.219,7.159
27,142,1,1,0.259,0.779
27,142,1,2,0.839,1.399
27,142,1,3,1.879,2.659
27,142,1,4,2.759,3.559
27,142,1,5,3.699,4.239
27,142,2,1,0.219,0.699
27,142,2,2,0.719,0.899
27,142,2,3,0.979,1.159
27,142,2,4,1.620,2.299
27,142,2,5,2.819,3.379
27,142,2,6,3.399,3.639
27,142,2,7,3.740,3.919
27,142,2,8,4.619,5.819
27,142,3,1,0.179,0.799
27,142,3,2,0.859,1.459
27,142,3,3,1.599,2.039
27,142,3,4,2.700,3.279
27,142,3,5,3.399,3.959
27,142,3,6,4.159,4.820
27,142,4,1,0.219,1.319
27,142,4,2,1.360,1.779
27,142,4,3,1.819,2.220
27,142,4,4,3.059,3.720
27,142,4,5,3.799,4.319
27,142,4,6,4.440,5.219
27,142,4,7,5.900,6.599
27,142,4,8,6.739,7.079
27,142,4,9,7.119,7.859
27,142,4,10,8.380,9.199
27,142,4,11,9.399,9.699
27,142,4,12,9.779,10.139
27,142,5,1,0.299,0.819
27,142,5,2,0.859,1.319
27,142,5,3,1.459,2.079
27,142,5,4,2.379,2.799
27,142,5,5,2.899,3.039
27,142,5,6,3.079,3.679
27,142,5,7,4.179,4.679
27,142,5,8,4.779,5.319
27,142,5,9,5.400,6.219
27,142,5,10,6.839,7.179
27,142,5,11,7.299,7.799
27,142,5,12,7.859,8.739
27,142,6,1,0.319,1.039
27,142,6,2,1.139,1.559
27,142,6,3,1.899,2.440
27,142,6,4,3.220,4.059
27,142,6,5,4.159,4.779
27,142,6,6,4.839,5.319
27,142,6,7,6.299,6.799
27,142,6,8,6.899,7.659
27,142,6,9,7.719,8.560
27,142,7,1,0.199,1.039
27,142,7,2,1.179,1.360
27,142,7,3,1.500,2.220
27,142,7,4,2.639,2.819
27,142,7,5,2.899,3.699
27,142,7,6,3.740,4.259
27,142,7,7,4.699,5.579
27,142,7,8,5.619,6.460
27,142,7,9,6.719,6.980
27,142,7,10,7.019,7.779
27,142,7,11,7.879,8.939
27,142,8,1,0.259,1.179
27,142,8,2,1.199,2.099
27,142,8,3,2.119,2.619
27,142,8,4,3.019,3.699
27,142,8,5,3.759,4.000
27,142,8,6,4.019,4.719
27,142,8,7,5.480,5.739
27,142,8,8,5.799,6.719
27,142,8,9,6.799,7.519
27,142,8,10,8.000,8.260
27,142,8,11,8.279,8.960
27,142,8,12,9.059,9.840
27,143,1,1,0.039,0.379
27,143,1,2,0.419,0.759
27,143,1,3,1.679,2.000
27,143,1,4,2.460,2.819
27,143,1,5,2.980,3.839
27,143,1,6,4.380,5.119
27,143,1,7,5.259,5.500
27,143,1,8,5.519,6.299
27,143,1,9,6.899,8.119
27,143,1,10,8.140,8.880
27,143,1,11,9.300,10.739
27,143,2,1,0.179,0.579
27,143,2,2,0.659,0.979
27,143,2,3,0.999,1.860
27,143,2,4,1.899,2.099
27,143,2,5,2.139,2.839
27,143,2,6,3.259,3.419
27,143,2,7,3.460,3.659
27,143,2,8,3.740,4.480
27,143,2,9,4.539,5.319
27,143,2,10,5.460,5.739
27,143,2,11,5.879,6.420
27,143,3,1,0.179,0.399
27,143,3,2,0.439,0.899
27,143,3,3,0.919,1.259
27,143,3,4,1.299,1.860
27,143,3,5,2.500,2.980
27,143,3,6,3.019,3.819
27,143,3,7,3.859,4.579
27,143,3,8,5.099,6.119
27,143,3,9,6.199,7.279
27,143,3,10,7.719,8.319
27,143,3,11,8.420,8.999
27,143,4,1,0.199,1.459
27,143,4,2,1.539,1.879
27,143,4,3,1.939,2.359
27,143,4,4,2.859,3.599
27,143,4,5,3.959,4.799
27,143,4,6,4.880,5.639
27,143,5,1,0.359,1.039
27,143,5,2,1.100,1.480
27,143,5,3,1.579,2.339
27,143,5,4,2.859,3.639
27,143,5,5,3.740,4.360
27,143,5,6,4.539,5.359
27,143,5,7,5.900,6.759
27,143,5,8,6.779,7.439
27,143,5,9,7.819,9.000
27,143,6,1,0.259,1.000
27,143,6,2,1.019,1.500
27,143,6,3,1.539,2.079
27,143,6,4,2.720,3.399
27,143,6,5,3.720,4.559
27,143,6,6,4.599,5.219
27,143,6,7,5.279,5.699
27,143,6,8,5.759,6.279
27,143,7,1,0.280,0.879
27,143,7,2,0.939,1.559
27,143,7,3,1.659,2.319
27,143,7,4,2.679,3.259
27,143,7,5,3.419,3.879
27,143,7,6,4.400,4.619
27,143,7,7,4.739,5.339
27,143,7,8,5.480,5.960
27,143,7,9,6.119,6.859
27,143,7,10,7.359,8.380
27,143,7,11,8.699,9.319
27,143,7,12,9.359,9.840
27,143,7,13,9.899,10.420
27,143,8,1,0.219,1.079
27,143,8,2,1.139,1.899
27,143,8,3,1.939,2.679
27,143,8,4,3.139,3.279
27,143,8,5,3.359,3.819
27,143,8,6,3.919,4.599
27,143,8,7,5.139,5.940
27,143,8,8,6.000,6.500
27,143,8,9,6.579,6.859
27,143,8,10,6.920,7.339
27,143,8,11,7.899,8.079
27,143,8,12,8.260,8.760
27,143,8,13,9.079,9.779
27,143,8,14,9.840,10.659
27,143,9,1,0.319,1.240
27,143,9,2,1.299,2.440
27,143,9,3,2.879,3.079
27,143,9,4,3.080,4.500
27,143,9,5,4.559,5.819
27,143,10,1,0.340,1.199
27,143,10,2,1.240,1.839
27,143,10,3,1.899,2.679
27,143,10,4,3.000,3.139
27,143,10,5,3.240,3.859
27,143,10,6,3.919,4.599
27,143,10,7,5.039,5.599
27,143,10,8,5.839,6.619
27,143,10,9,6.679,7.500
27,143,10,10,7.559,8.279
27,143,10,11,8.359,9.239
27,143,11,1,0.199,0.839
27,143,11,2,0.859,1.620
27,143,11,3,1.639,1.959
27,143,11,4,2.319,3.159
27,143,11,5,3.740,4.739
27,143,11,6,5.099,5.599
27,143,11,7,5.739,6.339
27,143,11,8,6.500,7.259
27,143,12,1,0.280,1.100
27,143,12,2,1.360,2.079
27,143,12,3,2.119,2.799
27,143,12,4,3.419,4.519
27,143,12,5,5.199,5.639
27,143,12,6,5.739,6.299
27,143,12,7,6.339,6.940
27,143,12,8,7.480,7.719
27,143,12,9,7.859,8.319
27,143,12,10,8.439,9.539
27,144,1,1,0.019,0.699
27,144,1,2,1.679,2.259
27,144,1,3,2.339,2.519
27,144,1,4,3.019,3.519
27,144,1,5,4.019,4.880
27,144,1,6,4.900,5.480
27,144,1,7,5.599,6.179
27,144,1,8,6.799,7.899
27,144,1,9,8.039,9.199
27,144,2,1,0.319,0.979
27,144,2,2,1.139,2.079
27,144,2,3,2.559,3.500
27,144,2,4,3.679,4.619
27,144,2,5,4.659,4.880
27,144,2,6,5.339,6.159
27,144,2,7,6.359,6.799
27,144,2,8,6.839,7.539
27,144,2,9,7.960,8.720
27,144,2,10,8.760,9.279
27,144,2,11,9.420,10.319
27,144,3,1,0.280,0.599
27,144,3,2,1.539,1.799
27,144,3,3,1.939,2.339
27,144,3,4,2.460,3.439
27,144,3,5,4.139,4.440
27,144,3,6,4.500,5.079
27,144,3,7,5.159,6.839
27,144,4,1,0.319,0.899
27,144,4,2,1.019,1.679
27,144,4,3,1.719,2.119
27,144,4,4,2.899,3.480
27,144,4,5,3.639,4.259
27,144,4,6,4.279,4.940
27,144,5,1,0.299,0.679
27,144,5,2,1.599,1.919
27,144,5,3,2.019,2.539
27,144,5,4,2.720,3.319
27,144,5,5,4.019,4.299
27,144,5,6,4.480,5.139
27,144,5,7,5.319,6.659
27,144,6,1,0.280,0.799
27,144,6,2,0.959,1.379
27,144,6,3,1.519,2.419
27,144,6,4,3.299,3.779
27,144,6,5,3.859,4.559
27,144,6,6,4.839,5.960
27,144,7,1,0.340,0.799
27,144,7,2,0.819,1.339
27,144,7,3,1.559,2.440
27,144,7,4,3.039,3.759
27,144,7,5,3.839,4.960
27,144,7,6,5.000,5.759
27,144,7,7,5.839,6.359
27,144,7,8,7.059,7.979
27,144,7,9,8.019,8.420
27,144,7,10,8.460,9.340
27,144,8,1,0.299,0.719
27,144,8,2,0.799,1.199
27,144,8,3,1.279,1.719
27,144,8,4,1.839,2.220
27,144,8,5,2.759,3.519
27,144,8,6,3.679,4.079
27,144,8,7,4.219,4.940
27,144,9,1,0.239,0.839
27,144,9,2,1.459,1.839
27,144,9,3,1.939,2.480
27,144,9,4,2.519,3.079
27,144,9,5,3.099,3.419
27,144,9,6,3.919,4.500
27,144,9,7,4.559,5.139
27,144,9,8,5.199,5.920
27,144,9,9,5.940,6.420
27,144,10,1,0.199,0.879
27,144,10,2,0.959,1.480
27,144,10,3,1.559,2.339
27,144,10,4,2.799,3.500
27,144,10,5,3.519,3.699
27,144,10,6,3.720,4.079
27,144,10,7,4.159,4.759
27,144,10,8,5.119,6.000
27,144,10,9,6.099,6.840
27,144,11,1,0.259,0.959
27,144,11,2,1.000,2.039
27,144,11,3,2.059,2.519
27,144,11,4,2.599,2.919
27,144,11,5,2.939,3.460
27,144,11,6,4.019,4.400
27,144,11,7,4.559,5.139
27,144,11,8,5.199,5.739
27,144,11,9,5.779,6.179
27,144,11,10,6.779,7.699
27,144,11,11,7.739,8.179
27,144,11,12,8.399,9.119
27,144,12,1,0.219,0.699
27,144,12,2,0.799,1.500
27,144,12,3,1.599,2.839
27,144,12,4,2.939,3.939
27,144,12,5,4.000,4.880
27,144,12,6,5.460,6.379
27,144,12,7,6.500,7.619
27,144,12,8,8.760,9.880
27,144,12,9,9.920,10.460
27,144,12,10,10.500,11.339
27,144,13,1,0.379,1.299
27,144,13,2,1.360,2.000
27,144,13,3,2.500,3.139
27,144,13,4,3.199,3.919
27,144,13,5,3.980,4.219
27,144,13,6,4.279,4.619
27,144,13,7,5.299,6.219
27,144,13,8,6.339,7.119
27,144,13,9,7.639,8.579
27,144,13,10,8.679,9.839
27,144,14,1,0.259,1.259
27,144,14,2,1.379,2.279
27,144,14,3,2.859,3.159
27,144,14,4,3.319,3.899
27,144,14,5,3.980,4.339
27,144,14,6,4.400,4.920
27,144,14,7,5.559,6.000
27,144,14,8,6.139,6.739
27,144,14,9,6.819,8.039
27,144,15,1,0.280,1.019
27,144,15,2,1.059,1.559
27,144,15,3,1.659,2.180
27,144,15,4,2.399,2.659
27,144,15,5,3.119,3.720
27,144,15,6,3.759,4.339
27,144,15,7,4.799,5.139
27,144,15,8,5.500,6.920
27,145,1,1,0.099,0.599
27,145,1,2,0.639,1.159
27,145,1,3,2.059,3.000
27,145,1,4,3.019,3.599
27,145,1,5,3.619,4.299
27,145,1,6,4.980,6.019
27,145,1,7,6.119,6.779
27,145,1,8,6.859,7.399
27,145,1,9,7.460,8.039
27,145,2,1,0.179,0.639
27,145,2,2,0.659,0.979
27,145,2,3,1.159,2.019
27,145,2,4,2.700,3.539
27,145,2,5,3.659,4.599
27,145,2,6,4.699,5.259
27,145,2,7,5.359,6.059
27,145,3,1,0.319,0.859
27,145,3,2,0.879,1.799
27,145,3,3,1.800,2.399
27,145,3,4,2.480,2.980
27,145,3,5,3.519,4.799
27,145,3,6,4.859,5.059
27,145,3,7,5.199,5.960
27,145,4,1,0.239,0.599
27,145,4,2,0.659,1.139
27,145,4,3,1.179,1.939
27,145,4,4,1.979,2.740
27,145,4,5,3.179,4.319
27,145,4,6,4.619,5.539
27,145,5,1,0.259,0.799
27,145,5,2,0.919,1.319
27,145,5,3,1.379,2.000
27,145,5,4,2.539,2.859
27,145,5,5,3.359,4.519
27,145,5,6,4.839,5.820
27,145,6,1,0.340,1.079
27,145,6,2,1.179,2.039
27,145,6,3,2.639,3.319
27,145,6,4,3.799,5.420
27,145,6,5,5.440,6.840
27,145,7,1,0.379,0.879
27,145,7,2,0.939,1.179
27,145,7,3,1.220,1.719
27,145,7,4,1.799,2.539
27,145,7,5,2.939,4.139
27,145,7,6,4.339,5.420
27,145,8,1,0.219,0.919
27,145,8,2,0.959,1.740
27,145,8,3,1.779,1.859
27,145,8,4,1.860,3.379
27,145,8,5,3.539,4.380
27,145,8,6,4.619,5.179
27,145,8,7,5.239,5.960
27,145,9,1,0.179,0.560
27,145,9,2,0.639,1.179
27,145,9,3,1.220,1.799
27,145,9,4,2.240,3.179
27,145,9,5,3.460,3.659
27,145,9,6,3.699,4.000
27,145,9,7,4.119,5.019
27,145,10,1,0.319,0.919
27,145,10,2,1.100,1.219
27,145,10,3,1.779,2.019
27,145,10,4,2.139,2.879
27,145,10,5,3.500,4.380
27,145,10,6,4.579,5.820
27,145,11,1,0.219,0.839
27,145,11,2,0.939,1.659
27,145,11,3,1.719,2.339
27,145,11,4,2.799,4.059
27,145,11,5,4.219,5.360
27,145,12,1,0.199,0.859
27,145,12,2,1.000,1.500
27,145,12,3,1.539,2.180
27,145,12,4,2.299,3.179
27,145,12,5,3.639,4.299
27,145,12,6,4.339,4.880
27,145,12,7,5.039,6.059
27,145,13,1,0.199,1.100
27,145,13,2,1.220,1.799
27,145,13,3,1.839,2.079
27,145,13,4,2.139,2.679
27,145,13,5,3.139,4.179
27,145,13,6,4.859,5.380
27,145,13,7,5.519,5.839
27,145,13,8,5.960,6.659
27,145,14,1,0.280,0.819
27,145,14,2,0.859,1.139
27,145,14,3,1.480,1.879
27,145,14,4,1.939,2.740
27,145,14,5,3.419,4.159
27,145,14,6,4.239,4.639
27,145,14,7,4.679,5.719
27,145,15,1,0.340,0.719
27,145,15,2,0.939,1.419
27,145,15,3,1.459,1.979
27,145,15,4,2.279,3.299
27,145,15,5,3.679,4.339
27,145,15,6,4.519,4.920
27,145,15,7,5.019,5.619
27,145,15,8,5.699,5.960
27,145,15,9,6.019,6.619
27,145,15,10,6.759,7.619
27,145,16,1,0.259,1.100
27,145,16,2,1.139,1.399
27,145,16,3,1.439,2.079
27,145,16,4,2.579,3.759
27,145,16,5,3.779,4.279
27,145,16,6,4.420,4.839
27,145,16,7,4.940,5.719
27,145,17,1,0.299,1.000
27,145,17,2,1.079,1.299
27,145,17,3,1.839,2.259
27,145,17,4,2.339,3.000
27,145,17,5,3.539,4.279
27,145,17,6,4.319,4.940
27,145,17,7,5.000,5.820
27,145,18,1,0.239,0.719
27,145,18,2,0.759,0.859
27,145,18,3,1.419,1.860
27,145,18,4,2.019,2.700
27,145,18,5,3.240,3.779
27,145,18,6,4.119,4.599
27,145,18,7,4.679,5.420
27,145,18,8,5.739,6.419
27,145,19,1,0.280,0.899
27,145,19,2,1.000,1.679
27,145,19,3,1.799,2.399
27,145,19,4,2.980,3.439
27,145,19,5,3.579,4.539
27,145,19,6,4.639,5.679
27,145,19,7,5.759,6.840
27,145,20,1,0.319,0.959
27,145,20,2,1.000,1.719
27,145,20,3,1.799,1.959
27,145,20,4,2.059,2.279
27,145,20,5,2.419,3.119
27,145,20,6,3.579,3.899
27,145,20,7,4.000,4.219
27,145,20,8,4.319,5.039
27,145,20,9,5.159,5.959
27,145,21,1,0.259,1.000
27,145,21,2,1.100,1.279
27,145,21,3,1.679,2.220
27,145,21,4,2.379,2.599
27,145,21,5,3.240,3.919
27,145,21,6,3.980,4.219
27,145,21,7,4.279,4.759
27,145,21,8,4.779,5.000
27,145,21,9,5.099,5.619
27,145,21,10,6.099,6.839
27,145,21,11,7.019,7.720
27,146,1,1,0.119,0.680
27,146,1,2,0.699,0.859
27,146,1,3,1.939,2.539
27,146,1,4,2.639,3.279
27,146,1,5,3.639,3.959
27,146,1,6,4.019,4.819
27,146,2,1,0.259,1.000
27,146,2,2,1.159,1.419
27,146,2,3,1.860,2.319
27,146,2,4,3.119,4.059
27,146,2,5,4.219,4.940
27,146,2,6,4.980,5.719
27,146,3,1,0.280,0.560
27,146,3,2,0.680,1.240
27,146,3,3,1.319,1.959
27,146,3,4,2.720,3.119
27,146,3,5,3.139,3.720
27,146,3,6,3.879,4.259
27,146,3,7,4.360,4.480
27,146,3,8,4.579,5.539
27,146,4,1,0.239,0.779
27,146,4,2,0.839,1.399
27,146,4,3,1.480,1.959
27,146,4,4,2.000,2.819
27,146,4,5,3.639,4.339
27,146,4,6,4.440,5.039
27,146,4,7,5.239,5.839
27,146,4,8,5.920,7.099
27,146,5,1,0.379,1.000
27,146,5,2,1.120,1.659
27,146,5,3,1.759,2.519
27,146,5,4,2.559,3.220
27,146,5,5,4.179,4.819
27,146,5,6,4.900,5.099
27,146,5,7,5.139,5.659
27,146,5,8,6.079,6.739
27,146,6,1,0.219,0.799
27,146,6,2,0.919,1.679
27,146,6,3,1.719,2.480
27,146,6,4,3.019,3.279
27,146,6,5,3.319,4.000
27,146,6,6,4.099,4.559
27,146,6,7,4.619,4.960
27,146,6,8,5.019,5.480
27,146,6,9,5.519,5.799
27,146,6,10,6.379,7.359
27,146,6,11,7.419,7.899
27,146,6,12,8.000,8.819
27,146,7,1,0.319,0.779
27,146,7,2,0.859,1.480
27,146,7,3,1.539,2.240
27,146,7,4,2.899,3.419
27,146,7,5,3.439,3.980
27,146,7,6,4.059,4.799
27,146,7,7,5.299,5.480
27,146,7,8,6.219,6.899
27,146,7,9,6.980,7.719
27,146,8,1,0.299,0.599
27,146,8,2,1.019,1.339
27,146,8,3,1.599,2.359
27,146,8,4,2.939,3.599
27,146,8,5,3.659,4.219
27,146,8,6,4.259,4.859
27,146,8,7,5.460,5.659
27,146,8,8,6.279,6.719
27,146,8,9,6.819,7.719
27,146,9,1,0.259,0.599
27,146,9,2,1.100,1.779
27,146,9,3,1.819,2.019
27,146,9,4,2.059,2.460
27,146,9,5,3.039,3.579
27,146,9,6,3.699,4.539
27,146,9,7,4.679,5.259
27,146,9,8,5.739,6.379
27,146,9,9,6.460,7.059
27,146,9,10,7.179,8.039
27,146,10,1,0.299,1.199
27,146,10,2,1.240,1.559
27,146,10,3,1.560,2.599
27,146,10,4,3.159,4.139
27,146,10,5,4.239,4.859
27,146,10,6,5.359,5.879
27,146,10,7,6.000,6.739
27,146,10,8,6.759,7.299
27,146,10,9,7.419,7.800
27,147,1,1,0.079,0.479
27,147,1,2,0.539,0.719
27,147,1,3,1.759,1.919
27,147,1,4,2.039,2.480
27,147,1,5,2.579,3.179
27,147,1,6,3.319,4.039
27,147,1,7,4.400,4.559
27,147,1,8,4.599,5.179
27,147,1,9,5.339,5.779
27,147,1,10,5.960,6.840
27,147,2,1,0.299,0.759
27,147,2,2,0.879,1.899
27,147,2,3,1.919,2.539
27,147,2,4,3.059,3.579
27,147,2,5,3.699,4.500
27,147,2,6,4.559,5.539
27,147,3,1,0.199,0.839
27,147,3,2,0.919,1.599
27,147,3,3,1.659,2.000
27,147,3,4,2.599,3.839
27,147,3,5,3.899,5.219
27,147,4,1,0.259,0.579
27,147,4,2,0.620,1.199
27,147,4,3,1.279,2.240
27,147,4,4,2.960,3.859
27,147,4,5,3.919,4.420
27,147,4,6,4.480,5.219
27,147,5,1,0.239,0.779
27,147,5,2,0.959,1.639
27,147,5,3,1.679,2.139
27,147,5,4,2.159,2.740
27,147,5,5,3.319,4.380
27,147,5,6,4.579,4.839
27,147,5,7,4.940,5.820
27,147,6,1,0.299,1.059
27,147,6,2,1.079,1.759
27,147,6,3,1.779,2.460
27,147,6,4,2.960,3.619
27,147,6,5,3.720,4.440
27,147,6,6,4.839,5.179
27,147,6,7,5.480,6.139
27,147,7,1,0.319,0.779
27,147,7,2,0.839,1.500
27,147,7,3,1.559,2.079
27,147,7,4,2.639,3.379
27,147,7,5,3.500,4.319
27,147,7,6,4.440,5.420
27,147,8,1,0.239,1.139
27,147,8,2,1.159,1.939
27,147,8,3,2.099,2.619
27,147,8,4,3.240,3.899
27,147,8,5,3.939,4.699
27,147,8,6,4.819,5.299
27,147,8,7,5.819,7.019
27,147,8,8,7.039,7.440
27,147,8,9,7.559,8.399
27,147,9,1,0.280,0.819
27,147,9,2,0.859,1.539
27,147,9,3,1.639,2.059
27,147,9,4,2.759,3.179
27,147,9,5,3.199,3.879
27,147,9,6,3.919,4.420
27,147,9,7,4.539,5.639
27,147,10,1,0.359,0.699
27,147,10,2,0.759,1.439
27,147,10,3,1.459,2.039
27,147,10,4,2.079,2.799
27,147,10,5,3.579,3.799
27,147,10,6,3.899,4.519
27,147,10,7,4.579,5.099
27,147,10,8,5.179,5.960
27,147,11,1,0.340,1.019
27,147,11,2,1.039,1.740
27,147,11,3,1.819,2.019
27,147,11,4,2.099,2.740
27,147,11,5,3.359,3.519
27,147,11,6,3.619,4.579
27,147,11,7,4.659,5.539
27,147,12,1,0.319,1.039
27,147,12,2,1.100,2.119
27,147,12,3,2.159,2.339
27,147,12,4,2.460,3.559
27,147,12,5,3.639,4.400
27,147,12,6,4.460,5.359
27,147,12,7,5.460,6.320
27,147,13,1,0.259,0.399
27,147,13,2,0.560,1.299
27,147,13,3,1.319,1.819
27,147,13,4,1.939,2.799
27,147,13,5,3.460,4.019
27,147,13,6,4.239,4.920
27,147,13,7,5.019,5.959
27,147,14,1,0.219,0.859
27,147,14,2,0.939,1.539
27,147,14,3,1.579,2.000
27,147,14,4,2.599,3.119
27,147,14,5,3.199,3.839
27,147,14,6,3.919,4.939
27,147,15,1,0.239,0.859
27,147,15,2,1.259,1.939
27,147,15,3,2.000,2.539
27,147,15,4,3.139,3.539
27,147,15,5,3.579,4.199
27,147,15,6,4.279,4.819
27,147,15,7,5.059,5.820
27,147,16,1,0.259,1.240
27,147,16,2,1.279,1.860
27,147,16,3,1.879,2.759
27,147,16,4,3.220,3.819
27,147,16,5,4.159,4.900
27,147,16,6,4.940,6.059
27,147,17,1,0.219,1.000
27,147,17,2,1.019,1.759
27,147,17,3,1.779,2.480
27,147,17,4,3.079,3.599
27,147,17,5,3.740,4.420
27,147,17,6,4.940,5.099
27,147,17,7,5.199,6.059
27,147,18,1,0.239,0.899
27,147,18,2,1.039,1.659
27,147,18,3,1.679,2.519
27,147,18,4,3.339,4.139
27,147,18,5,4.199,4.819
27,147,18,6,4.980,5.719
27,147,18,7,5.859,6.500
27,147,19,1,0.259,0.819
27,147,19,2,0.859,1.519
27,147,19,3,1.559,2.419
27,147,19,4,2.919,3.519
27,147,19,5,3.599,4.480
27,147,19,6,4.559,5.639
27,147,20,1,0.299,0.659
27,147,20,2,0.759,1.139
27,147,20,3,1.220,1.500
27,147,20,4,1.559,2.000
27,147,20,5,2.059,2.339
27,147,20,6,2.899,3.819
27,147,20,7,3.980,4.299
27,147,20,8,4.339,5.219
27,147,20,9,5.279,5.819
27,147,20,10,5.940,6.420
27,148,1,1,0.099,0.519
27,148,1,2,0.620,0.859
27,148,1,3,1.679,2.200
27,148,1,4,2.339,2.539
27,148,1,5,2.599,2.799
27,148,1,6,3.119,3.279
27,148,1,7,3.319,4.199
27,148,1,8,4.659,5.319
27,148,1,9,5.400,6.420
27,148,2,1,0.199,0.959
27,148,2,2,1.039,1.639
27,148,2,3,1.659,2.839
27,148,2,4,2.939,3.759
27,148,2,5,3.819,4.039
27,148,2,6,4.199,5.119
27,148,3,1,0.219,1.019
27,148,3,2,1.120,1.779
27,148,3,3,1.819,2.519
27,148,3,4,3.019,3.899
27,148,3,5,4.059,4.299
27,148,3,6,4.380,4.880
27,148,3,7,4.960,5.539
27,148,4,1,0.219,1.100
27,148,4,2,1.179,1.639
27,148,4,3,1.699,2.659
27,148,4,4,3.079,3.899
27,148,4,5,3.939,4.339
27,148,4,6,4.519,4.859
27,148,4,7,4.940,6.139
27,148,5,1,0.239,0.939
27,148,5,2,1.000,1.259
27,148,5,3,1.279,1.599
27,148,5,4,1.620,1.719
27,148,5,5,2.399,2.779
27,148,5,6,2.839,3.079
27,148,5,7,3.240,3.819
27,148,5,8,3.899,4.940
27,148,6,1,0.239,1.339
27,148,6,2,1.399,1.799
27,148,6,3,1.860,2.460
27,148,6,4,2.939,3.279
27,148,6,5,3.319,3.799
27,148,6,6,4.000,4.319
27,148,6,7,4.380,5.219
27,148,7,1,0.199,0.740
27,148,7,2,0.779,0.979
27,148,7,3,1.000,1.159
27,148,7,4,1.559,1.719
27,148,7,5,1.799,2.559
27,148,7,6,2.960,3.659
27,148,7,7,3.699,4.219
27,148,7,8,4.360,5.119
27,148,8,1,0.219,0.699
27,148,8,2,0.719,1.439
27,148,8,3,1.459,1.959
27,148,8,4,2.039,2.679
27,148,8,5,3.240,3.779
27,148,8,6,3.919,4.559
27,148,8,7,4.599,5.099
27,148,8,8,5.179,5.960
27,148,9,1,0.219,0.959
27,148,9,2,0.979,1.379
27,148,9,3,1.480,2.019
27,148,9,4,2.440,2.799
27,148,9,5,2.839,3.199
27,148,9,6,3.240,3.699
27,148,9,7,3.740,4.519
27,148,10,1,0.179,0.919
27,148,10,2,1.000,1.379
27,148,10,3,1.459,2.000
27,148,10,4,2.480,3.039
27,148,10,5,3.099,3.740
27,148,10,6,3.879,4.419
27,148,11,1,0.239,0.680
27,148,11,2,0.740,1.220
27,148,11,3,1.279,1.679
27,148,11,4,1.719,2.279
27,148,11,5,2.759,3.220
27,148,11,6,3.259,3.679
27,148,11,7,3.740,4.219
27,148,11,8,4.319,4.819
27,148,12,1,0.199,0.939
27,148,12,2,0.959,1.339
27,148,12,3,1.360,2.200
27,148,12,4,2.339,2.980
27,148,12,5,3.019,3.220
27,148,12,6,3.299,4.039
27,148,13,1,0.259,1.220
27,148,13,2,1.339,1.579
27,148,13,3,1.659,2.019
27,148,13,4,2.039,2.200
27,148,13,5,3.059,3.220
27,148,13,6,3.299,3.939
27,148,13,7,3.980,4.299
27,148,13,8,4.380,4.960
27,148,13,9,5.500,6.019
27,148,13,10,6.119,6.299
27,148,13,11,6.420,6.799
27,148,13,12,6.879,7.940
27,148,14,1,0.159,1.019
27,148,14,2,1.139,1.620
27,148,14,3,1.679,2.359
27,148,14,4,2.740,3.480
27,148,14,5,3.539,3.980
27,148,14,6,4.039,4.699
27,148,14,7,5.159,5.739
27,148,14,8,5.879,6.679
27,148,14,9,6.759,7.000
27,148,14,10,7.099,7.679
27,148,14,11,8.099,8.739
27,148,14,12,8.840,9.339
27,149,1,1,0.059,0.459
27,149,1,2,0.479,0.759
27,149,1,3,1.559,2.019
27,149,1,4,2.039,2.359
27,149,1,5,2.740,3.000
27,149,1,6,3.039,3.599
27,149,1,7,4.000,4.819
27,149,1,8,4.900,5.400
27,149,1,9,5.440,6.139
27,149,2,1,0.299,0.979
27,149,2,2,1.059,1.699
27,149,2,3,1.779,2.460
27,149,2,4,2.919,3.159
27,149,2,5,3.379,3.959
27,149,2,6,4.119,4.819
27,149,2,7,4.940,5.960
27,149,3,1,0.280,0.959
27,149,3,2,1.059,1.500
27,149,3,3,1.559,2.099
27,149,3,4,2.579,3.000
27,149,3,5,3.079,3.859
27,149,3,6,3.959,4.739
27,149,3,7,4.779,5.219
27,149,4,1,0.280,0.439
27,149,4,2,0.479,1.039
27,149,4,3,1.059,1.639
27,149,4,4,1.740,2.339
27,149,4,5,2.919,3.619
27,149,4,6,3.720,4.500
27,149,4,7,4.539,5.420
27,149,5,1,0.359,1.120
27,149,5,2,1.259,1.779
27,149,5,3,1.879,2.460
27,149,5,4,3.059,3.939
27,149,5,5,4.039,4.159
27,149,5,6,4.279,5.420
27,149,6,1,0.340,1.079
27,149,6,2,1.139,1.319
27,149,6,3,1.419,2.099
27,149,6,4,2.619,3.399
27,149,6,5,3.579,4.579
27,149,6,6,4.639,5.420
27,149,7,1,0.319,1.019
27,149,7,2,1.100,1.639
27,149,7,3,1.719,2.919
27,149,7,4,3.259,3.980
27,149,7,5,4.339,5.360
27,149,8,1,0.259,0.939
27,149,8,2,1.000,1.740
27,149,8,3,1.779,2.500
27,149,8,4,3.099,4.159
27,149,8,5,4.279,4.900
27,149,8,6,5.000,5.820
27,149,9,1,0.319,0.939
27,149,9,2,1.000,1.339
27,149,9,3,1.399,1.939
27,149,9,4,1.979,2.440
27,149,9,5,3.000,3.500
27,149,9,6,3.599,3.819
27,149,9,7,4.239,4.819
27,149,9,8,4.859,5.759
27,149,9,9,5.819,6.259
27,149,9,10,6.379,6.740
27,150,1,1,0.039,0.639
27,150,1,2,0.719,0.939
27,150,1,3,1.899,2.659
27,150,1,4,2.679,3.059
27,150,1,5,3.279,3.980
27,150,1,6,4.500,5.359
27,150,1,7,5.500,6.179
27,150,1,8,6.239,7.019
27,150,2,1,0.259,1.039
27,150,2,2,1.120,2.099
27,150,2,3,2.679,3.460
27,150,2,4,3.480,4.019
27,150,2,5,4.079,4.820
27,150,3,1,0.319,1.079
27,150,3,2,1.159,1.699
27,150,3,3,1.879,2.440
27,150,3,4,2.879,3.779
27,150,3,5,3.879,4.559
27,150,3,6,4.639,5.539
27,150,4,1,0.219,1.059
27,150,4,2,1.100,1.699
27,150,4,3,1.719,2.399
27,150,4,4,2.859,3.639
27,150,4,5,3.759,4.659
27,150,4,6,4.719,5.639
27,150,5,1,0.219,1.079
27,150,5,2,1.159,2.119
27,150,5,3,2.220,2.799
27,150,5,4,3.259,4.159
27,150,5,5,4.179,5.179
27,150,5,6,5.319,6.139
27,150,6,1,0.239,0.659
27,150,6,2,0.680,1.620
27,150,6,3,1.719,2.379
27,150,6,4,2.460,2.659
27,150,6,5,3.220,3.939
27,150,6,6,4.099,4.519
